Episode,Step,Balance,Num_Trades,Realized_PnL,Green_Up_PnL,Commission_Paid,Commission_Rate,No_Trade_Streak,No_Trade_Penalty,Had_Trades,Max_Drawdown,MTM_Reward,Sharpe_Reward,Depth_Violations,Volatility_Violations,Stale_Market_Violations,Suspended_Violations,Back_Trades,Lay_Trades,Back_Exposure,Lay_Exposure,Mid_Race_PnL,Stale_Penalty,Netting_Bonus,Actor_Loss,Critic_Loss,Ent_Coef,Ent_Coef_Loss,Learning_Rate
1,553,974.7015,177,-25.298523,-25.298523,0.5596895,0.05,0,0.0,True,2.5298524,-0.02272045,-0.512797580178219,137,26,129,2,56,121,520.7076,2791.482,-18.60355,-0.6450000000000005,0.0,0.0,0.0,0.0,0.0,0.0003
2,1090,981.8694,65,-18.130615,-18.130615,0.38891703,0.05,0,0.0,True,1.8130615,-0.0068091014,-0.4255994794517757,68,22,216,0,17,48,104.77673,1475.7487,-5.0758324,-1.079999999999999,0.0,-34.98257064819336,0.575850173830986,0.44967232644557953,-33.60901641845703,0.0003
3,1646,980.5466,81,-19.45343,-19.45343,0.33176717,0.05,0,0.0,True,1.945343,-0.0059932587,-0.4045279925308736,33,56,364,1,26,55,233.16045,1743.1544,-6.1762156,-1.8199999999999832,0.0,-27.454331398010254,0.39450591430068016,0.23082028701901436,-61.514400482177734,0.0003
4,2187,1174.3085,332,174.30847,174.30847,11.990713,0.05,0,0.0,True,-17.430847,-0.05296175,-0.7867190522700542,179,47,419,0,113,219,667.1704,4977.322,-44.1278,-2.0949999999999775,0.0,-23.83208656311035,0.03190703829750419,0.12059568054974079,-88.9039077758789,0.0003
5,2737,947.35004,84,-52.649963,-52.649963,0.09342145,0.05,0,0.0,True,5.2649965,-0.03692753,-0.3821015051113589,68,158,640,0,25,59,124.43409,1944.1265,-27.290663,-3.199999999999954,0.0,-22.434346675872803,0.09793449775315821,0.07996401749551296,-106.0306339263916,0.0003
6,3260,895.87933,498,-104.12067,-104.12067,4.0693164,0.05,0,0.0,True,10.412066,-0.059823312,-2.294321114533457,506,107,175,0,220,278,1851.1163,7584.4414,-93.98303,-0.8750000000000007,0.0,-22.424893379211426,0.013681567506864667,0.07996399700641632,-105.98043441772461,0.0003
7,3495,925.08466,162,-74.915344,-74.915344,0.66929334,0.05,0,0.0,True,7.491534,-0.019364618,-0.6656169033795594,34,41,0,0,74,88,1394.1172,2289.022,-8.855648,0.0,0.002771754,-22.410674571990967,0.05121752945706248,0.0799640454351902,-105.72492790222168,0.0003
8,4048,996.789,13,-3.2109985,-3.2109985,0.055474274,0.05,0,0.0,True,0.32109985,-0.0016926724,-0.15964799880981442,25,178,2222,1,0,13,0.0,1029.1497,0.0,-11.110000000000337,0.0,-22.431983947753906,0.01884937286376953,0.07996395975351334,-106.09220123291016,0.0003
9,4604,935.55695,128,-64.443054,-64.443054,0.37145337,0.05,0,0.0,True,6.4443054,-0.0139103355,-0.5746744401007894,92,92,207,1,48,80,294.6925,2322.6538,-13.238733,-1.035,0.0,-22.4223895072937,0.02749820053577423,0.07996401749551296,-105.58794784545898,0.0003
10,5164,1001.0405,26,1.0405273,1.0405273,0.40975803,0.05,0,0.0,True,-0.10405274,-0.0041225073,-0.27940386317670335,28,110,743,0,4,22,13.370846,1148.7935,-1.9402161,-3.714999999999943,0.0,-22.46637535095215,0.011087760562077165,0.07996395975351334,-106.08442878723145,0.0003
11,5686,958.6596,218,-41.340393,-41.340393,0.65007454,0.05,0,0.0,True,4.1340394,-0.021262653,-0.7307937698066233,135,156,516,1,73,145,413.04108,4200.389,-20.702118,-2.579999999999967,0.0,-22.397576332092285,0.026194090023636818,0.07996405847370625,-105.63919639587402,0.0003
12,6193,977.2717,226,-22.728271,-22.728271,2.1032796,0.05,0,0.0,True,2.2728271,-0.021286076,-0.8209855616837743,99,56,172,1,84,142,751.0409,4997.6455,-24.58213,-0.8600000000000007,0.0,-22.37576913833618,0.4475442571565509,0.07996401749551296,-105.75079345703125,0.0003
13,6711,784.6706,158,-215.3294,-215.3294,0.0,0.05,0,0.0,True,21.53294,-0.029536318,-0.4510223431140185,45,223,31,0,63,95,1128.5948,3350.3135,-13.070882,-0.15500000000000005,0.0,-22.36938238143921,0.02510868664830923,0.07996399141848087,-105.48639869689941,0.0003
14,7200,965.4486,137,-34.55139,-34.55139,0.040457934,0.05,0,0.0,True,3.4551394,-0.013434444,-0.5981519093364478,153,12,1020,0,31,106,222.94691,2492.9817,-16.309427,-5.0999999999999135,0.0,-22.419130325317383,0.025654263328760862,0.07996395975351334,-105.8094654083252,0.0003
15,7387,976.36084,171,-23.63916,-23.63916,0.22013317,0.05,0,0.0,True,2.363916,-0.011233974,-1.0129965463280681,148,0,18,1,46,125,418.65692,4520.295,-18.270918,-0.09000000000000001,0.0,-22.441007614135742,0.013473589671775699,0.0799640417098999,-105.9762077331543,0.0003
16,7812,976.4909,249,-23.509094,-23.509094,1.2657627,0.05,0,0.0,True,2.3509095,-0.022388974,-0.936689559194464,168,20,272,1,78,171,709.02814,4332.023,-27.827227,-1.359999999999993,0.0,-22.427780628204346,0.020654172636568546,0.07996398769319057,-105.93874740600586,0.0003
17,8130,705.10547,350,-294.89453,-294.89453,0.085157126,0.05,0,0.0,True,29.489452,-0.04639092,-1.1067980947860296,186,35,56,1,116,234,1020.77435,4095.5002,-55.099766,-0.28000000000000014,0.0,-22.431416511535645,0.020047893282026052,0.07996401749551296,-105.76348876953125,0.0003
18,8689,947.16583,23,-52.834167,-52.834167,0.1226146,0.05,0,0.0,True,5.2834167,-0.007898983,-0.15568669416010378,10,113,828,0,6,17,197.3468,950.2234,-0.9407595,-4.139999999999934,0.0,-22.415876865386963,0.0239848205819726,0.07996401377022266,-105.6284351348877,0.0003
19,9227,900.2923,104,-99.7077,-99.7077,0.24837533,0.05,0,0.0,True,9.97077,-0.048665103,-0.42241097345948225,75,85,815,0,28,76,314.1105,2201.1812,-45.77162,-4.074999999999935,0.0,-22.39513635635376,0.03849841747432947,0.07996395975351334,-105.633544921875,0.0003
20,9765,979.4623,166,-20.53772,-20.53772,0.5559527,0.05,0,0.0,True,2.053772,-0.013747685,-0.5254599691977823,77,28,41,1,53,113,684.289,3967.443,-20.17495,-0.2050000000000001,0.0,-22.38516616821289,0.032034577801823616,0.07996398769319057,-105.56206703186035,0.0003
21,10361,934.9231,208,-65.076904,-65.076904,0.18716696,0.05,0,0.0,True,6.5076904,-0.025571438,-0.9180945776402953,175,95,884,0,56,152,422.41403,3545.0657,-35.34519,-4.419999999999928,0.0,-22.404142379760742,0.0200300554279238,0.07996398769319057,-105.79288101196289,0.0003
22,11023,1012.91614,51,12.916138,12.916138,1.5837831,0.05,0,0.0,True,-1.2916137,-0.008861029,-0.29451329164206985,54,193,543,0,11,40,153.19229,1605.539,-4.3014703,-2.7149999999999643,0.0,-22.39941120147705,0.023826809599995613,0.07996395975351334,-105.70366477966309,0.0003
23,11539,988.9687,16,-11.031311,-11.031311,0.19731249,0.05,0,0.0,True,1.103131,-0.004466339,-0.19606052838265883,14,54,0,1,6,10,291.91727,1299.1245,-2.8079224,0.0,0.0,-22.38515853881836,0.03778063738718629,0.07996403053402901,-105.66695785522461,0.0003
24,12077,945.1858,613,-54.81421,-54.81421,1.2460797,0.05,0,0.0,True,5.481421,-0.045053236,-1.4966464632749565,514,111,385,0,144,469,998.735,13310.083,-67.48219,-1.924999999999981,0.0030697398,-22.40544080734253,0.15280719427391887,0.07996403053402901,-105.9485092163086,0.0003
25,12611,757.92224,790,-242.07776,-242.07776,2.5676627,0.05,0,0.0,True,24.207775,-0.09139,-2.1070344883948566,512,97,1048,1,292,498,2306.5498,10070.907,-137.08766,-5.2399999999999105,0.00087403174,-22.379411697387695,0.09539076313376427,0.07996400259435177,-105.91242027282715,0.0003
26,13132,986.0641,84,-13.935913,-13.935913,0.575133,0.05,0,0.0,True,1.3935913,-0.009893382,-0.5262282273918392,85,55,499,0,26,58,216.9154,2157.3179,-11.536318,-2.494999999999969,0.0,-22.355263233184814,0.03216398414224386,0.07996401749551296,-105.65303802490234,0.0003
27,13671,918.6437,126,-81.35632,-81.35632,0.23103376,0.05,0,0.0,True,8.1356325,-0.0216469,-0.5502544141924645,167,113,1129,0,35,91,183.80894,3331.6143,-18.884686,-5.644999999999902,0.0,-22.406776905059814,0.016182800754904747,0.07996400259435177,-105.77068328857422,0.0003
28,14222,760.8059,525,-239.19409,-239.19409,0.57860905,0.05,0,0.0,True,23.919409,-0.15049313,-1.4525263272204527,201,200,1357,1,208,317,913.4244,4604.7944,-155.96979,-6.784999999999878,0.0,-22.415164470672607,0.039622288662940264,0.07996407523751259,-105.74059867858887,0.0003
29,14811,953.99194,444,-46.008057,-46.008057,0.59214926,0.05,0,0.0,True,4.6008058,-0.028229855,-1.1991718408465384,167,40,197,1,177,267,736.2274,4830.9478,-33.82954,-0.9850000000000008,0.00046288865,-22.432761669158936,0.015330021735280752,0.07996397837996483,-106.09349632263184,0.0003
30,15330,626.4114,413,-373.58862,-373.58862,0.0,0.05,0,0.0,True,37.358864,-0.14825787,-0.9983768018335102,282,87,936,0,119,294,764.50665,6929.4434,-191.44313,-4.6799999999999224,0.0,-22.427340030670166,0.04325111582875252,0.07996397465467453,-106.01411628723145,0.0003
31,15834,994.2852,22,-5.7147827,-5.7147827,0.2286858,0.05,0,0.0,True,0.57147825,-0.0048680725,-0.19262053176760677,22,108,1229,1,2,20,8.604656,1033.1951,-0.7655929,-6.144999999999891,0.0,-22.42391347885132,0.014626011019572616,0.07996398769319057,-106.01220512390137,0.0003
32,16367,908.67896,334,-91.321045,-91.321045,2.5071602,0.05,0,0.0,True,9.132104,-0.027157819,-1.1605966839939352,109,95,795,0,113,221,300.77524,2446.015,-31.358692,-3.9749999999999375,0.0,-22.399837493896484,0.04683924629352987,0.07996398769319057,-106.04738998413086,0.0003
33,16899,988.9273,8,-11.072693,-11.072693,0.28434396,0.05,0,0.0,True,1.1072693,-0.0023663111,-0.13263322390154275,10,66,244,0,0,8,0.0,1099.8953,0.0,-1.219999999999996,0.0,-22.367488861083984,0.014674214646220207,0.07996399700641632,-105.96977615356445,0.0003
34,19255,1003.1687,41,3.1687012,3.1687012,0.65177214,0.05,0,0.0,True,-0.31687012,-0.0027395992,-0.2510674794018269,13,118,4030,1,8,33,91.64393,1871.3501,-2.4136055,-20.150000000000276,0.0,-22.453921794891357,0.04255269980058074,0.07996398769319057,-106.0904769897461,0.0003
35,19804,994.4028,11,-5.597229,-5.597229,0.033164814,0.05,0,0.0,True,0.5597229,-0.0009622683,-0.1752842746675014,25,49,872,1,0,11,0.0,1022.5679,0.0,-4.359999999999929,0.0,-22.41610813140869,0.015402859542518854,0.0799640417098999,-105.8724308013916,0.0003
36,20337,998.3991,21,-1.6008911,-1.6008911,0.30886012,0.05,0,0.0,True,0.1600891,-0.0027484945,-0.23079592712223523,27,89,1320,0,4,17,48.970512,986.714,-0.34336635,-6.5999999999998815,0.0,-22.377483367919922,0.026167767122387886,0.07996403239667416,-105.6694450378418,0.0003
37,20870,485.88574,820,-514.11426,-514.11426,5.0803046,0.05,0,0.0,True,51.411427,-0.15410973,-3.350525227412584,639,97,801,0,296,524,2330.8591,12049.852,-265.46463,-4.004999999999937,0.0,-22.457112312316895,0.02433957578614354,0.07996401749551296,-106.05806732177734,0.0003
38,21385,999.05084,18,-0.9491577,-0.9491577,0.66823936,0.05,0,0.0,True,0.09491577,-0.0015982991,-0.2063554078340531,18,61,16,1,2,16,100.44423,1040.2815,-1.5823687,-0.08,0.0,-22.441270351409912,0.01514479098841548,0.07996398769319057,-105.9141788482666,0.0003
39,21895,876.2758,486,-123.72418,-123.72418,3.2160015,0.05,0,0.0,True,12.372418,-0.028584419,-1.6822944051772366,222,37,58,0,175,311,1406.2612,8478.143,-33.210995,-0.29000000000000015,0.0015838662,-22.422908306121826,0.014886066084727645,0.0799640454351902,-105.7886848449707,0.0003
40,22482,1012.6581,11,12.658081,12.658081,1.0516888,0.05,0,0.0,True,-1.2658081,-0.0037066098,-0.23343559808261902,38,50,155,1,0,11,0.0,1049.0955,0.0,-0.7750000000000006,0.0,-22.38782501220703,0.04645685851573944,0.07996401749551296,-105.8056526184082,0.0003
41,23158,930.9922,326,-69.00781,-69.00781,1.0162868,0.05,0,0.0,True,6.9007816,-0.039419588,-1.1736614539474257,358,86,696,0,93,233,504.57205,4320.6157,-71.17367,-3.479999999999948,0.008285172,-22.426945209503174,0.01205497095361352,0.07996398769319057,-105.98517227172852,0.0003
42,23457,952.3467,601,-47.65332,-47.65332,3.157499,0.05,0,0.0,True,4.765332,-0.069693774,-1.2924396656453605,292,40,7,1,198,403,2407.8052,13746.442,-72.2059,-0.035,0.0024716398,-22.459266662597656,0.06580692622810602,0.07996397465467453,-106.1937255859375,0.0003
43,23971,922.4746,333,-77.52539,-77.52539,0.50438523,0.05,0,0.0,True,7.752539,-0.04317251,-0.8485798092186452,187,3,378,1,133,200,960.40753,3846.5166,-48.806896,-1.8899999999999817,0.0,-22.45100212097168,0.045998380053788424,0.07996399700641632,-106.1368179321289,0.0003
44,24517,1014.10504,17,14.1050415,14.1050415,0.85265666,0.05,0,0.0,True,-1.4105041,-0.0010122288,-0.21200337469063216,42,151,261,1,3,14,22.90711,1000.3399,0.0,-1.3049999999999942,0.0,-22.41786003112793,0.034105418715626,0.07996395975351334,-106.04113578796387,0.0003
45,25025,1015.4833,17,15.483276,15.483276,0.85161275,0.05,0,0.0,True,-1.5483276,-0.0009013447,-0.17829251743853092,13,108,276,0,1,16,2.751601,1049.3217,0.0,-1.3799999999999926,0.0,-22.424421787261963,0.05708497064188123,0.07996398769319057,-106.08641624450684,0.0003
46,25586,1002.2041,32,2.2041016,2.2041016,0.5581268,0.05,0,0.0,True,-0.22041015,-0.0033002254,-0.25065650703043363,46,69,219,0,7,25,139.43805,1425.8326,-1.5705805,-1.0949999999999986,0.0,-22.428182125091553,0.05231350101530552,0.07996398769319057,-106.0741195678711,0.0003
47,26115,884.7603,473,-115.239685,-115.239685,0.5034543,0.05,0,0.0,True,11.523969,-0.054502655,-1.6075101609768556,355,137,1051,1,156,317,1207.7155,10465.948,-83.66092,-5.25499999999991,0.0,-22.416139125823975,0.00947270286269486,0.0799640454351902,-106.02941131591797,0.0003
48,26648,1003.0964,16,3.0963745,3.0963745,0.16296864,0.05,0,0.0,True,-0.30963746,-0.002619164,-0.21647451505064966,27,50,1235,0,1,15,4.3976994,1001.7554,0.0,-6.174999999999891,0.0,-22.41610622406006,0.028495957609266043,0.07996401749551296,-105.94120788574219,0.0003
49,27156,989.5574,64,-10.442627,-10.442627,0.13393381,0.05,0,0.0,True,1.0442626,-0.006551597,-0.4075679364800453,59,7,537,0,14,50,22.129993,1170.9596,-2.8531725,-2.684999999999965,0.0,-22.390265464782715,0.08433484612032771,0.07996403239667416,-105.82896423339844,0.0003
50,27717,940.11743,471,-59.88257,-59.88257,3.6836095,0.05,0,0.0,True,5.988257,-0.05414252,-1.4594100631028422,199,33,58,1,182,289,1907.226,6894.8525,-64.17436,-0.29000000000000015,0.0,-22.402871131896973,0.17092103604227304,0.07996408641338348,-105.92505264282227,0.0003
51,28237,674.8387,211,-325.16132,-325.16132,0.0,0.05,0,0.0,True,32.516132,-0.10412887,-0.6923127246428132,121,87,2461,0,74,137,610.024,3857.755,-79.16002,-12.305000000000524,0.0,-22.418818473815918,0.028917061164975166,0.07996399141848087,-105.89297103881836,0.0003
52,28729,971.2677,24,-28.7323,-28.7323,0.72060215,0.05,0,0.0,True,2.87323,-0.004298028,-0.21346963137388233,39,44,124,0,3,21,182.13055,941.63824,-1.3137258,-0.6200000000000004,0.0,-22.419249057769775,0.01276556495577097,0.07996401749551296,-106.08932876586914,0.0003
53,29405,1001.51385,11,1.513855,1.513855,0.3129,0.05,0,0.0,True,-0.1513855,-0.0010260523,-0.14015444792807102,17,104,1018,1,0,11,0.0,1028.7307,0.0,-5.089999999999914,0.0,-22.447680473327637,0.016747954301536083,0.07996398769319057,-106.02810859680176,0.0003
54,29921,981.21655,36,-18.783447,-18.783447,0.385504,0.05,0,0.0,True,1.8783447,-0.0029127118,-0.2980385227864715,42,38,95,0,9,27,89.355675,1172.8928,-0.27628908,-0.4750000000000003,0.0,-22.412423610687256,0.014100348111242056,0.07996401749551296,-105.94440078735352,0.0003
55,30312,810.8801,1091,-189.11987,-189.11987,2.4799814,0.05,0,0.0,True,18.911987,-0.124281816,-2.892904894351961,982,122,316,1,368,723,1908.6573,13246.638,-160.83762,-1.5799999999999883,0.07052661,-22.4092435836792,0.047264511696994305,0.07996407523751259,-105.69787406921387,0.0003
56,30830,953.4964,127,-46.5036,-46.5036,0.97340584,0.05,0,0.0,True,4.65036,-0.010706568,-0.6589243404567241,27,6,68,0,57,70,942.9948,2067.7415,-11.508588,-0.3400000000000002,0.0,-22.34869146347046,0.03772373218089342,0.0799640454351902,-105.75508689880371,0.0003
57,31333,1003.7698,8,3.7697754,3.7697754,0.61208415,0.05,0,0.0,True,-0.37697753,-0.002675415,-0.13874270662674085,8,39,1,1,2,6,249.6,838.6479,0.0,-0.005,0.0,-22.422057151794434,0.20320881344377995,0.07996398769319057,-106.12040901184082,0.0003
58,31879,797.60565,182,-202.39435,-202.39435,3.1243002,0.05,0,0.0,True,20.239435,-0.18465534,-0.7626649904251095,104,139,526,0,64,118,505.28845,3738.0308,-131.8033,-2.629999999999966,0.0,-22.414056301116943,0.3091297089122236,0.07996401749551296,-105.90348243713379,0.0003
59,32394,1000.69275,76,0.692749,0.692749,0.34153694,0.05,0,0.0,True,-0.0692749,-0.005262636,-0.5382907362775347,98,159,202,0,17,59,188.03604,2365.58,-5.6202493,-1.0100000000000005,0.0,-22.412238597869873,0.027290836442261934,0.07996400259435177,-105.87450981140137,0.0003
60,32915,964.5469,24,-35.453125,-35.453125,0.12704355,0.05,0,0.0,True,3.5453126,-0.0034899327,-0.2818756315112112,24,25,0,1,7,17,316.4837,1456.3276,-2.5987236,0.0,0.0,-22.37171745300293,0.023459604242816567,0.07996400259435177,-105.70356369018555,0.0003
61,33451,910.32043,190,-89.679565,-89.679565,0.21314424,0.05,0,0.0,True,8.967957,-0.026155991,-0.636619711592793,99,172,9,1,57,133,552.0043,3919.6824,-28.859776,-0.045,0.0,-22.392995834350586,0.03800430765841156,0.07996398210525513,-105.88806343078613,0.0003
62,33951,941.5617,83,-58.438293,-58.438293,0.2788301,0.05,0,0.0,True,5.843829,-0.016675351,-0.36876417338848105,57,151,675,1,26,57,261.55338,1788.5638,-11.885119,-3.3749999999999503,0.0,-22.44716501235962,0.017176897963508964,0.07996398769319057,-106.02135467529297,0.0003
63,34486,971.7576,28,-28.24237,-28.24237,0.0012301994,0.05,0,0.0,True,2.824237,-0.009283285,-0.2386280128359795,28,118,1161,1,4,24,26.58462,1215.3673,-3.8876016,-5.8049999999998985,0.0,-22.414761066436768,0.05761876981705427,0.07996403239667416,-105.62292671203613,0.0003
64,35034,920.44354,154,-79.55646,-79.55646,2.0133164,0.05,0,0.0,True,7.9556456,-0.01772277,-0.6742245829850435,58,44,429,0,60,94,227.56393,1429.9672,-14.680177,-2.1449999999999765,0.0,-22.41604232788086,0.05884547904133797,0.07996402308344841,-105.63845443725586,0.0003
65,35780,967.1963,139,-32.80371,-32.80371,0.10923801,0.05,0,0.0,True,3.280371,-0.019090926,-0.5092410502496985,103,147,672,1,39,100,157.23756,2222.2576,-18.270706,-3.3599999999999506,0.0,-22.45266103744507,0.014518886571750045,0.0799640454351902,-105.95723342895508,0.0003
66,37765,885.5429,176,-114.45709,-114.45709,0.015669271,0.05,0,0.0,True,11.445709,-0.05445282,-0.6712948504875386,135,70,5589,0,63,113,673.87103,3680.859,-33.880653,-27.944999999998725,0.0,-22.411614418029785,0.026440163608640432,0.0799640454351902,-105.73513412475586,0.0003
67,38275,986.364,48,-13.635986,-13.635986,0.30868742,0.05,0,0.0,True,1.3635987,-0.0058861123,-0.2658542676270008,29,141,1167,1,11,37,145.70557,1556.1002,-5.3776374,-5.834999999999898,0.0,-22.425111293792725,0.020780935185030103,0.0799640454351902,-105.90387916564941,0.0003
68,38814,998.2804,13,-1.7196045,-1.7196045,0.023327671,0.05,0,0.0,True,0.17196044,-0.001772061,-0.16104289564967236,26,154,1363,0,0,13,0.0,1115.2429,0.0,-6.814999999999877,0.0,-22.359641551971436,0.42524242401123047,0.07996401749551296,-105.77986717224121,0.0003
69,39448,1015.6371,18,15.637085,15.637085,2.1855462,0.05,0,0.0,True,-1.5637085,-0.009314172,-0.1633912999927998,6,101,248,0,9,9,552.64386,498.0269,-0.057766013,-1.2399999999999956,0.0,-22.461982250213623,0.01191834663040936,0.07996397465467453,-106.05354881286621,0.0003
70,40129,1002.01544,8,2.015442,2.015442,0.3462876,0.05,0,0.0,True,-0.2015442,-0.0015440385,-0.11347371116280563,3,72,488,0,0,8,0.0,1276.6764,0.0,-2.43999999999997,0.0,-22.385645866394043,0.018218472134321928,0.07996398769319057,-106.04446601867676,0.0003
71,40659,1007.58746,100,7.5874634,7.5874634,1.325065,0.05,0,0.0,True,-0.7587464,-0.006166376,-0.43969508849084393,44,86,402,1,32,68,292.95816,1717.1213,-5.7946553,-2.0099999999999794,0.0,-22.421387195587158,0.03882242273539305,0.0799640417098999,-105.88927459716797,0.0003
72,41201,988.698,16,-11.302002,-11.302002,0.11923911,0.05,0,0.0,True,1.1302001,-0.0017842208,-0.20144605613753175,32,71,386,0,2,14,30.48479,998.8266,-0.11103006,-1.9299999999999808,0.0,-22.43857479095459,0.021408622385933995,0.07996401749551296,-106.00077247619629,0.0003
73,41733,776.77374,318,-223.22626,-223.22626,0.3105,0.05,0,0.0,True,22.322626,-0.03268227,-1.0326066046208153,118,132,33,1,118,200,2051.3005,8377.941,-24.708693,-0.16500000000000006,0.0,-22.455196857452393,0.0445232167840004,0.07996398769319057,-106.03665733337402,0.0003
74,42279,973.7152,427,-26.28479,-26.28479,2.1141405,0.05,0,0.0,True,2.628479,-0.033381823,-1.2127127312123782,268,34,741,0,160,267,579.9424,3896.7087,-39.639126,-3.7049999999999432,0.0,-22.42708158493042,0.24409076385200024,0.07996401749551296,-105.9311408996582,0.0003
75,42798,793.1139,512,-206.88611,-206.88611,0.87547934,0.05,0,0.0,True,20.688612,-0.09799391,-1.5055197979509833,254,87,805,0,168,344,1615.4926,6403.481,-109.0834,-4.024999999999936,0.0,-22.437969207763672,0.012463879073038697,0.07996398769319057,-106.05102157592773,0.0003
76,43522,898.71985,413,-101.28015,-101.28015,1.2113878,0.05,0,0.0,True,10.1280155,-0.087611645,-1.2986684969711442,257,147,1464,0,111,302,408.24658,6204.326,-124.28452,-7.319999999999866,0.0,-22.431811332702637,0.03790792264044285,0.07996395975351334,-106.21637535095215,0.0003
77,44080,940.4862,310,-59.513794,-59.513794,0.83789575,0.05,0,0.0,True,5.9513793,-0.027582735,-1.2199155221879476,148,129,1302,0,104,206,705.4295,4741.05,-32.207146,-6.509999999999883,0.0,-22.397554874420166,0.38097356259822845,0.07996401749551296,-106.1114444732666,0.0003
78,44588,999.153,12,-0.84698486,-0.84698486,0.19300255,0.05,0,0.0,True,0.08469848,-0.0007132673,-0.1630274867266417,8,45,35,1,1,11,30.944647,1099.3606,0.0,-0.17500000000000007,0.0,-22.42453622817993,0.025114569813013077,0.07996400259435177,-105.8386116027832,0.0003
79,45117,1000.9189,14,0.9188843,0.9188843,0.24552625,0.05,0,0.0,True,-0.09188843,-0.001073246,-0.20139575466513632,22,80,1482,1,0,14,0.0,1070.878,0.0,-7.409999999999864,0.0,-22.443682193756104,0.011429260484874249,0.07996398769319057,-106.00969505310059,0.0003
80,45667,986.1204,5,-13.879578,-13.879578,0.0,0.05,0,0.0,True,1.3879578,-0.0042379913,-0.11347370930016043,5,158,638,0,0,5,0.0,1070.3594,0.0,-3.189999999999954,0.0,-22.42221975326538,0.020004775607958436,0.07996401749551296,-105.8750171661377,0.0003
81,46188,833.5534,293,-166.4466,-166.4466,1.8163277,0.05,0,0.0,True,16.644659,-0.0353892,-0.9952314000576733,109,27,123,1,106,187,1400.2612,5314.1055,-38.583954,-0.6150000000000004,0.0,-22.412216663360596,0.01224333606660366,0.07996400259435177,-106.0340347290039,0.0003
82,46731,979.04675,58,-20.953247,-20.953247,0.06126405,0.05,0,0.0,True,2.0953248,-0.0066123693,-0.2843268735706806,63,197,953,1,16,42,38.48718,1799.4149,-4.98617,-4.764999999999921,0.0,-22.418091297149658,0.022636668290942907,0.07996398769319057,-106.06876373291016,0.0003
83,47247,995.4165,20,-4.583496,-4.583496,0.23406291,0.05,0,0.0,True,0.45834962,-0.0044201333,-0.30160901866853246,69,22,433,1,4,16,53.20379,1240.2341,-1.4852941,-2.164999999999976,0.0,-22.453254222869873,0.02065236447378993,0.07996398769319057,-106.14179611206055,0.0003
84,47735,805.8591,584,-194.14093,-194.14093,0.18318984,0.05,0,0.0,True,19.414093,-0.042450264,-1.8707443774245593,285,138,2,0,244,340,1733.187,6106.2065,-49.626484,-0.01,0.00919692,-22.425500869750977,0.04834721074439585,0.0799640454351902,-105.9359359741211,0.0003
85,48291,1051.9738,86,51.973755,51.973755,3.8314438,0.05,0,0.0,True,-5.197376,-0.008758954,-0.3675724644958972,15,14,9,0,33,53,745.0067,2113.4917,-7.6329494,-0.045,0.0,-22.445662021636963,0.04407319682650268,0.07996398769319057,-106.17076301574707,0.0003
86,48802,981.70264,41,-18.297363,-18.297363,0.31723163,0.05,0,0.0,True,1.8297364,-0.0034803948,-0.2989910380164317,35,6,24,0,11,30,238.43701,1902.9895,-4.81101,-0.12000000000000004,0.0,-22.394060134887695,0.02125731110572815,0.07996405102312565,-105.65786933898926,0.0003
87,49317,841.46515,734,-158.53485,-158.53485,0.70194876,0.05,0,0.0,True,15.853485,-0.06466093,-2.6689077030122306,453,113,872,1,243,491,1531.1472,11045.847,-91.39424,-4.359999999999929,0.0,-22.408618450164795,0.019194253138266504,0.07996402308344841,-105.73085594177246,0.0003
88,49882,1005.29126,512,5.29126,5.29126,13.284934,0.05,0,0.0,True,-0.529126,-0.14572892,-1.81644853227593,201,131,753,0,224,288,1901.1019,5443.9956,-166.00285,-3.764999999999942,3.493889e-05,-22.45943784713745,0.013454554369673133,0.07996398769319057,-106.17837333679199,0.0003
89,50388,952.0717,855,-47.928284,-47.928284,2.2172554,0.05,0,0.0,True,4.7928286,-0.048233718,-2.650768311172722,275,23,241,0,330,525,1045.9327,5538.397,-53.92348,-1.2049999999999963,0.0029325741,-22.4179425239563,0.010677327867597342,0.07996398769319057,-106.10080337524414,0.0003
90,50924,991.86237,181,-8.137634,-8.137634,1.9235733,0.05,0,0.0,True,0.8137634,-0.015165088,-0.7499020437896258,249,70,102,0,44,137,158.85983,2785.9211,-19.9334,-0.5100000000000003,0.0,-22.397769927978516,0.029402358690276742,0.07996400818228722,-106.04178428649902,0.0003
91,51466,890.56445,541,-109.43555,-109.43555,1.7397685,0.05,0,0.0,True,10.943554,-0.068417475,-1.735974976813244,297,25,410,0,228,313,1206.9409,4760.142,-71.77149,-2.0499999999999785,0.00037451784,-22.461953163146973,0.01846383069641888,0.07996398769319057,-106.18683242797852,0.0003
92,52006,984.6548,14,-15.345215,-15.345215,0.09986159,0.05,0,0.0,True,1.5345215,-0.0030639009,-0.1895247954251531,40,75,684,0,0,14,0.0,1012.10986,0.0,-3.4199999999999493,0.0,-22.397150993347168,0.11971231084316969,0.0799640454351902,-105.94821548461914,0.0003
93,52589,655.7456,380,-344.2544,-344.2544,0.0,0.05,0,0.0,True,34.42544,-0.13274074,-1.006819409653545,286,110,746,0,118,262,811.70636,7055.2334,-169.79807,-3.7299999999999427,0.0,-22.398369312286377,0.02435558312572539,0.07996398769319057,-106.05545234680176,0.0003
94,53499,833.97485,482,-166.02515,-166.02515,0.32881874,0.05,0,0.0,True,16.602514,-0.067792416,-1.7949768630415186,541,113,2490,0,151,331,914.88007,8954.508,-83.22731,-12.450000000000546,0.0,-22.419567584991455,0.044770526234060526,0.07996401749551296,-105.97917175292969,0.0003
95,54067,982.40796,24,-17.592041,-17.592041,0.16453949,0.05,0,0.0,True,1.759204,-0.0016562548,-0.2686044234162628,36,96,111,1,3,21,49.090145,1062.171,-0.5253085,-0.5550000000000004,0.0,-22.448374271392822,0.018083742819726467,0.07996398769319057,-106.11685180664062,0.0003
96,54576,859.9554,100,-140.04462,-140.04462,0.1229354,0.05,0,0.0,True,14.004461,-0.020797167,-0.40872255444526645,38,40,103,0,46,54,927.1779,2098.1438,-14.129182,-0.5150000000000003,0.0,-22.415616035461426,0.014478292781859636,0.07996401749551296,-105.95152854919434,0.0003
97,55114,885.9822,828,-114.01782,-114.01782,0.60523474,0.05,0,0.0,True,11.401782,-0.054510023,-2.480451454049418,332,16,405,1,348,480,2074.6768,7611.407,-84.781845,-2.024999999999979,0.0,-22.452543258666992,0.037455311976373196,0.07996398769319057,-106.19029235839844,0.0003
98,55721,1002.5962,14,2.5961914,2.5961914,0.24200135,0.05,0,0.0,True,-0.25961915,-0.0010023183,-0.16334564432501794,24,79,122,1,1,13,10.4132,1046.1674,0.0,-0.6100000000000004,0.0,-22.46122980117798,0.013677916256710887,0.07996401749551296,-105.98251152038574,0.0003
99,56322,980.5076,12,-19.49237,-19.49237,0.3330135,0.05,0,0.0,True,1.9492371,-0.001760996,-0.15758538872003552,14,91,1150,1,0,12,0.0,1123.3884,0.0,-5.7499999999999,0.0,-22.448694229125977,0.011015705997124314,0.07996401377022266,-106.22535705566406,0.0003
100,56851,984.79816,19,-15.201843,-15.201843,0.32089603,0.05,0,0.0,True,1.5201843,-0.017374841,-0.21445440307984898,32,81,1182,0,4,15,76.74202,1336.5574,-10.629928,-5.909999999999896,0.0,-22.429951667785645,0.017826657742261887,0.07996400259435177,-105.85708427429199,0.0003
101,57384,924.8899,346,-75.11011,-75.11011,1.7121116,0.05,0,0.0,True,7.5110106,-0.04819947,-0.9927580511683537,240,126,555,0,90,256,443.9321,4601.728,-71.240105,-2.774999999999963,0.0,-22.413983821868896,0.01691149966791272,0.0799640454351902,-105.97515487670898,0.0003
102,57911,857.57166,592,-142.42834,-142.42834,0.74582297,0.05,0,0.0,True,14.242834,-0.05487771,-1.8115224780887362,323,70,439,0,206,386,1338.9398,6917.972,-76.18314,-2.1949999999999754,0.0065356935,-22.454577922821045,0.011745861265808344,0.07996402680873871,-105.96404266357422,0.0003
103,58472,998.01154,35,-1.9884644,-1.9884644,0.6097904,0.05,0,0.0,True,0.19884643,-0.005989902,-0.2803868000209333,14,34,59,1,8,27,242.75092,1377.2241,-5.6061153,-0.29500000000000015,0.0,-22.42267084121704,0.024112750310450792,0.07996401749551296,-106.04856872558594,0.0003
104,58709,910.46606,288,-89.533936,-89.533936,1.0367137,0.05,0,0.0,True,8.953393,-0.03869339,-0.8269821041822435,112,24,165,1,106,182,1429.8433,6345.476,-30.377192,-0.8250000000000006,0.0,-22.385318279266357,0.02941697440110147,0.07996403239667416,-105.68704986572266,0.0003
105,59212,997.17725,9,-2.822754,-2.822754,0.026450176,0.05,0,0.0,True,0.2822754,-0.000665941,-0.15520928531885142,11,83,948,1,0,9,0.0,1009.0809,0.0,-4.739999999999921,0.0,-22.39627170562744,0.5229229438118637,0.07996401749551296,-106.08553886413574,0.0003
106,59759,867.049,249,-132.95099,-132.95099,0.5739888,0.05,0,0.0,True,13.295099,-0.015834942,-1.032253904864192,87,30,11,0,94,155,1371.044,5084.9795,-16.348873,-0.05499999999999999,0.0,-22.435783863067627,0.04743698635138571,0.07996398769319057,-106.0612621307373,0.0003
107,60301,899.3453,565,-100.654724,-100.654724,4.9066215,0.05,0,0.0,True,10.065472,-0.076249324,-1.3533996992558228,393,170,86,1,189,376,1358.2568,7546.4097,-71.14586,-0.43000000000000027,0.0015193619,-22.441577434539795,0.018856952665373683,0.07996398769319057,-105.9743537902832,0.0003
108,60850,597.34656,691,-402.65344,-402.65344,0.84279084,0.05,0,0.0,True,40.265347,-0.04440429,-2.0556246972829113,318,114,257,0,268,423,853.23126,4437.9175,-55.01663,-1.2849999999999946,0.00029906645,-22.364348888397217,0.052934588165953755,0.07996401749551296,-105.89449119567871,0.0003
109,61368,999.644,11,-0.35601807,-0.35601807,0.41011956,0.05,0,0.0,True,0.03560181,-0.003699352,-0.16222088107390864,52,21,72,1,1,10,38.923794,972.05396,0.0,-0.3600000000000002,0.0,-22.377593517303467,0.031880955677479506,0.07996400259435177,-105.90595054626465,0.0003
110,61919,1072.6947,600,72.6947,72.6947,8.586493,0.05,0,0.0,True,-7.26947,-0.07749965,-1.7052957117207401,523,106,1165,0,194,406,470.9135,11828.753,-90.448364,-5.824999999999898,0.0,-22.413073539733887,0.4489137241616845,0.07996399700641632,-105.87023162841797,0.0003
111,62469,831.5284,587,-168.47162,-168.47162,0.28555,0.05,0,0.0,True,16.847162,-0.07191074,-1.8347988293584672,341,83,488,0,185,402,1609.9381,10967.402,-87.411766,-2.43999999999997,0.0,-22.45003366470337,0.01870798016898334,0.07996401377022266,-106.13376808166504,0.0003
112,62996,981.18176,20,-18.818237,-18.818237,0.037618265,0.05,0,0.0,True,1.8818237,-0.0025445512,-0.21093915991485118,45,154,712,1,2,18,18.727425,1145.5148,-0.29354,-3.5599999999999463,0.0,-22.433003425598145,0.028444124851375818,0.0799640454351902,-105.7674388885498,0.0003
113,63177,989.9358,36,-10.064209,-10.064209,0.25021052,0.05,0,0.0,True,1.0064209,-0.0027323628,-0.30493461451104703,72,111,48,0,3,33,22.198862,1087.9059,-1.0684665,-0.24000000000000013,0.0,-22.442834854125977,0.04413863644003868,0.07996398769319057,-106.19874954223633,0.0003
114,63699,943.15546,150,-56.844543,-56.844543,0.40684628,0.05,0,0.0,True,5.6844544,-0.015765613,-0.744401916563511,89,13,407,1,58,92,439.88394,2193.297,-13.366549,-2.034999999999979,0.0,-22.388990879058838,0.03989152843132615,0.07996399141848087,-105.62890815734863,0.0003
115,64300,950.00806,131,-49.991943,-49.991943,0.44987372,0.05,0,0.0,True,4.999194,-0.014999792,-0.6476070515066382,56,27,60,1,39,92,524.0848,3287.013,-21.59541,-0.30000000000000016,0.0,-22.442171573638916,0.01823182636871934,0.07996401749551296,-106.04364776611328,0.0003
116,64942,1007.08655,118,7.086548,7.086548,1.9764802,0.05,0,0.0,True,-0.7086548,-0.010605824,-0.543679209128022,97,58,667,0,36,82,196.56625,2844.7734,-12.645289,-3.334999999999951,0.0,-22.396485328674316,0.029169298009946942,0.07996398769319057,-106.1705322265625,0.0003
117,65527,967.07764,92,-32.922363,-32.922363,0.5171289,0.05,0,0.0,True,3.2922366,-0.012760403,-0.5193261475861074,77,93,116,0,21,71,239.95448,2186.543,-15.345455,-0.5800000000000004,0.0,-22.42582368850708,0.02092300308868289,0.07996400818228722,-105.98725891113281,0.0003
118,66055,989.52057,269,-10.479431,-10.479431,1.8441266,0.05,0,0.0,True,1.0479431,-0.023686346,-1.1129723547757375,252,73,632,0,68,201,218.36368,3921.9175,-33.484825,-3.159999999999955,0.0,-22.390867233276367,0.061355323530733585,0.07996401749551296,-105.84778022766113,0.0003
119,66702,999.6594,180,-0.34057617,-0.34057617,3.0748353,0.05,0,0.0,True,0.034057617,-0.02101952,-0.37830551772408916,36,38,37,1,83,97,986.36365,2723.782,-12.139599,-0.18500000000000008,0.0,-22.423278331756592,0.0670332363806665,0.07996402680873871,-105.92793846130371,0.0003
120,67032,986.6452,14,-13.354797,-13.354797,0.29622215,0.05,0,0.0,True,1.3354797,-0.0030338375,-0.19873034313321122,13,21,0,0,3,11,107.0036,1013.1371,-0.52280986,0.0,0.0,-22.39830780029297,0.027296825312078,0.07996401749551296,-105.94509696960449,0.0003
121,67556,1005.50903,36,5.509033,5.509033,0.94019634,0.05,0,0.0,True,-0.5509033,-0.005352684,-0.2640639818739549,40,35,237,1,10,26,189.72404,1452.5032,-3.9080863,-1.1849999999999967,0.0,-22.426971435546875,0.017161884112283587,0.07996401749551296,-105.93930435180664,0.0003
122,68128,1016.5584,137,16.55841,16.55841,2.0432684,0.05,0,0.0,True,-1.6558411,-0.01203757,-0.46205578811466674,48,80,220,1,40,97,785.6822,3166.3103,-9.015552,-1.0999999999999985,0.0,-22.444414615631104,0.03018626617267728,0.07996395975351334,-105.95841407775879,0.0003
123,68684,934.03625,367,-65.963745,-65.963745,2.402022,0.05,0,0.0,True,6.5963745,-0.04874311,-0.9095653323119863,159,69,268,0,123,244,1142.5164,6601.468,-40.155678,-1.3399999999999934,0.0,-22.36567735671997,0.02059569815173745,0.0799640417098999,-105.88179016113281,0.0003
124,69206,986.8652,18,-13.134827,-13.134827,0.16061883,0.05,0,0.0,True,1.3134826,-0.0024400891,-0.18674792811274535,12,128,24,1,5,13,109.15133,1059.8344,-0.47383547,-0.12000000000000004,0.0,-22.43555498123169,0.07869739644229412,0.07996398769319057,-106.21477317810059,0.0003
125,69792,995.5778,11,-4.42218,-4.42218,0.08964695,0.05,0,0.0,True,0.44221804,-0.00069623126,-0.19843870781362055,21,77,379,1,0,11,0.0,1036.8308,0.0,-1.8949999999999816,0.0,-22.411471843719482,0.02455598209053278,0.07996398769319057,-106.06818580627441,0.0003
126,70391,995.7575,9,-4.2424927,-4.2424927,0.37980002,0.05,0,0.0,True,0.4242493,-0.0019007552,-0.19579870782792566,21,126,639,1,0,9,0.0,1045.0533,0.0,-3.194999999999954,0.0,-22.415506839752197,0.017581667052581906,0.07996398769319057,-106.0157699584961,0.0003
127,70907,1002.31195,168,2.3119507,2.3119507,4.1452284,0.05,0,0.0,True,-0.23119508,-0.019858332,-0.8089144829327684,124,11,222,0,61,107,558.88586,3097.7932,-27.315657,-1.1099999999999983,0.0,-22.40312099456787,0.01783839287236333,0.07996398769319057,-105.97397422790527,0.0003
128,71551,977.448,21,-22.552002,-22.552002,1.0967139,0.05,0,0.0,True,2.2552001,-0.002605388,-0.20194603502750397,11,70,213,1,9,12,279.27698,1124.9818,-1.5603185,-1.0649999999999993,0.0,-22.421757221221924,0.01808012300170958,0.07996398769319057,-106.01949691772461,0.0003
129,72068,957.05975,20,-42.940247,-42.940247,0.03486515,0.05,0,0.0,True,4.294025,-0.0040767975,-0.20751502211941192,65,170,1073,0,3,17,126.33255,1071.7427,0.0,-5.364999999999908,0.0,-22.378614902496338,0.020110944751650095,0.0799640454351902,-105.93914031982422,0.0003
130,72617,543.99744,406,-456.00256,-456.00256,0.16490157,0.05,0,0.0,True,45.600258,-0.15517554,-1.4818389677601929,117,55,369,0,158,248,1244.3356,2940.7212,-196.52486,-1.8449999999999827,0.008760932,-22.408845901489258,0.24776813527569175,0.07996400259435177,-105.97720336914062,0.0003
131,72938,1016.2853,13,16.285278,16.285278,0.8708453,0.05,0,0.0,True,-1.6285278,-0.0011431252,-0.1566840644180775,26,73,144,1,2,11,163.42444,870.0632,0.0,-0.7200000000000005,0.0,-22.45223093032837,0.04830568586476147,0.07996401749551296,-106.10619354248047,0.0003
132,73486,961.503,22,-38.49701,-38.49701,0.18465145,0.05,0,0.0,True,3.849701,-0.004510836,-0.1989801508933306,13,49,285,1,6,16,187.92621,1203.1664,-3.489965,-1.4249999999999916,0.0,-22.44500207901001,0.08818166609853506,0.07996402680873871,-105.9189453125,0.0003
133,74024,880.6158,154,-119.38422,-119.38422,0.9138445,0.05,0,0.0,True,11.938421,-0.08108987,-0.420983518064022,93,102,3065,1,43,111,411.3348,4264.613,-57.191147,-15.325000000000996,0.0,-22.411924362182617,0.0874000578187406,0.07996401749551296,-105.69456100463867,0.0003
134,74550,1213.0905,44,213.09045,213.09045,12.106823,0.05,0,0.0,True,-21.309046,-0.024512332,-0.2943560425937176,44,202,966,0,7,37,58.361317,1855.1383,-13.973728,-4.829999999999919,0.0,-22.37804365158081,0.014771581860259175,0.07996405847370625,-105.64534759521484,0.0003
135,75108,968.3698,24,-31.630188,-31.630188,0.33510894,0.05,0,0.0,True,3.1630187,-0.004001195,-0.2528227294236422,21,132,1291,0,8,16,198.25522,1041.6841,-2.7089334,-6.454999999999885,0.0,-22.431124687194824,0.018702535657212138,0.07996398769319057,-106.0466251373291,0.0003
136,75766,968.40326,109,-31.59674,-31.59674,1.7271595,0.05,0,0.0,True,3.1596742,-0.01883842,-0.631003735214472,104,17,150,1,39,70,590.4493,1957.998,-15.51712,-0.7500000000000006,0.0,-22.41498327255249,0.018040010589174926,0.07996401749551296,-105.96443176269531,0.0003
137,76306,949.7021,134,-50.297913,-50.297913,0.47578406,0.05,0,0.0,True,5.0297914,-0.0161972,-0.5970144187659026,81,50,302,0,34,100,671.23126,4957.599,-18.892248,-1.5099999999999898,0.0,-22.4358172416687,0.009994434542022645,0.07996395975351334,-106.07594108581543,0.0003
138,77038,808.7673,153,-191.23273,-191.23273,0.119705416,0.05,0,0.0,True,19.123272,-0.044037394,-0.5846779849893935,139,75,1314,1,62,91,637.52246,2326.0952,-25.955173,-6.569999999999882,0.0,-22.404399871826172,0.03478778223507106,0.07996398769319057,-105.80061149597168,0.0003
139,77554,973.87585,98,-26.124146,-26.124146,0.7412422,0.05,0,0.0,True,2.6124146,-0.005158458,-0.5888000182062388,41,47,0,0,32,66,385.41895,2458.3948,-7.7926598,0.0,0.0,-22.465338706970215,0.05019808514043689,0.07996398769319057,-105.88080978393555,0.0003
140,78132,989.0939,15,-10.906128,-10.906128,0.1858006,0.05,0,0.0,True,1.0906128,-0.0017326461,-0.14631945639992142,13,107,489,0,1,14,28.536589,1229.914,0.0,-2.44499999999997,0.0,-22.401411533355713,0.12890246091410518,0.07996401749551296,-105.79777908325195,0.0003
141,78677,998.3361,12,-1.6638794,-1.6638794,0.025493143,0.05,0,0.0,True,0.16638793,-0.0011939995,-0.2031503415146174,24,80,960,0,0,12,0.0,1002.293,0.0,-4.79999999999992,0.0,-22.392165184020996,0.018654318526387215,0.07996395975351334,-105.99497413635254,0.0003
142,80673,996.4105,148,-3.5894775,-3.5894775,2.0369556,0.05,0,0.0,True,0.35894775,-0.025917638,-0.493260158431685,132,136,16356,1,42,106,263.39597,3091.5535,-21.767967,-81.77999999999811,0.0,-22.458850860595703,0.018404840026050806,0.07996400259435177,-106.06177139282227,0.0003
143,81183,936.2143,168,-63.785706,-63.785706,1.3239323,0.05,0,0.0,True,6.37857,-0.016991595,-0.5332078047096729,59,20,104,0,55,113,790.2461,2651.3464,-14.925358,-0.5200000000000004,0.0,-22.45326805114746,0.051260831067338586,0.07996398210525513,-106.02822685241699,0.0003
144,81709,955.75134,208,-44.248657,-44.248657,2.5043564,0.05,0,0.0,True,4.4248657,-0.027925137,-0.8985474983212345,84,63,0,0,97,111,1176.5532,2796.9912,-23.46987,0.0,0.0,-22.423027992248535,0.02034922083839774,0.07996398769319057,-106.02254486083984,0.0003
145,82318,910.9114,545,-89.08862,-89.08862,2.234936,0.05,0,0.0,True,8.908863,-0.07650631,-2.1758814691752204,289,50,1185,0,207,338,1451.4485,5119.876,-108.60623,-5.924999999999896,0.0,-22.454803466796875,0.13936000666581094,0.07996398769319057,-106.11600494384766,0.0003
146,82906,819.27594,783,-180.72406,-180.72406,1.4425795,0.05,0,0.0,True,18.072405,-0.10601315,-2.513333866361364,465,68,1539,1,237,546,1119.0779,8016.4434,-124.86441,-7.694999999999858,0.0007805363,-22.430720329284668,0.014810123015195131,0.07996401749551296,-106.03298950195312,0.0003
147,83431,993.2688,103,-6.731201,-6.731201,1.6572754,0.05,0,0.0,True,0.6731201,-0.0073776226,-0.3989677914977074,33,47,274,0,28,75,235.35925,2359.3984,-7.748895,-1.3699999999999928,0.0,-22.414605617523193,0.05884967464953661,0.07996400818228722,-106.0363826751709,0.0003
148,83918,926.0023,213,-73.99768,-73.99768,0.71374106,0.05,0,0.0,True,7.3997684,-0.013128601,-0.7937550032138823,64,90,25,1,79,134,1007.01526,2742.3403,-9.905937,-0.12500000000000003,0.0003238792,-22.45620822906494,0.012268183520063758,0.07996399141848087,-106.06898880004883,0.0003
149,84460,613.1104,704,-386.8896,-386.8896,0.00075437693,0.05,0,0.0,True,38.688957,-0.1622671,-1.4538656906038518,302,91,1232,0,270,434,1541.1959,5525.143,-131.22992,-6.159999999999891,2.8557737e-05,-22.42027521133423,0.021724898368120193,0.07996401749551296,-106.01004219055176,0.0003
150,84984,1003.4354,8,3.4354248,3.4354248,0.18081197,0.05,0,0.0,True,-0.3435425,-0.00091543456,-0.156430308893323,13,65,28,0,0,8,0.0,1240.6866,0.0,-0.14000000000000004,0.0,-22.463019371032715,0.06833567679859698,0.07996398210525513,-106.17892265319824,0.0003
151,85504,983.198,57,-16.802002,-16.802002,0.111013204,0.05,0,0.0,True,1.6802002,-0.0056813173,-0.4183558559417726,54,43,266,0,9,48,107.85377,1470.7357,-5.771378,-1.3299999999999936,0.0,-22.413796424865723,0.03590156231075525,0.07996398769319057,-106.07965469360352,0.0003
152,86019,998.1381,18,-1.8618774,-1.8618774,0.060369615,0.05,0,0.0,True,0.18618774,-0.0018715358,-0.1773570911586285,29,81,2459,1,3,15,7.6101866,1021.75555,-0.04803158,-12.295000000000522,0.0,-22.411274433135986,0.23827667674049735,0.07996403053402901,-106.09615135192871,0.0003
153,86568,895.5062,378,-104.493774,-104.493774,1.8038552,0.05,0,0.0,True,10.449377,-0.04238428,-1.731250953152775,247,68,325,1,132,246,1741.0282,6062.828,-61.34888,-1.6249999999999873,0.0034236033,-22.424352169036865,0.07572340499609709,0.07996399141848087,-106.01036834716797,0.0003
154,87116,954.71564,86,-45.284363,-45.284363,0.046044152,0.05,0,0.0,True,4.5284367,-0.008843375,-0.2990957755225693,72,157,1208,0,26,60,258.4969,2707.0803,-7.668233,-6.0399999999998935,0.0,-22.43390989303589,0.03615603316575289,0.07996399141848087,-105.87413024902344,0.0003
155,87654,995.86914,139,-4.1308594,-4.1308594,1.0171539,0.05,0,0.0,True,0.41308594,-0.015380451,-0.5045683316886428,171,40,541,1,37,102,432.07718,3790.6807,-17.791603,-2.7049999999999645,0.0,-22.42797565460205,0.0252462406642735,0.07996399141848087,-105.96184539794922,0.0003
156,88103,991.08344,20,-8.916565,-8.916565,0.19418995,0.05,0,0.0,True,0.8916565,-0.001463192,-0.24025922289202348,25,66,127,1,2,18,12.536011,1108.76,-0.3168423,-0.6350000000000005,0.0,-22.41313409805298,0.021278264466673136,0.07996401749551296,-106.04425621032715,0.0003
157,88629,977.45825,41,-22.541748,-22.541748,0.16236879,0.05,0,0.0,True,2.254175,-0.007873462,-0.27211219176650053,38,101,1043,1,10,31,45.08608,1354.4594,-4.1136007,-5.214999999999911,0.0,-22.436556339263916,0.015250216471031308,0.07996400259435177,-105.85491180419922,0.0003
158,89258,849.3031,355,-150.6969,-150.6969,4.759096,0.05,0,0.0,True,15.069691,-0.16023715,-1.0192962576448916,83,99,1846,1,156,199,1030.2677,3027.9436,-127.887856,-9.230000000000043,0.0,-22.41625213623047,0.015177262714132667,0.0799640454351902,-105.89304733276367,0.0003
159,89737,937.34064,101,-62.659363,-62.659363,0.79221594,0.05,0,0.0,True,6.265936,-0.01242055,-0.39329633943736547,49,35,296,1,36,65,575.00903,1479.6449,-8.724295,-1.4799999999999904,0.0,-22.37390422821045,0.43916427344083786,0.07996403239667416,-105.78097724914551,0.0003
160,90247,886.02527,425,-113.97473,-113.97473,1.2543908,0.05,0,0.0,True,11.397473,-0.096678816,-1.44588925614953,318,68,456,1,140,285,1397.0773,6304.7153,-120.810165,-2.2799999999999736,0.0,-22.424335956573486,0.01486524217762053,0.07996401377022266,-106.29218864440918,0.0003
161,90778,1029.0387,617,29.038696,29.038696,7.329679,0.05,0,0.0,True,-2.9038696,-0.06620857,-1.9112772367894653,487,160,1208,1,179,438,772.3224,7300.6343,-93.16069,-6.0399999999998935,5.294294e-05,-22.43881368637085,0.025473560905084014,0.07996398769319057,-106.12029266357422,0.0003
162,91289,870.2715,279,-129.72852,-129.72852,0.39606398,0.05,0,0.0,True,12.972851,-0.026137758,-0.7761349772661925,120,46,180,1,121,158,1040.8237,3522.5083,-16.36535,-0.9000000000000007,0.0,-22.407660484313965,0.07206638832576573,0.07996401749551296,-106.04727554321289,0.0003
163,91815,998.58636,12,-1.4136353,-1.4136353,0.44182497,0.05,0,0.0,True,0.14136352,-0.0024618292,-0.23141646027565005,30,37,984,0,1,11,47.433666,975.23364,0.0,-4.919999999999917,0.0,-22.431074619293213,0.039150746539235115,0.0799640417098999,-105.71488761901855,0.0003
164,92348,1000.19995,28,0.19995117,0.19995117,0.0976257,0.05,0,0.0,True,-0.019995118,-0.006766135,-0.25864312753081314,26,49,1231,0,5,23,44.429234,1097.9476,-1.6549166,-6.154999999999891,0.0,-22.43125629425049,0.020127505529671907,0.07996395975351334,-106.06110954284668,0.0003
165,92906,984.4401,36,-15.5598755,-15.5598755,0.42491066,0.05,0,0.0,True,1.5559876,-0.005176544,-0.24964516758918764,14,98,0,1,12,24,303.48376,1149.4307,-1.0431356,0.0,0.0,-22.450194358825684,0.38679087930358946,0.07996400259435177,-106.10169792175293,0.0003
166,93690,997.81714,45,-2.1828613,-2.1828613,0.4077961,0.05,0,0.0,True,0.21828613,-0.005793529,-0.24474487639963632,25,95,1523,0,7,38,50.56408,1603.3107,-4.671686,-7.61499999999986,0.0,-22.457666397094727,0.4648621426895261,0.07996398769319057,-106.19033813476562,0.0003
167,94193,807.9686,306,-192.03137,-192.03137,2.5154173,0.05,0,0.0,True,19.203136,-0.021749422,-0.8973665614426134,103,49,76,0,107,199,1578.8588,6012.9043,-21.527319,-0.3800000000000002,0.0,-22.36806058883667,0.03873918391764164,0.07996401377022266,-106.01216506958008,0.0003
168,94780,981.02606,26,-18.973938,-18.973938,0.47007787,0.05,0,0.0,True,1.8973937,-0.004394266,-0.24126158900949246,44,49,154,1,6,20,31.883356,1137.218,-1.5657991,-0.7700000000000006,0.0,-22.439712047576904,0.012152023380622268,0.07996397465467453,-106.11249542236328,0.0003
169,95332,536.7616,792,-463.2384,-463.2384,0.67567086,0.05,0,0.0,True,46.32384,-0.13208285,-2.377864327955697,628,60,298,0,258,534,1244.5007,8734.984,-253.0418,-1.4899999999999902,0.0,-22.41848659515381,0.07930409861728549,0.07996401749551296,-105.77224349975586,0.0003
170,95428,998.9545,8,-1.0454712,-1.0454712,0.2941752,0.05,0,0.0,True,0.10454712,-0.0025617273,-0.10942255556583409,5,41,0,1,1,7,151.4694,1593.4967,0.0,0.0,0.0,-22.428271293640137,0.08021355234086514,0.07996401377022266,-106.14676284790039,0.0003
171,95943,1002.554,18,2.554016,2.554016,0.60057855,0.05,0,0.0,True,-0.2554016,-0.00318866,-0.25148178276867805,65,45,1238,1,0,18,0.0,1019.5357,0.0,-6.18999999999989,0.0,-22.438897132873535,0.031984118511900306,0.07996395975351334,-106.06167221069336,0.0003
172,96465,995.0931,10,-4.9069214,-4.9069214,0.04095042,0.05,0,0.0,True,0.4906921,-0.0064315153,-0.1525630465894938,14,287,342,1,1,9,4.4321747,1032.0789,0.0,-1.7099999999999855,0.0,-22.417207717895508,0.03588340571150184,0.07996401749551296,-105.86820602416992,0.0003
173,97148,737.62823,696,-262.37177,-262.37177,2.02325,0.05,0,0.0,True,26.237179,-0.0821581,-1.5832899595052015,469,127,419,0,196,500,1202.5198,9723.677,-75.015274,-2.0949999999999775,0.015035954,-22.415719032287598,0.05371408769860864,0.0799640454351902,-105.92113494873047,0.0003
174,97694,803.46423,562,-196.53577,-196.53577,5.686109,0.05,0,0.0,True,19.653576,-0.14850941,-1.8241387595981362,260,188,1525,0,223,339,809.44257,7931.161,-144.24973,-7.62499999999986,7.1825098e-06,-22.45546245574951,0.0352851040661335,0.07996397465467453,-106.1543025970459,0.0003
175,98415,1118.4462,291,118.44617,118.44617,8.170668,0.05,0,0.0,True,-11.844616,-0.035695758,-1.132595793753862,94,85,143,1,118,173,1529.2859,4313.348,-21.733849,-0.7150000000000005,0.0,-22.418160915374756,0.03406701469793916,0.07996405102312565,-105.78063774108887,0.0003
176,98936,902.4508,278,-97.549194,-97.549194,2.4331434,0.05,0,0.0,True,9.754919,-0.03162154,-1.0618200465291736,165,26,122,1,100,178,1253.3275,5488.157,-39.3469,-0.6100000000000004,0.0,-22.42558526992798,0.0336668468080461,0.07996398769319057,-106.01652526855469,0.0003
177,99450,968.5411,386,-31.458923,-31.458923,1.996537,0.05,0,0.0,True,3.1458921,-0.036994975,-1.3340674228966236,305,116,1046,1,108,278,420.24725,4295.7656,-57.79432,-5.229999999999911,0.0,-22.44205379486084,0.017155161127448082,0.07996398769319057,-106.14212226867676,0.0003
178,99961,988.70874,32,-11.29126,-11.29126,0.8682484,0.05,0,0.0,True,1.129126,-0.005854959,-0.2942958620935679,31,17,40,1,11,21,286.03806,1110.2894,-2.4707873,-0.2000000000000001,0.0,-22.45754909515381,0.0503473412245512,0.07996395975351334,-106.10480690002441,0.0003
179,100540,1049.3853,357,49.385254,49.385254,4.9995203,0.05,0,0.0,True,-4.938525,-0.030131409,-0.955522433593869,141,67,156,1,133,224,1233.7501,5708.9673,-28.433048,-0.7800000000000006,0.0,-22.40456199645996,0.04151798598468304,0.07996398769319057,-106.07376670837402,0.0003
180,101100,961.34656,52,-38.653442,-38.653442,0.5314114,0.05,0,0.0,True,3.865344,-0.007902825,-0.3554202781185661,56,87,1735,0,11,41,103.54423,1559.7322,-6.4037523,-8.674999999999956,0.0,-22.41077470779419,0.025190852116793394,0.07996401749551296,-105.9058952331543,0.0003
181,101605,1024.2029,18,24.20288,24.20288,1.365218,0.05,0,0.0,True,-2.420288,-0.0020350404,-0.2986708289384843,82,37,943,0,0,18,0.0,1010.84045,0.0,-4.714999999999922,0.0,-22.37022304534912,0.19316411204636097,0.07996402308344841,-105.89925193786621,0.0003
182,102196,968.29266,101,-31.707336,-31.707336,0.41844755,0.05,0,0.0,True,3.1707335,-0.021964176,-0.44123229950666437,70,144,1100,1,28,73,284.76633,1794.5894,-15.180052,-5.499999999999905,0.0,-22.441474437713623,0.030489404685795307,0.07996401749551296,-105.97307777404785,0.0003
183,102708,699.4789,338,-300.52112,-300.52112,0.0,0.05,0,0.0,True,30.05211,-0.03653409,-1.2495073299854984,174,11,112,0,134,204,1317.9576,2473.0867,-44.38793,-0.5600000000000004,0.0,-22.458823204040527,0.01610559970140457,0.07996398769319057,-106.19670486450195,0.0003
184,103248,972.63995,138,-27.360046,-27.360046,1.1546446,0.05,0,0.0,True,2.7360046,-0.017858911,-0.7451612102281623,121,66,1365,1,46,92,333.31454,1734.4606,-19.603611,-6.824999999999877,0.0,-22.431950092315674,0.02279701572842896,0.07996400259435177,-106.13223266601562,0.0003
185,103803,804.81995,228,-195.18005,-195.18005,0.57046694,0.05,0,0.0,True,19.518005,-0.07192263,-0.9142557271290883,259,87,1235,0,65,163,391.69162,5029.615,-98.14358,-6.174999999999891,0.0,-22.410905361175537,0.02243503206409514,0.07996403239667416,-105.58379554748535,0.0003
186,104294,978.52496,20,-21.475037,-21.475037,0.04253176,0.05,0,0.0,True,2.1475036,-0.0032044414,-0.2770366755872964,28,22,618,1,2,18,46.301823,990.35944,-0.13232048,-3.0899999999999563,0.0,-22.384642124176025,0.025617858627811074,0.07996397465467453,-105.98544692993164,0.0003
187,104837,951.627,15,-48.372986,-48.372986,0.0,0.05,0,0.0,True,4.837299,-0.011667667,-0.18169614806771286,19,98,709,0,1,14,11.812871,991.3406,0.0,-3.5449999999999466,0.0,-22.402967929840088,0.0404384508728981,0.07996403239667416,-105.61200332641602,0.0003
188,105354,1002.6099,18,2.6099243,2.6099243,0.51155573,0.05,0,0.0,True,-0.26099244,-0.0009488517,-0.2405631884932519,22,17,825,0,0,18,0.0,1038.1294,0.0,-4.124999999999934,0.0,-22.46741819381714,0.0657579186372459,0.07996398769319057,-106.06755065917969,0.0003
189,105887,866.28357,419,-133.71643,-133.71643,0.8365968,0.05,0,0.0,True,13.371643,-0.05625574,-1.1613669624325542,294,128,556,0,154,265,677.4829,5005.116,-75.40339,-2.779999999999963,0.0,-22.43915367126465,0.056488758185878396,0.07996397465467453,-106.01032829284668,0.0003
190,106476,974.253,26,-25.74701,-25.74701,0.0778665,0.05,0,0.0,True,2.5747008,-0.0030238791,-0.19558861106634143,38,237,1939,0,2,24,24.47475,1014.6598,-0.108300544,-9.695000000000116,0.0,-22.42964506149292,0.043034668546169996,0.07996394671499729,-106.18715286254883,0.0003
191,106997,829.39764,223,-170.60236,-170.60236,4.3060727,0.05,0,0.0,True,17.060236,-0.044270467,-0.9687160006130578,239,23,36,0,86,137,1135.0817,2450.3376,-59.0428,-0.18000000000000008,0.0,-22.41691255569458,0.042969280388206244,0.0799640417098999,-105.74719429016113,0.0003
192,107558,984.2075,20,-15.79248,-15.79248,0.6655801,0.05,0,0.0,True,1.579248,-0.007847589,-0.2191775871813298,15,73,1173,1,2,18,9.367334,1064.0519,-2.6525605,-5.864999999999897,0.0,-22.435193061828613,0.013650854583829641,0.07996398210525513,-106.1467456817627,0.0003
193,108144,971.2075,129,-28.79248,-28.79248,0.46578896,0.05,0,0.0,True,2.879248,-0.020532914,-0.5433559881150721,122,81,1431,0,28,101,105.428314,2477.1003,-28.451355,-7.15499999999987,0.0,-22.44112253189087,0.043862737249583006,0.07996406964957714,-105.94423866271973,0.0003
194,108667,986.9039,43,-13.09613,-13.09613,0.42778656,0.05,0,0.0,True,1.309613,-0.0048972066,-0.261775794327259,39,126,844,0,12,31,109.8691,1347.016,-2.4624157,-4.219999999999932,0.0,-22.44394588470459,0.022581167286261916,0.07996398769319057,-106.20761489868164,0.0003
195,110764,958.6197,343,-41.38031,-41.38031,0.9207779,0.05,0,0.0,True,4.138031,-0.04314812,-1.7744038120657204,223,181,11913,1,106,237,198.48782,3467.4104,-50.508743,-59.56500000001202,0.0,-22.43654203414917,0.017537139472551644,0.07996401749551296,-105.93708419799805,0.0003
196,111314,974.4031,38,-25.596924,-25.596924,0.20997167,0.05,0,0.0,True,2.5596924,-0.003112096,-0.3035666609555483,32,95,651,0,8,30,69.329834,1314.6381,-3.112945,-3.254999999999953,0.0,-22.455484867095947,0.019049127586185932,0.07996397465467453,-106.09076690673828,0.0003
197,111822,995.9799,41,-4.0200806,-4.0200806,1.8023409,0.05,0,0.0,True,0.40200806,-0.00373881,-0.23395307831466194,11,120,210,1,12,29,193.70543,1113.5718,-1.831247,-1.0499999999999996,0.0,-22.411009788513184,0.03668141923844814,0.07996401749551296,-105.93888854980469,0.0003
198,112361,999.05237,13,-0.94763184,-0.94763184,0.0,0.05,0,0.0,True,0.09476318,-0.0008116969,-0.1764647497236729,14,138,843,1,0,13,0.0,1011.31116,0.0,-4.214999999999932,0.0,-22.459391593933105,0.014440316357649863,0.07996398210525513,-106.15439987182617,0.0003
199,112603,987.56104,35,-12.438965,-12.438965,0.09252681,0.05,0,0.0,True,1.2438965,-0.0040216194,-0.24800180807709696,19,30,190,1,7,28,58.0747,1062.171,-1.6000582,-0.9500000000000007,0.0,-22.42668390274048,0.029220848344266415,0.07996401377022266,-105.95655632019043,0.0003
200,113134,919.70337,110,-80.29663,-80.29663,0.5109222,0.05,0,0.0,True,8.029663,-0.09420166,-0.5226113048195841,83,102,1631,0,28,82,217.91196,4056.7878,-62.349,-8.154999999999875,0.0,-22.403186321258545,0.10459461552090943,0.07996403239667416,-105.82784080505371,0.0003
201,113662,1005.1048,56,5.1047974,5.1047974,0.74034196,0.05,0,0.0,True,-0.51047975,-0.0032922833,-0.3852717898786067,46,28,494,0,18,38,135.78342,1053.9279,-1.9877374,-2.4699999999999696,0.0,-22.455276489257812,0.028173661092296243,0.07996397465467453,-106.0970573425293,0.0003
202,114177,970.16003,75,-29.839966,-29.839966,0.054220628,0.05,0,0.0,True,2.9839966,-0.008200251,-0.3490513873068618,67,57,887,1,24,51,291.17175,2161.6912,-7.37816,-4.434999999999928,0.0,-22.447266578674316,0.06758188270032406,0.07996397465467453,-106.04223251342773,0.0003
203,114725,956.6258,76,-43.374207,-43.374207,0.31683895,0.05,0,0.0,True,4.3374205,-0.008986847,-0.35564514234662065,38,48,279,1,24,52,353.87177,2233.8052,-8.367814,-1.3949999999999922,0.0,-22.377421379089355,0.029040783178061247,0.07996399141848087,-105.66300010681152,0.0003
204,115005,977.8735,24,-22.126526,-22.126526,0.045661546,0.05,0,0.0,True,2.2126527,-0.003646775,-0.25518486604094515,41,35,14,1,7,17,105.54199,1124.6542,-1.5310304,-0.06999999999999999,0.0,-22.452402591705322,0.09709513280540705,0.0799640454351902,-106.07602310180664,0.0003
205,115510,884.9987,70,-115.00128,-115.00128,0.7671849,0.05,0,0.0,True,11.500129,-0.045022223,-0.2792343516065354,81,104,1238,1,20,50,226.23824,1589.0074,-47.257473,-6.18999999999989,0.0,-22.45125961303711,0.015487659024074674,0.07996401749551296,-106.01856803894043,0.0003
206,116067,1004.8931,8,4.8931274,4.8931274,0.605406,0.05,0,0.0,True,-0.48931274,-0.0066362666,-0.15123947650194164,14,257,1310,1,1,7,73.92604,959.9087,0.0,-6.549999999999883,0.0,-22.45046329498291,0.031013706233352423,0.07996403053402901,-105.85749816894531,0.0003
207,116664,1009.4524,32,9.452393,9.452393,0.9581166,0.05,0,0.0,True,-0.94523925,-0.0051284744,-0.24356803208589534,38,113,221,0,9,23,215.02704,1105.318,-2.9863598,-1.1049999999999984,0.0,-22.397148609161377,0.06575273908674717,0.07996400259435177,-105.89308166503906,0.0003
208,117173,945.7916,9,-54.208374,-54.208374,0.09307035,0.05,0,0.0,True,5.4208374,-0.0020364616,-0.15961776357013685,17,91,33,0,1,8,95.14996,975.2466,0.0,-0.16500000000000006,0.0,-22.44343852996826,0.03791346587240696,0.0799640454351902,-105.88515281677246,0.0003
209,117690,977.6315,70,-22.36853,-22.36853,0.47160023,0.05,0,0.0,True,2.236853,-0.008371416,-0.5324623530937548,104,25,610,0,18,52,281.48093,2518.0632,-11.018082,-3.049999999999957,0.0,-22.433980464935303,0.044821157585829496,0.07996395975351334,-106.11041641235352,0.0003
210,118284,968.16113,136,-31.838867,-31.838867,0.20704035,0.05,0,0.0,True,3.1838868,-0.011999042,-0.4044135897606611,77,96,753,1,33,103,281.51495,4061.8423,-13.253832,-3.764999999999942,0.0,-22.446269035339355,0.020970637444406748,0.07996401749551296,-105.98530578613281,0.0003
211,118786,1002.8131,12,2.8131104,2.8131104,0.27166373,0.05,0,0.0,True,-0.28131104,-0.0010524364,-0.20426930835824944,45,84,730,0,0,12,0.0,1036.2665,0.0,-3.6499999999999444,0.0,-22.41226053237915,0.02356077264994383,0.07996403239667416,-105.79207801818848,0.0003
212,119318,966.58057,132,-33.419434,-33.419434,0.5674089,0.05,0,0.0,True,3.3419435,-0.014067439,-0.5533117235451936,66,34,177,1,42,90,850.13116,3413.3547,-13.494368,-0.8850000000000007,1.6575756e-09,-22.43494701385498,0.06564836762845516,0.07996405847370625,-105.77703475952148,0.0003
213,119845,842.5391,532,-157.46088,-157.46088,1.0067267,0.05,0,0.0,True,15.746088,-0.047630604,-1.660803795531392,156,17,604,0,216,316,1581.712,6449.3696,-57.62948,-3.019999999999958,0.0,-22.393227577209473,0.020417606458067894,0.07996398769319057,-105.97075843811035,0.0003
214,120384,808.6808,933,-191.31921,-191.31921,0.42279008,0.05,0,0.0,True,19.131922,-0.07432201,-3.059066353887323,502,130,579,1,277,656,1715.0623,9040.194,-121.18936,-2.8949999999999605,0.0,-22.389050483703613,0.163670863956213,0.07996409758925438,-105.7026252746582,0.0003
215,120890,925.707,362,-74.29303,-74.29303,2.557707,0.05,0,0.0,True,7.429303,-0.035323303,-0.9496258803457016,96,52,91,0,156,206,1503.7201,5533.1562,-25.037249,-0.4550000000000003,0.0,-22.422205924987793,0.4066297151148319,0.07996401749551296,-105.80525016784668,0.0003
216,121404,960.76276,43,-39.237244,-39.237244,0.089920714,0.05,0,0.0,True,3.9237242,-0.011491217,-0.513715304039407,100,40,850,0,14,29,214.18367,1311.8146,-7.7201853,-4.249999999999932,0.0,-22.463417530059814,0.01435734354890883,0.07996395975351334,-106.14614486694336,0.0003
217,121641,952.14655,121,-47.853455,-47.853455,0.3576265,0.05,0,0.0,True,4.7853456,-0.021285567,-0.48326091043651115,73,24,162,1,37,84,547.23224,2720.3457,-13.765656,-0.8100000000000006,0.0,-22.4497127532959,0.05130203487351537,0.07996401749551296,-105.88829803466797,0.0003
218,122184,1002.7785,153,2.7785034,2.7785034,2.7315917,0.05,0,0.0,True,-0.27785033,-0.023808941,-0.6655139298513993,121,66,587,1,48,105,389.7159,2243.2793,-18.500475,-2.9349999999999596,0.0,-22.41092300415039,0.055290112271904945,0.07996398769319057,-106.00454330444336,0.0003
219,122908,995.78174,28,-4.2182617,-4.2182617,0.2860739,0.05,0,0.0,True,0.42182618,-0.011218607,-0.26254665479064,26,146,1460,0,4,24,15.819849,1131.0306,-6.9442687,-7.299999999999867,0.0,-22.41781187057495,0.11056535691022873,0.0799640454351902,-105.5147476196289,0.0003
220,123425,1009.3593,41,9.359314,9.359314,0.8757484,0.05,0,0.0,True,-0.9359314,-0.008052825,-0.32289500445127484,48,103,843,1,9,32,139.10985,997.88574,-1.5846217,-4.214999999999932,0.0,-22.370691299438477,0.09358634054660797,0.07996401749551296,-105.82815361022949,0.0003
221,123957,997.08606,41,-2.9139404,-2.9139404,0.39512497,0.05,0,0.0,True,0.29139405,-0.012656557,-0.34248878888785844,55,104,819,1,7,34,49.047485,1105.8053,-4.702102,-4.094999999999935,0.0,-22.280897617340088,0.04410085408017039,0.07996403239667416,-105.60216522216797,0.0003
222,124487,887.4286,104,-112.57141,-112.57141,0.92265654,0.05,0,0.0,True,11.257141,-0.015704485,-0.5485306842625144,98,59,985,0,31,73,244.52455,1918.0222,-9.102707,-4.924999999999917,0.0,-22.434953689575195,0.040283600334078074,0.07996401749551296,-105.84720230102539,0.0003
223,124999,828.3804,322,-171.61963,-171.61963,0.40950695,0.05,0,0.0,True,17.161963,-0.03663946,-1.0580760936439038,180,12,112,0,109,213,1139.2301,3013.9348,-53.496048,-0.5600000000000004,0.0,-22.360522747039795,0.22872050339356065,0.07996401749551296,-105.71061515808105,0.0003
224,125542,968.14154,120,-31.85846,-31.85846,0.5837541,0.05,0,0.0,True,3.1858459,-0.0224122,-0.5631612632423639,103,69,1698,1,32,88,126.212975,2136.0403,-17.279875,-8.489999999999927,0.0,-22.3870849609375,0.018647172953933477,0.07996401749551296,-105.93016242980957,0.0003
225,126088,994.3397,18,-5.6602783,-5.6602783,0.28674632,0.05,0,0.0,True,0.5660278,-0.0020064788,-0.22113542671272063,44,64,496,1,3,15,33.96881,983.9243,0.0,-2.4799999999999693,0.0,-22.442965507507324,0.13703661505132914,0.07996395975351334,-106.13960647583008,0.0003
226,126699,973.1279,208,-26.87207,-26.87207,1.6039258,0.05,0,0.0,True,2.687207,-0.022285236,-0.5008351961523295,46,65,65,1,85,123,828.1813,2360.6572,-13.965968,-0.3250000000000002,0.0,-22.390442848205566,0.3650214560329914,0.07996397465467453,-106.06596374511719,0.0003
227,127201,992.1713,40,-7.8286743,-7.8286743,0.38008556,0.05,0,0.0,True,0.78286743,-0.008818953,-0.3374488744139671,111,69,1382,1,8,32,130.26515,1050.7139,-3.0066063,-6.909999999999875,0.0,-22.446281909942627,0.02946425648406148,0.07996400259435177,-106.11375999450684,0.0003
228,127731,998.30035,48,-1.699646,-1.699646,0.24405946,0.05,0,0.0,True,0.1699646,-0.0026030638,-0.33445482622787026,39,98,856,0,8,40,24.719603,1327.5902,-2.1239793,-4.279999999999931,0.0,-22.47227954864502,0.016620431328192353,0.07996401749551296,-105.99668312072754,0.0003
229,128605,1005.5633,255,5.5632935,5.5632935,3.158159,0.05,0,0.0,True,-0.55632937,-0.05176755,-0.9593285812437529,155,230,1333,1,104,151,873.93726,2403.078,-24.040247,-6.66499999999988,0.0,-22.433990478515625,0.05662449076771736,0.07996398769319057,-105.91371536254883,0.0003
230,129119,993.9452,13,-6.0548096,-6.0548096,0.2397667,0.05,0,0.0,True,0.60548097,-0.0010365729,-0.21831953383982172,35,68,71,1,1,12,34.33076,1185.5311,0.0,-0.3550000000000002,0.0,-22.391785144805908,0.027814494213089347,0.07996398769319057,-106.0418472290039,0.0003
231,129710,1025.5522,33,25.552246,25.552246,1.9274075,0.05,0,0.0,True,-2.5552247,-0.008699419,-0.22559601716697206,41,285,739,1,12,21,276.63388,845.3231,-0.694349,-3.6949999999999434,0.0,-22.38355302810669,0.01595552801154554,0.07996399141848087,-105.77922439575195,0.0003
232,129945,991.48804,8,-8.511963,-8.511963,0.055939157,0.05,0,0.0,True,0.85119635,-0.0011652001,-0.15987640477716927,11,76,389,1,0,8,0.0,1092.4265,0.0,-1.9449999999999805,0.0,-22.431196212768555,0.02729951194487512,0.07996395975351334,-106.13603782653809,0.0003
233,130557,985.3527,66,-14.647278,-14.647278,0.3203587,0.05,0,0.0,True,1.4647278,-0.012018987,-0.45278561033308484,46,51,87,1,17,49,129.8859,2025.4325,-11.077365,-0.4350000000000003,0.0,-22.47110652923584,0.02940526115708053,0.07996398769319057,-106.18464279174805,0.0003
234,131190,956.2486,109,-43.751404,-43.751404,0.8640297,0.05,0,0.0,True,4.37514,-0.015735824,-0.3681402517110109,83,335,113,0,29,80,316.56418,3195.3442,-19.293827,-0.5650000000000004,0.0,-22.450220108032227,0.01205253682564944,0.0799640417098999,-106.09251594543457,0.0003
235,131757,884.83997,459,-115.160034,-115.160034,0.16088982,0.05,0,0.0,True,11.516004,-0.042686615,-1.206018179059028,326,84,1136,0,128,331,1009.21136,8493.759,-62.619995,-5.679999999999901,0.0,-22.404322147369385,0.07635056902654469,0.0799640640616417,-105.61605072021484,0.0003
236,132301,988.3884,32,-11.611572,-11.611572,0.3968009,0.05,0,0.0,True,1.1611573,-0.005547671,-0.23569185018539426,41,148,1115,0,4,28,7.8178225,1333.785,-2.238327,-5.574999999999903,0.0,-22.464418411254883,0.010824432130903006,0.0799640417098999,-106.14699363708496,0.0003
237,134100,907.2947,78,-92.70532,-92.70532,0.20401132,0.05,0,0.0,True,9.270533,-0.016435347,-0.38010129600763337,80,28,4780,1,24,54,319.32248,1907.6755,-8.401543,-23.89999999999953,0.0,-22.449023723602295,0.010184644139371812,0.07996398769319057,-106.1242904663086,0.0003
238,134678,999.66113,12,-0.3388672,-0.3388672,0.42310947,0.05,0,0.0,True,0.03388672,-0.0023709233,-0.1470534089207649,14,323,522,1,1,11,21.566824,1276.3583,0.0,-2.6099999999999666,0.0,-22.40501642227173,0.23979274928569794,0.07996401749551296,-105.93136978149414,0.0003
239,135218,904.32666,125,-95.67334,-95.67334,0.9888026,0.05,0,0.0,True,9.567334,-0.028609894,-0.5123443731229406,76,30,454,1,48,77,530.77374,1693.2665,-20.507193,-2.269999999999974,0.0,-22.39974069595337,0.012412038631737232,0.07996402680873871,-105.85395622253418,0.0003
240,135754,1026.2673,14,26.267334,26.267334,1.668355,0.05,0,0.0,True,-2.6267335,-0.004088628,-0.18823681019246583,20,149,1337,0,0,14,0.0,1029.9586,0.0,-6.68499999999988,0.0,-22.422142505645752,0.05451797088608146,0.07996399141848087,-105.85307502746582,0.0003
241,136307,947.6001,801,-52.399902,-52.399902,2.116515,0.05,0,0.0,True,5.23999,-0.118732646,-2.0498656240819066,599,247,1224,0,242,559,1388.8124,12073.414,-92.40908,-6.119999999999892,0.00028239915,-22.403647422790527,0.024564117193222046,0.07996401749551296,-105.95275115966797,0.0003
242,136866,1021.15515,45,21.155151,21.155151,1.9989686,0.05,0,0.0,True,-2.115515,-0.0064804847,-0.29743644737067026,43,114,821,0,15,30,129.04544,1178.6273,-2.3530185,-4.104999999999935,0.0,-22.434913635253906,0.027789696352556348,0.07996397092938423,-105.78436851501465,0.0003
243,137590,992.0661,43,-7.933899,-7.933899,0.34688583,0.05,0,0.0,True,0.79338986,-0.016619343,-0.33763886228203777,35,144,1450,0,7,36,22.37444,1661.4598,-13.207173,-7.249999999999868,0.0,-22.41190004348755,0.06929134670644999,0.07996398769319057,-105.95928764343262,0.0003
244,138160,1000.5346,13,0.53460693,0.53460693,0.030803958,0.05,0,0.0,True,-0.05346069,-0.00076926313,-0.196330011934042,16,158,1221,0,0,13,0.0,1090.4226,0.0,-6.104999999999892,0.0,-22.40209436416626,0.15415424015372992,0.0799640454351902,-106.04084014892578,0.0003
245,138683,938.0561,39,-61.94391,-61.94391,0.80421484,0.05,0,0.0,True,6.194391,-0.009308084,-0.2656481985747816,30,10,49,0,20,19,538.6784,1146.019,-2.8645341,-0.24500000000000013,0.0,-22.410621166229248,0.04226188641041517,0.0799640454351902,-105.8923511505127,0.0003
246,139207,678.3324,89,-321.6676,-321.6676,0.012266254,0.05,0,0.0,True,32.16676,-0.021621313,-0.5539339356869457,82,51,722,0,24,65,340.3887,1333.4268,-13.906318,-3.6099999999999453,0.0,-22.445305347442627,0.1982616560999304,0.07996400259435177,-106.18679428100586,0.0003
247,139848,988.0693,236,-11.930725,-11.930725,1.7465919,0.05,0,0.0,True,1.1930726,-0.019404441,-0.7689528778940438,140,62,145,1,81,155,456.72656,3693.521,-14.809554,-0.7250000000000005,0.0,-22.41877841949463,0.0849842457100749,0.07996398769319057,-106.21159172058105,0.0003
248,141833,942.54,81,-57.460022,-57.460022,0.3271727,0.05,0,0.0,True,5.746002,-0.03346744,-0.3866534151881932,54,69,5517,0,22,59,424.34003,1982.6088,-18.58406,-27.584999999998796,0.0,-22.38858461380005,0.019673075061291456,0.07996398769319057,-105.79908180236816,0.0003
249,142397,997.1337,13,-2.866272,-2.866272,0.04840298,0.05,0,0.0,True,0.28662717,-0.0018128972,-0.21995622918009758,30,132,1311,0,0,13,0.0,999.04254,0.0,-6.5549999999998825,0.0,-22.43423557281494,0.015911174472421408,0.07996401749551296,-105.98023986816406,0.0003
250,142954,1002.5973,19,2.59729,2.59729,0.3128576,0.05,0,0.0,True,-0.259729,-0.001302782,-0.2034857583791018,14,53,112,1,2,17,33.52352,1162.8113,-0.38162494,-0.5600000000000004,0.0,-22.447277069091797,0.015000320738181472,0.07996398769319057,-106.11367416381836,0.0003
251,143495,985.039,10,-14.960999,-14.960999,0.922841,0.05,0,0.0,True,1.4960998,-0.025867047,-0.13607697106897837,8,137,1119,0,2,8,130.03584,956.45605,0.0,-5.594999999999903,0.0,-22.443993091583252,0.02164086000993848,0.07996401749551296,-106.09628868103027,0.0003
252,144062,990.6942,161,-9.305786,-9.305786,2.473288,0.05,0,0.0,True,0.93057865,-0.02807529,-0.6900703351110868,96,130,405,0,65,96,994.27814,2025.3439,-11.446585,-2.024999999999979,0.0,-22.42561149597168,0.02337504248134792,0.07996396534144878,-106.10843086242676,0.0003
253,144569,978.31665,356,-21.68335,-21.68335,3.1783218,0.05,0,0.0,True,2.168335,-0.034341853,-1.5120666019052096,480,37,6,1,112,244,892.97723,6390.3022,-74.10333,-0.030000000000000002,0.0008303714,-22.441823959350586,0.040890024276450276,0.07996401749551296,-105.94342231750488,0.0003
254,145154,975.74457,18,-24.255432,-24.255432,0.101524375,0.05,0,0.0,True,2.4255433,-0.0022270652,-0.23172205321490766,26,73,895,1,0,18,0.0,1035.4182,0.0,-4.474999999999927,0.0,-22.418981075286865,0.022361337672919035,0.07996399141848087,-105.87155342102051,0.0003
255,145837,1003.37354,30,3.3735352,3.3735352,0.43079716,0.05,0,0.0,True,-0.3373535,-0.0021310134,-0.2814378808438777,40,63,835,0,1,29,2.0813813,1158.1946,-0.89202034,-4.174999999999933,0.0,-22.409132957458496,0.019164009485393763,0.07996401749551296,-105.78300094604492,0.0003
256,146373,960.5212,96,-39.47882,-39.47882,1.0189718,0.05,0,0.0,True,3.947882,-0.06701816,-0.536137577369809,73,137,1078,0,17,79,43.054764,2390.7854,-29.665213,-5.389999999999907,0.0,-22.43541383743286,0.021544218063354492,0.07996402680873871,-105.97840690612793,0.0003
257,146900,838.2361,504,-161.76392,-161.76392,0.0006681352,0.05,0,0.0,True,16.176392,-0.056822773,-2.1481729187364014,331,25,0,0,174,330,1844.8767,9045.308,-99.65131,0.0,1.3535617e-06,-22.362759590148926,0.022059813141822815,0.07996398769319057,-106.00872611999512,0.0003
258,147431,937.4972,200,-62.502808,-62.502808,1.3595884,0.05,0,0.0,True,6.250281,-0.01642239,-0.872613427862525,48,18,16,0,82,118,1074.3553,3344.2307,-20.492424,-0.08,0.0,-22.434646129608154,0.02503902406897396,0.07996395975351334,-106.14399147033691,0.0003
259,147939,1024.2665,9,24.26648,24.26648,1.3146589,0.05,0,0.0,True,-2.426648,-0.0012797903,-0.11347371466457845,1,105,272,0,1,8,92.71745,1176.8005,0.0,-1.359999999999993,0.0,-22.42803955078125,0.01577604841440916,0.07996400818228722,-105.95118141174316,0.0003
260,148483,841.13855,288,-158.86145,-158.86145,0.2757847,0.05,0,0.0,True,15.886145,-0.020953689,-1.038671884015202,116,58,117,0,98,190,1081.6982,5035.2153,-27.52228,-0.5850000000000004,0.0,-22.413191318511963,0.035354669322259724,0.07996399700641632,-105.75190544128418,0.0003
261,148985,988.8242,49,-11.175781,-11.175781,0.69849306,0.05,0,0.0,True,1.1175781,-0.011349709,-0.34772278703749177,76,65,1920,0,12,37,52.895443,1365.4309,-8.850987,-9.600000000000101,0.0,-22.429474353790283,0.026642155600711703,0.0799640454351902,-105.94126892089844,0.0003
262,149520,992.2987,12,-7.701294,-7.701294,0.23057923,0.05,0,0.0,True,0.7701294,-0.0017118895,-0.18636153735220432,23,83,804,0,0,12,0.0,1024.5004,0.0,-4.0199999999999365,0.0,-22.401718139648438,0.044202402234077454,0.07996407523751259,-105.69842720031738,0.0003
263,150673,940.5869,29,-59.413086,-59.413086,0.023490865,0.05,0,0.0,True,5.9413085,-0.010673421,-0.24008237585425368,31,171,3565,1,5,24,76.388054,1229.9578,-9.584459,-17.82500000000074,0.0,-22.453834056854248,0.0585142164491117,0.0799640454351902,-106.03199195861816,0.0003
264,151207,992.70654,548,-7.293457,-7.293457,4.846396,0.05,0,0.0,True,0.72934574,-0.04272644,-1.6783029469847686,416,183,333,0,160,388,961.51715,7790.885,-45.998577,-1.6649999999999865,0.0,-22.447912216186523,0.07321052625775337,0.07996400818228722,-106.01404762268066,0.0003
265,151741,964.00916,265,-35.990845,-35.990845,1.5873089,0.05,0,0.0,True,3.5990846,-0.03588309,-1.1039503699942093,224,75,973,1,95,170,283.47543,5245.5923,-36.064137,-4.8649999999999185,0.0,-22.406168460845947,0.06423639273270965,0.07996395975351334,-106.06734848022461,0.0003
266,152145,999.3287,12,-0.6713257,-0.6713257,0.41339958,0.05,0,0.0,True,0.06713256,-0.00085477787,-0.1487072549015283,11,124,324,1,0,12,0.0,1093.2859,0.0,-1.6199999999999875,0.0,-22.431427478790283,0.05664673261344433,0.07996401377022266,-106.1157054901123,0.0003
267,152702,998.0838,11,-1.9161987,-1.9161987,0.08705859,0.05,0,0.0,True,0.19161987,-0.001304887,-0.17143416523933414,25,131,1142,1,0,11,0.0,999.90515,0.0,-5.7099999999999005,0.0,-22.449798107147217,0.017246336909011006,0.07996401749551296,-106.05722999572754,0.0003
268,153232,989.22705,7,-10.772949,-10.772949,0.16621852,0.05,0,0.0,True,1.077295,-0.0016719641,-0.13365585237741473,9,22,889,0,0,7,0.0,1003.25507,0.0,-4.4449999999999275,0.0,-22.420236587524414,0.045436433516442776,0.07996395975351334,-106.18285369873047,0.0003
269,153747,1004.8778,9,4.8778076,4.8778076,0.27438015,0.05,0,0.0,True,-0.48778075,-0.0022322251,-0.13260960653424264,14,180,43,1,1,8,82.99715,1016.92755,0.0,-0.2150000000000001,0.0,-22.434727668762207,0.06256108917295933,0.07996398210525513,-106.17352294921875,0.0003
270,154329,984.1765,51,-15.823486,-15.823486,0.5025312,0.05,0,0.0,True,1.5823487,-0.01007735,-0.24120833501219743,54,75,1191,1,12,39,84.7425,1497.5725,-9.702466,-5.954999999999895,0.0,-22.40664529800415,0.01991708017885685,0.07996400259435177,-105.79258155822754,0.0003
271,154857,998.426,12,-1.5739746,-1.5739746,0.11738916,0.05,0,0.0,True,0.15739746,-0.0012297749,-0.1811474511295408,34,134,150,1,0,12,0.0,1086.5935,0.0,-0.7500000000000006,0.0,-22.423576831817627,0.042580654844641685,0.07996399141848087,-105.97944068908691,0.0003
272,155423,996.2986,17,-3.701416,-3.701416,0.4482645,0.05,0,0.0,True,0.3701416,-0.0029294374,-0.18306962803006174,21,111,120,1,5,12,134.0027,910.146,-0.1330348,-0.6000000000000004,0.0,-22.36530351638794,0.04132064338773489,0.07996402308344841,-105.84573173522949,0.0003
273,155958,947.10236,128,-52.897644,-52.897644,0.5850753,0.05,0,0.0,True,5.2897644,-0.068529814,-0.5199518465250731,103,201,1638,0,34,94,183.77655,2781.841,-49.77705,-8.18999999999988,0.0,-22.436960220336914,0.027657219907268882,0.07996401749551296,-105.98763084411621,0.0003
274,156458,950.8298,144,-49.170227,-49.170227,0.09257134,0.05,0,0.0,True,4.9170227,-0.015448838,-0.6714483144879343,106,17,1017,0,45,99,332.90393,2052.3213,-14.544678,-5.084999999999914,0.0,-22.44553279876709,0.021159930620342493,0.07996401377022266,-106.02312850952148,0.0003
275,156997,979.5468,10,-20.453186,-20.453186,0.14067936,0.05,0,0.0,True,2.0453186,-0.0049546417,-0.14718204364180568,36,99,1490,0,1,9,20.654114,1047.2466,0.0,-7.449999999999863,0.0,-22.434178829193115,0.03582842764444649,0.07996398210525513,-106.12403106689453,0.0003
276,157093,989.63214,8,-10.367859,-10.367859,0.046702143,0.05,0,0.0,True,1.036786,-0.0009994794,-0.10942255586385725,5,41,0,1,0,8,0.0,1691.8262,0.0,0.0,0.0,-22.445666790008545,0.039141064044088125,0.07996407523751259,-105.75090408325195,0.0003
277,157618,778.6592,149,-221.34082,-221.34082,1.2772639,0.05,0,0.0,True,22.134083,-0.117913686,-0.3919905906170606,100,132,964,0,42,107,534.41345,3319.9788,-96.75265,-4.8199999999999195,0.0,-22.459409713745117,0.015410971245728433,0.07996401377022266,-106.27701759338379,0.0003
278,100504,967.1297,160,-32.8703,-32.8703,0.15121189,0.05,0,0.0,True,3.28703,-0.010389418,-0.7197829749600504,69,3,11,0,46,114,428.84634,3044.3018,-13.479254,-0.05499999999999999,0.0,-22.45234775543213,0.009773024823516607,0.07996400259435177,-106.20907974243164,0.0003
279,100943,1005.1964,21,5.196411,5.196411,0.86584973,0.05,0,0.0,True,-0.5196411,-0.0014729721,-0.25517882749438275,23,24,0,0,1,20,48.02743,984.45544,0.0,0.0,0.0,-22.41066265106201,0.028242814703844488,0.07996401935815811,-106.07611274719238,0.0003
280,101479,909.1083,183,-90.89172,-90.89172,0.6781143,0.05,0,0.0,True,9.089172,-0.0187733,-0.6774780866503715,103,30,731,0,62,121,629.8934,3957.4106,-23.933228,-3.6549999999999443,0.0,-22.405192852020264,0.18132429826073349,0.0799640454351902,-105.83007621765137,0.0003
281,101986,1073.9656,719,73.965576,73.965576,10.786996,0.05,0,0.0,True,-7.396558,-0.069756806,-2.180734892330117,477,36,6,1,257,462,1904.0795,8628.847,-99.80829,-0.030000000000000002,0.00026755343,-22.382361888885498,0.04357012640684843,0.0799640454351902,-105.79801368713379,0.0003
282,102503,955.6941,175,-44.30591,-44.30591,1.0701544,0.05,0,0.0,True,4.430591,-0.014472605,-0.8105335031793426,217,53,317,1,48,127,487.09952,3510.8533,-21.316162,-1.5849999999999882,0.0,-22.466299533843994,0.02358196908608079,0.07996401935815811,-106.00294494628906,0.0003
283,103058,990.9666,20,-9.033386,-9.033386,0.14657927,0.05,0,0.0,True,0.9033387,-0.0012824268,-0.18029307257829022,21,185,230,0,6,14,34.269608,1026.371,-0.19533053,-1.1499999999999975,0.0,-22.40928602218628,0.0437348997220397,0.07996401935815811,-105.90412330627441,0.0003
284,103568,998.2342,15,-1.7658081,-1.7658081,0.23494835,0.05,0,0.0,True,0.17658082,-0.0021122422,-0.15146099783480163,18,54,393,1,2,13,42.833206,991.84656,-0.09984224,-1.96499999999998,0.0,-22.44180727005005,0.015686790458858013,0.07996398955583572,-106.00531196594238,0.0003
285,104076,974.1569,122,-25.843079,-25.843079,0.8868845,0.05,0,0.0,True,2.584308,-0.015369923,-0.5583001451194285,65,16,861,1,44,78,404.2628,2189.5806,-15.977774,-4.30499999999993,0.0,-22.423466682434082,0.03683954058215022,0.07996398955583572,-106.05804443359375,0.0003
286,104674,988.4819,26,-11.518127,-11.518127,0.20992698,0.05,0,0.0,True,1.1518127,-0.0016009599,-0.20761024855077256,38,152,416,1,2,24,20.055943,1163.901,-0.34830338,-2.079999999999978,0.0,-22.392645359039307,0.132430532714352,0.07996401935815811,-106.05217742919922,0.0003
287,105217,762.48834,353,-237.51166,-237.51166,1.9536544,0.05,0,0.0,True,23.751167,-0.20723484,-1.0435706325620406,279,159,425,0,120,233,833.15906,6455.36,-159.93689,-2.124999999999977,0.0,-22.45035696029663,0.019965083338320255,0.07996400259435177,-106.03373146057129,0.0003
288,105781,995.513,51,-4.4869995,-4.4869995,0.17992237,0.05,0,0.0,True,0.44869995,-0.01015802,-0.32462171390652667,64,113,976,1,9,42,22.250925,1472.6119,-3.9746687,-4.879999999999918,0.0,-22.453052520751953,0.04034278285689652,0.07996401935815811,-105.97623443603516,0.0003
289,106333,906.09625,230,-93.90375,-93.90375,0.20257238,0.05,0,0.0,True,9.390375,-0.036953524,-0.7787011395703608,148,73,859,0,61,169,187.4073,2604.015,-48.514107,-4.294999999999931,0.0,-22.384786128997803,0.09703818336129189,0.07996401935815811,-106.01171493530273,0.0003
290,106851,982.5552,29,-17.444824,-17.444824,0.38321564,0.05,0,0.0,True,1.7444825,-0.0052043796,-0.20668229483067999,15,42,264,0,7,22,130.22179,1042.0765,-0.901921,-1.3199999999999938,0.0,-22.406315326690674,0.013628801330924034,0.07996401935815811,-105.9593505859375,0.0003
291,107412,976.7485,296,-23.251526,-23.251526,1.8584878,0.05,0,0.0,True,2.3251526,-0.038763274,-1.0158709301054476,131,34,59,1,109,187,861.82404,4244.2095,-33.840416,-0.29500000000000015,0.0,-22.442457675933838,0.06817766604945064,0.07996395975351334,-106.11645126342773,0.0003
292,107967,991.8852,140,-8.114807,-8.114807,1.4870667,0.05,0,0.0,True,0.81148076,-0.020853031,-0.6343070139735936,121,108,1466,1,41,99,199.16672,2622.755,-16.53284,-7.329999999999866,0.0,-22.390604972839355,0.03236584481783211,0.0799640454351902,-105.8647518157959,0.0003
293,108473,906.5729,439,-93.427124,-93.427124,3.8086333,0.05,0,0.0,True,9.342712,-0.053067975,-1.275538856759667,303,118,468,0,152,287,1062.3967,5910.307,-83.467834,-2.3399999999999723,0.0,-22.443652153015137,0.015694376779720187,0.07996398955583572,-106.03829574584961,0.0003
294,109094,994.63776,24,-5.3622437,-5.3622437,0.20247565,0.05,0,0.0,True,0.53622437,-0.0026514775,-0.17840179227292535,31,174,783,1,2,22,30.886108,1099.2368,-0.3659356,-3.9149999999999388,0.0,-22.447267532348633,0.03351163933984935,0.07996398955583572,-106.0418872833252,0.0003
295,109639,994.6717,13,-5.328308,-5.328308,0.12671404,0.05,0,0.0,True,0.53283083,-0.0014084477,-0.1535678436607123,25,79,422,1,0,13,0.0,1039.5508,0.0,-2.1099999999999772,0.0,-22.33501958847046,0.05134385731071234,0.07996405847370625,-105.78725624084473,0.0003
296,110173,974.7649,300,-25.235107,-25.235107,1.619012,0.05,0,0.0,True,2.5235107,-0.03569943,-1.370686263591051,296,77,980,1,83,217,371.20383,4305.36,-36.632534,-4.899999999999918,0.0,-22.41981029510498,0.012995172408409417,0.07996402680873871,-105.79061698913574,0.0003
297,110704,1096.1182,267,96.118164,96.118164,8.634751,0.05,0,0.0,True,-9.611816,-0.042337257,-1.1062947557121516,281,162,1206,1,71,196,421.26886,5053.243,-49.93116,-6.029999999999894,0.0,-22.41348648071289,0.062376105692237616,0.07996395975351334,-106.00099754333496,0.0003
298,111238,971.5737,42,-28.42627,-28.42627,0.14906405,0.05,0,0.0,True,2.8426268,-0.0068889274,-0.3080853801220655,56,70,1038,1,10,32,250.48997,1125.4747,-6.108582,-5.189999999999912,0.0,-22.451956272125244,0.012129074428230524,0.07996401935815811,-106.0679874420166,0.0003
299,111749,914.64105,299,-85.35895,-85.35895,4.42766,0.05,0,0.0,True,8.535894,-0.045386862,-0.9854163985863591,198,39,1511,0,108,191,690.53265,4363.815,-39.587837,-7.554999999999861,0.0,-22.440273761749268,0.02204597950913012,0.07996399700641632,-105.91971778869629,0.0003
300,112415,997.14655,49,-2.8534546,-2.8534546,0.39128706,0.05,0,0.0,True,0.28534546,-0.00494688,-0.23081413768231865,17,15,197,1,15,34,118.28806,1605.4584,-5.300309,-0.9850000000000008,0.0,-22.378156185150146,0.1599648268893361,0.07996398955583572,-106.11409378051758,0.0003
301,112926,775.2707,156,-224.72931,-224.72931,0.518068,0.05,0,0.0,True,22.47293,-0.06984652,-0.6776369463652373,107,96,165,1,48,108,404.6184,2676.4824,-69.11559,-0.8250000000000006,0.0,-22.39475154876709,0.07585936575196683,0.07996407523751259,-105.73925590515137,0.0003
302,113455,997.61755,21,-2.3824463,-2.3824463,0.44815305,0.05,0,0.0,True,0.23824464,-0.0031543882,-0.1789006246626377,15,484,196,1,4,17,138.98639,955.2287,-0.12718463,-0.9800000000000008,0.0,-22.41085720062256,0.03243082482367754,0.07996401935815811,-105.95223045349121,0.0003
303,113987,999.8037,91,-0.19628906,-0.19628906,1.1842057,0.05,0,0.0,True,0.019628907,-0.0070027243,-0.4593454608321189,65,66,245,0,25,66,317.26843,2147.1216,-10.013159,-1.2249999999999959,0.0,-22.406870365142822,0.02462036395445466,0.07996395975351334,-106.18610000610352,0.0003
304,114524,987.0769,9,-12.923096,-12.923096,0.00160115211105428,0.05,0,0.0,True,1.2923095,-0.004069715,-0.15823562775653027,11,176,1239,1,0,9,0.0,1102.7244,0.0,-6.19499999999989,0.0,-22.387637615203857,0.020931458799168468,0.07996401935815811,-105.98108863830566,0.0003
305,115037,983.0858,80,-16.914185,-16.914185,0.42712927,0.05,0,0.0,True,1.6914185,-0.0061004777,-0.3635327201563076,45,55,375,0,24,56,129.79512,1987.274,-6.159226,-1.874999999999982,0.0,-22.41573476791382,0.1641482167178765,0.07996397465467453,-105.95618438720703,0.0003
306,115550,994.91534,27,-5.084656,-5.084656,0.47111118,0.05,0,0.0,True,0.5084656,-0.0072579235,-0.2931397121169222,43,14,305,1,7,20,175.86569,983.5338,-1.3597403,-1.5249999999999895,0.0,-22.42093276977539,0.00919175473973155,0.07996397465467453,-105.91299247741699,0.0003
307,116091,993.5193,31,-6.480713,-6.480713,0.49415463,0.05,0,0.0,True,0.6480713,-0.0049914485,-0.19817370072007184,21,110,1185,1,8,23,49.127167,1162.9222,-1.6888087,-5.924999999999896,0.0,-22.44991111755371,0.011871409835293889,0.07996398955583572,-106.07052612304688,0.0003
308,116448,1059.863,411,59.863037,59.863037,4.3291965,0.05,0,0.0,True,-5.986304,-0.021027006,-1.2599822019040583,176,46,105,1,143,268,1157.0812,5185.6797,-21.075335,-0.5250000000000004,2.9677525e-05,-22.447364807128906,0.01233531255275011,0.07996398955583572,-106.08176231384277,0.0003
309,117082,1016.5139,15,16.513916,16.513916,1.0108712,0.05,0,0.0,True,-1.6513916,-0.0015184442,-0.1584221880882979,9,100,245,0,1,14,114.138306,1150.4127,-0.06644107,-1.2249999999999959,0.0,-22.384576320648193,0.1461642226204276,0.07996399328112602,-105.77218055725098,0.0003
310,117866,1009.16425,26,9.164246,9.164246,0.59150004,0.05,0,0.0,True,-0.9164246,-0.0040561864,-0.23807148504949333,44,96,1522,0,1,25,3.788065,1693.6366,-1.8000429,-7.60999999999986,0.0,-22.40751886367798,0.055177679285407066,0.07996400259435177,-105.80437660217285,0.0003
311,118401,955.5159,33,-44.48407,-44.48407,0.5406018,0.05,0,0.0,True,4.448407,-0.023593515,-0.23443249674111247,29,68,665,0,6,27,51.864536,1676.2399,-22.506355,-3.3249999999999513,0.0,-22.3952579498291,0.10369757376611233,0.07996403239667416,-105.68310546875,0.0003
312,118944,987.56354,27,-12.436462,-12.436462,0.031157829,0.05,0,0.0,True,1.2436463,-0.0037222756,-0.21913329780101784,28,195,947,1,4,23,15.985675,1165.0995,-1.1631063,-4.734999999999921,0.0,-22.367330074310303,0.2402102961204946,0.07996399328112602,-105.84732246398926,0.0003
313,119476,1004.97406,13,4.97406,4.97406,0.4188377,0.05,0,0.0,True,-0.49740604,-0.0019226193,-0.18396111182868483,19,35,175,1,0,13,0.0,1174.8088,0.0,-0.8750000000000007,0.0,-22.422650814056396,0.01727567659690976,0.07996401935815811,-106.0239143371582,0.0003
314,120012,931.76764,122,-68.23236,-68.23236,0.9202917,0.05,0,0.0,True,6.8232355,-0.04831574,-0.60182918086648,130,55,50,0,47,75,397.43634,1832.435,-38.287487,-0.2500000000000001,0.0,-22.42853355407715,0.06310329120606184,0.07996407523751259,-105.73095703125,0.0003
315,120514,1006.2083,63,6.208313,6.208313,1.0425655,0.05,0,0.0,True,-0.6208313,-0.013166102,-0.3834891912341118,88,68,1385,1,21,42,217.09134,1464.1182,-8.148641,-6.924999999999875,0.0,-22.360104084014893,0.16026434977538884,0.07996407523751259,-105.58627319335938,0.0003
316,121023,960.37524,18,-39.624756,-39.624756,0.3197597,0.05,0,0.0,True,3.9624755,-0.007329268,-0.16344215869903564,8,73,164,0,7,11,371.51044,973.02155,-2.0094972,-0.8200000000000006,0.0,-22.42745876312256,0.09580839856062084,0.07996395975351334,-105.85196113586426,0.0003
317,121581,878.87256,108,-121.12744,-121.12744,0.43878317,0.05,0,0.0,True,12.112744,-0.029061485,-0.604995499105721,127,64,949,0,27,81,124.03057,2883.4182,-29.900496,-4.744999999999921,0.0,-22.352783679962158,0.20344094559550285,0.07996400818228722,-105.89066505432129,0.0003
318,122324,939.32965,38,-60.67035,-60.67035,0.11353602,0.05,0,0.0,True,6.067035,-0.008179147,-0.28328746601939203,40,126,1183,0,6,32,84.09056,1284.5171,-4.7473264,-5.914999999999896,0.0,-22.420756816864014,0.01886254851706326,0.07996398955583572,-105.94818687438965,0.0003
319,122876,994.1893,85,-5.81073,-5.81073,0.49692044,0.05,0,0.0,True,0.58107305,-0.008334596,-0.5825974056124685,62,97,38,0,19,66,105.245384,1614.0093,-6.5163536,-0.19000000000000009,0.0,-22.472591876983643,0.05298892920836806,0.07996403053402901,-106.1086654663086,0.0003
320,123382,994.2842,27,-5.7158203,-5.7158203,0.44967574,0.05,0,0.0,True,0.571582,-0.0065072905,-0.21230416186153897,22,124,2186,0,5,22,40.942757,1052.6813,-2.200456,-10.930000000000309,0.0,-22.387088298797607,0.036099768709391356,0.07996401377022266,-105.92267417907715,0.0003
321,123950,923.68317,450,-76.31683,-76.31683,2.887079,0.05,0,0.0,True,7.6316833,-0.03568055,-1.2703910536319019,123,48,275,1,180,270,1659.23,6063.753,-35.65339,-1.3749999999999927,0.0005160496,-22.42540407180786,0.018068946083076298,0.07996401935815811,-105.9644889831543,0.0003
322,124531,1009.7539,110,9.753906,9.753906,1.6591709,0.05,0,0.0,True,-0.9753906,-0.0133719975,-0.4007473071681744,92,103,138,1,29,81,331.57712,2250.2747,-10.135283,-0.6900000000000005,0.0,-22.418455600738525,0.025655885227024555,0.07996402308344841,-105.88529014587402,0.0003
323,125110,969.6649,91,-30.335083,-30.335083,0.07659967,0.05,0,0.0,True,3.0335083,-0.009795007,-0.49345100171864037,70,77,669,0,20,71,222.65654,3459.627,-13.940189,-3.344999999999951,0.0,-22.408326625823975,0.03015951393172145,0.07996395975351334,-105.94765090942383,0.0003
324,125633,998.2645,20,-1.7354736,-1.7354736,0.22426905,0.05,0,0.0,True,0.17354736,-0.0021039501,-0.1934417525302777,45,136,871,1,2,18,10.554554,1161.3914,-1.5779757,-4.354999999999929,0.0,-22.39114761352539,0.022043291945010424,0.07996401935815811,-105.8673267364502,0.0003
325,126139,1007.6427,139,7.6427,7.6427,2.841166,0.05,0,0.0,True,-0.76427,-0.012814329,-0.42118369877338413,27,50,91,0,62,77,831.9046,1403.1439,-5.4587326,-0.4550000000000003,0.0,-22.392117977142334,0.09349639574065804,0.0799640454351902,-105.89741516113281,0.0003
326,126650,786.51434,418,-213.48566,-213.48566,0.1931359,0.05,0,0.0,True,21.348566,-0.03362964,-1.2244865839928385,159,69,71,1,146,272,1261.0848,5958.3433,-27.006561,-0.3550000000000002,0.0004400925,-22.416633129119873,0.02420206251554191,0.07996397465467453,-105.90441131591797,0.0003
327,127192,991.88416,37,-8.115845,-8.115845,0.44512197,0.05,0,0.0,True,0.8115845,-0.008021074,-0.2882857079058886,42,72,788,0,5,32,46.05183,1250.0378,-3.2303045,-3.939999999999938,0.0,-22.382376194000244,0.06350299250334501,0.07996400818228722,-105.673095703125,0.0003
328,127731,882.5262,244,-117.473816,-117.473816,0.012186553,0.05,0,0.0,True,11.747382,-0.026284615,-1.0448707736283542,82,11,0,0,89,155,2559.8027,6270.4766,-23.53376,0.0,0.0,-22.360074996948242,0.05900244228541851,0.07996398955583572,-105.90716552734375,0.0003
329,128239,998.446,70,-1.5540161,-1.5540161,0.5190055,0.05,0,0.0,True,0.15540162,-0.007915067,-0.4565549947381046,53,7,530,0,17,53,62.14745,1370.2544,-5.324175,-2.6499999999999657,0.0,-22.432464599609375,0.03112844843417406,0.07996401935815811,-105.94377326965332,0.0003
330,128753,944.4356,272,-55.564392,-55.564392,0.5319202,0.05,0,0.0,True,5.5564394,-0.032196485,-0.8487245039641858,209,2,370,1,96,176,843.7659,3371.4539,-37.839073,-1.8499999999999825,0.0,-22.433835983276367,0.053656444884836674,0.07996398955583572,-106.05051040649414,0.0003
331,129278,1002.14075,10,2.140747,2.140747,0.17016244,0.05,0,0.0,True,-0.21407472,-0.0014802461,-0.14412257649004465,15,65,1653,1,0,10,0.0,1102.1611,0.0,-8.264999999999892,0.0,-22.431723594665527,0.019602468120865524,0.07996398955583572,-106.06504821777344,0.0003
332,129805,1000.20416,20,0.2041626,0.2041626,0.33616605,0.05,0,0.0,True,-0.02041626,-0.0018336031,-0.19921190105378625,50,103,1213,0,3,17,40.202415,1069.0323,-1.066809,-6.064999999999893,0.0,-22.41383647918701,0.19799021049402654,0.07996400259435177,-106.12890243530273,0.0003
333,130327,638.3871,455,-361.6129,-361.6129,0.0291799,0.05,0,0.0,True,36.161293,-0.058286037,-1.3376097365468735,222,207,185,0,150,305,1473.3572,9600.949,-50.285522,-0.9250000000000007,0.0,-22.429988384246826,0.030711408238857985,0.0799640417098999,-106.02531433105469,0.0003
334,130858,972.9428,48,-27.05719,-27.05719,0.25058293,0.05,0,0.0,True,2.705719,-0.0058201253,-0.27617243930697444,24,188,2953,0,12,36,10.832989,1399.2302,-3.5676973,-14.765000000000908,0.0,-22.421602725982666,0.02436114428564906,0.07996403239667416,-105.95382118225098,0.0003
335,131423,651.17267,324,-348.82733,-348.82733,3.92364,0.05,0,0.0,True,34.882732,-0.18843596,-1.020812988579272,144,77,459,0,114,210,889.0765,4142.792,-233.8449,-2.2949999999999733,0.0,-22.4116473197937,0.02466153632849455,0.07996406964957714,-105.53374099731445,0.0003
336,131931,992.3881,83,-7.6118774,-7.6118774,0.2834447,0.05,0,0.0,True,0.76118773,-0.00694153,-0.36596127264201667,92,70,316,1,18,65,103.78993,2026.8916,-8.0953865,-1.5799999999999883,0.0,-22.45896816253662,0.06109534855931997,0.07996395975351334,-106.09561157226562,0.0003
337,132481,570.036,574,-429.964,-429.964,0.000482815,0.05,0,0.0,True,42.9964,-0.20363122,-1.9204096341878178,272,116,2728,0,227,347,2183.3586,8916.375,-185.93575,-13.640000000000732,0.0,-22.450927734375,0.028045921702869236,0.07996401377022266,-106.04096412658691,0.0003
338,133005,972.8947,35,-27.105286,-27.105286,0.14994673,0.05,0,0.0,True,2.7105284,-0.0041593537,-0.28796574868261826,34,151,382,1,6,29,173.4303,1274.3888,-2.8680055,-1.9099999999999813,0.0,-22.43962287902832,0.018286585807800293,0.07996399700641632,-105.93950271606445,0.0003
339,133615,994.68713,17,-5.312866,-5.312866,0.3417195,0.05,0,0.0,True,0.5312866,-0.0019819832,-0.2617623974382877,30,32,526,1,0,17,0.0,1002.91815,0.0,-2.629999999999966,0.0,-22.440718173980713,0.03577617998234928,0.07996400259435177,-106.03862571716309,0.0003
340,134234,990.4742,15,-9.525818,-9.525818,0.22040516,0.05,0,0.0,True,0.95258176,-0.0019605914,-0.21910721637308583,37,70,262,1,0,15,0.0,1037.3237,0.0,-1.309999999999994,0.0,-22.35487937927246,0.07507993886247277,0.0799640454351902,-105.68803787231445,0.0003
341,136230,994.343,77,-5.6569824,-5.6569824,0.5096556,0.05,0,0.0,True,0.5656982,-0.009041762,-0.3007593934376724,64,134,16195,1,15,62,59.609123,1809.5618,-8.890146,-80.97499999999884,0.0,-22.386022567749023,0.3245480365585536,0.07996401377022266,-105.89596939086914,0.0003
342,136605,958.2209,73,-41.779114,-41.779114,0.011150635,0.05,0,0.0,True,4.1779113,-0.01222721,-0.4495501109957697,32,6,56,1,28,45,388.0237,1954.162,-11.66448,-0.28000000000000014,0.00022823179,-22.394222736358643,0.020936381304636598,0.07996402680873871,-105.79107284545898,0.0003
343,137140,1030.5442,21,30.54419,30.54419,1.8539964,0.05,0,0.0,True,-3.054419,-0.0018934894,-0.24053679034113887,53,72,641,0,4,17,50.769993,973.2097,0.0,-3.204999999999954,0.0,-22.468063831329346,0.024895408656448126,0.07996398955583572,-106.12699127197266,0.0003
344,137668,991.55725,128,-8.442749,-8.442749,0.79928637,0.05,0,0.0,True,0.84427494,-0.012615268,-0.6675604704787401,112,28,496,0,34,94,203.36404,2279.6257,-15.677271,-2.4799999999999693,0.0,-22.412653923034668,0.015340681653469801,0.07996401935815811,-105.97179222106934,0.0003
345,138284,933.6512,704,-66.348816,-66.348816,0.07145952,0.05,0,0.0,True,6.6348815,-0.044246618,-2.7132821948715575,294,36,351,0,259,445,2270.6062,8017.449,-66.348625,-1.7549999999999846,0.0044060596,-22.386319637298584,0.03627392835915089,0.07996397465467453,-105.94092178344727,0.0003
346,138804,889.5732,351,-110.42682,-110.42682,1.5535674,0.05,0,0.0,True,11.042682,-0.044486128,-1.2194573726927518,322,36,118,1,117,234,1193.805,5173.4575,-54.09636,-0.5900000000000004,0.0010595142,-22.456547737121582,0.017551997443661094,0.07996401377022266,-106.16536140441895,0.0003
347,139119,990.38214,16,-9.617859,-9.617859,0.24139155,0.05,0,0.0,True,0.96178585,-0.0031722211,-0.22507287412881852,39,89,78,0,2,14,37.775204,1133.2859,-0.04680244,-0.39000000000000024,0.0,-22.45857048034668,0.03532522264868021,0.07996403053402901,-105.9974193572998,0.0003
348,139636,1026.6871,235,26.687134,26.687134,3.4025004,0.05,0,0.0,True,-2.6687133,-0.03222458,-0.8677709154784681,116,74,1426,0,88,147,390.94608,2799.0159,-28.69109,-7.12999999999987,0.0,-22.350433349609375,0.13873525522649288,0.07996398955583572,-105.93042373657227,0.0003
349,140177,856.54407,500,-143.45593,-143.45593,2.2002523,0.05,0,0.0,True,14.345593,-0.08331881,-1.2569618398459041,277,96,944,0,155,345,882.2286,5197.62,-87.36407,-4.719999999999922,0.0,-22.394076347351074,0.047678841510787606,0.07996403053402901,-105.95349502563477,0.0003
350,140754,921.41284,202,-78.58716,-78.58716,1.5691957,0.05,0,0.0,True,7.858716,-0.029616235,-0.47755966067314143,95,52,111,1,74,128,1155.6993,4599.3555,-16.962872,-0.5550000000000004,0.00041672587,-22.43564748764038,0.01755957119166851,0.07996398955583572,-105.96181106567383,0.0003
351,141265,886.76135,642,-113.23865,-113.23865,0.8344512,0.05,0,0.0,True,11.323865,-0.0532494,-1.8017925431579362,316,47,1208,1,202,440,967.79596,7804.556,-72.01606,-6.0399999999998935,0.0,-22.443861484527588,0.009754263213835657,0.07996398955583572,-106.00544357299805,0.0003
352,141791,990.4184,12,-9.581604,-9.581604,0.13426101,0.05,0,0.0,True,0.9581604,-0.005735245,-0.1474603923410177,16,100,1522,0,1,11,12.121653,1016.7203,0.0,-7.60999999999986,0.0,-22.391721725463867,0.021855062106624246,0.07996403053402901,-105.71581649780273,0.0003
353,142303,987.2174,48,-12.782593,-12.782593,0.24058652,0.05,0,0.0,True,1.2782593,-0.00687236,-0.335298272818327,31,40,200,0,11,37,149.28542,1511.7019,-6.824078,-1.0000000000000007,0.0,-22.359222412109375,0.031738306395709515,0.07996400259435177,-105.69481658935547,0.0003
354,142849,990.42365,274,-9.576355,-9.576355,2.2434871,0.05,0,0.0,True,0.9576355,-0.032441866,-1.0229234091730628,252,34,736,0,88,186,492.42615,3579.0522,-32.679,-3.6799999999999438,0.0,-22.405208110809326,0.024131473619490862,0.07996403612196445,-105.92018699645996,0.0003
355,143360,925.3153,194,-74.68469,-74.68469,0.8785691,0.05,0,0.0,True,7.4684696,-0.030147608,-0.6534373369067904,175,69,33,0,65,129,854.3589,3680.8464,-20.637554,-0.16500000000000006,0.0,-22.4478178024292,0.02591519709676504,0.07996400259435177,-105.81796455383301,0.0003
356,143921,973.405,52,-26.59497,-26.59497,0.34916908,0.05,0,0.0,True,2.659497,-0.012614106,-0.3149600706994535,45,34,59,1,19,33,398.34494,1872.7457,-11.49092,-0.29500000000000015,0.0,-22.42943239212036,0.5413696730975062,0.07996400259435177,-106.04311180114746,0.0003
357,144450,995.52686,32,-4.4731445,-4.4731445,0.40891495,0.05,0,0.0,True,0.44731447,-0.0026514921,-0.29021009474992737,31,80,148,1,6,26,89.04156,1230.7249,-1.4617453,-0.7400000000000005,0.0,-22.44228506088257,0.021000513806939125,0.07996402680873871,-105.90751075744629,0.0003
358,144968,858.4539,416,-141.54608,-141.54608,1.0604175,0.05,0,0.0,True,14.154609,-0.03547555,-1.316524997726083,283,50,476,0,165,251,978.4722,5639.234,-52.796368,-2.3799999999999715,0.0,-22.425126552581787,0.05995714059099555,0.07996395975351334,-106.10198974609375,0.0003
359,145550,991.2074,46,-8.792603,-8.792603,0.33228812,0.05,0,0.0,True,0.87926024,-0.006317292,-0.26661190100014215,30,173,321,1,10,36,60.209045,1193.4259,-3.7315376,-1.6049999999999878,0.0,-22.42825698852539,0.015409728977829218,0.0799640454351902,-105.90436172485352,0.0003
360,146052,968.99066,24,-31.009338,-31.009338,0.24028406,0.05,0,0.0,True,3.1009338,-0.0038260734,-0.27667324785886294,73,38,1453,0,2,22,65.02037,959.193,0.0,-7.264999999999867,0.0,-22.392003059387207,0.19440621486864984,0.07996398955583572,-105.92832565307617,0.0003
361,146605,953.482,19,-46.518005,-46.518005,0.16987365,0.05,0,0.0,True,4.6518006,-0.0025682114,-0.17814487785100935,11,16,62,1,6,13,286.3478,904.4385,-0.56883466,-0.31000000000000016,0.0,-22.436866760253906,0.024932446889579296,0.07996408641338348,-105.86031341552734,0.0003
362,147311,937.38873,197,-62.611267,-62.611267,0.5639973,0.05,0,0.0,True,6.2611265,-0.01616504,-0.8617115472257139,98,74,954,1,55,142,305.20657,2990.9883,-18.35114,-4.7699999999999205,0.0,-22.416703701019287,0.024102215422317386,0.07996398955583572,-105.99661254882812,0.0003
363,147857,970.60144,107,-29.39856,-29.39856,0.11205932,0.05,0,0.0,True,2.9398558,-0.014011575,-0.3985689094821346,95,112,668,1,30,77,78.45618,1411.9147,-7.7894073,-3.339999999999951,0.0,-22.399065494537354,0.04068364109843969,0.07996400259435177,-105.78561973571777,0.0003
364,148375,997.8852,11,-2.1148071,-2.1148071,0.28988695,0.05,0,0.0,True,0.2114807,-0.00158573,-0.20330428704619413,16,50,218,1,0,11,0.0,1003.8142,0.0,-1.0899999999999987,0.0,-22.398174285888672,0.046045932918787,0.07996401935815811,-105.72320747375488,0.0003
365,149045,1000.4986,8,0.4985962,0.4985962,0.04000758228766976,0.05,0,0.0,True,-0.049859617,-0.0007145152,-0.16034823826528738,22,83,1179,0,0,8,0.0,1001.5176,0.0,-5.8949999999998965,0.0,-22.396849155426025,0.014394914964213967,0.07996403239667416,-105.64942741394043,0.0003
366,149633,973.6258,129,-26.374207,-26.374207,0.32668453,0.05,0,0.0,True,2.6374207,-0.05276996,-0.7464306616688166,87,99,568,0,42,87,145.70258,1596.9524,-32.581425,-2.8399999999999617,0.0,-22.373473167419434,0.03718441165983677,0.07996402308344841,-105.41253089904785,0.0003
367,150149,892.34424,769,-107.65576,-107.65576,2.6259773,0.05,0,0.0,True,10.765576,-0.061414763,-2.5373335876315832,428,46,609,0,280,489,1377.7003,6896.0366,-74.55976,-3.0449999999999573,0.0018272505,-22.368465900421143,0.04652588162571192,0.0799640454351902,-105.82080459594727,0.0003
368,151162,986.6656,182,-13.334412,-13.334412,2.8246074,0.05,0,0.0,True,1.3334411,-0.015970455,-0.8165161015838385,76,26,100,1,65,117,1270.928,3938.1553,-16.177507,-0.5000000000000003,0.0,-22.370095252990723,0.4096817660611123,0.07996398955583572,-105.96703720092773,0.0003
369,151701,898.09985,258,-101.90015,-101.90015,0.00023570625,0.05,0,0.0,True,10.190015,-0.016024271,-0.9137074782938198,72,11,0,0,104,154,1852.1304,4595.3726,-17.645594,0.0,0.0,-22.451581478118896,0.1865323658566922,0.07996398955583572,-105.92097282409668,0.0003
370,152345,999.73126,58,-0.2687378,-0.2687378,2.4837978,0.05,0,0.0,True,0.026873779,-0.008848507,-0.32236595332622514,27,69,212,1,25,33,614.6526,1772.2445,-5.987082,-1.0599999999999994,0.0,-22.3984375,0.01796801737509668,0.07996398955583572,-106.01243591308594,0.0003
371,152532,989.5064,18,-10.493591,-10.493591,0.012654249,0.05,0,0.0,True,1.0493591,-0.0040349374,-0.21925024688243863,22,20,384,1,1,17,115.68142,1019.29254,-1.2810827,-1.919999999999981,0.0,-22.425044536590576,0.05359756899997592,0.07996398396790028,-105.86750984191895,0.0003
372,153046,953.31903,82,-46.68097,-46.68097,0.34671992,0.05,0,0.0,True,4.668097,-0.016528355,-0.5564847490936516,98,118,866,1,14,68,158.54575,1832.8827,-17.750278,-4.32999999999993,0.0,-22.394319534301758,0.015566553687676787,0.07996400259435177,-105.85193061828613,0.0003
373,153698,1062.0635,16,62.063477,62.063477,3.3145745,0.05,0,0.0,True,-6.206348,-0.0036776247,-0.17597454689443107,27,29,309,0,5,11,248.71039,865.00946,-0.7973928,-1.544999999999989,0.0,-22.43040943145752,0.3956462712958455,0.07996397092938423,-106.10019111633301,0.0003
374,154236,842.72516,185,-157.27484,-157.27484,0.9885236,0.05,0,0.0,True,15.727484,-0.09651501,-0.6684493736922736,132,121,806,1,59,126,302.00162,3016.533,-77.06745,-4.029999999999936,0.0,-22.363499641418457,0.03759483131580055,0.07996401935815811,-105.7949275970459,0.0003
375,154774,750.2697,481,-249.73029,-249.73029,0.4847664,0.05,0,0.0,True,24.973028,-0.11625198,-1.182692171484233,381,121,813,1,105,376,701.2646,9813.603,-165.94029,-4.0649999999999356,0.0,-22.421416759490967,0.45364739932119846,0.07996401935815811,-105.63974952697754,0.0003
376,155285,990.2412,26,-9.758789,-9.758789,0.031990282,0.05,0,0.0,True,0.9758789,-0.0040754904,-0.3038283530622721,31,102,1325,1,2,24,1.6740171,1240.4874,-0.99958843,-6.624999999999881,0.0,-22.427802562713623,0.056544745806604624,0.07996398955583572,-106.01431655883789,0.0003
377,100512,1060.8257,161,60.825684,60.825684,6.4082685,0.05,0,0.0,True,-6.082568,-0.033950783,-0.5761735671013594,123,17,451,0,67,94,730.29785,3150.1028,-23.111063,-2.254999999999974,0.0,-22.37948179244995,0.20900508388876915,0.07996395975351334,-106.05936813354492,0.0003
378,101021,930.28314,115,-69.71686,-69.71686,0.12786816,0.05,0,0.0,True,6.9716854,-0.023319544,-0.5286083868891002,44,39,99,0,42,73,803.4043,3340.737,-23.014585,-0.49500000000000033,0.0,-22.412879943847656,0.03620851715095341,0.07996398955583572,-105.82328033447266,0.0003
379,101662,991.102,58,-8.89801,-8.89801,0.5954239,0.05,0,0.0,True,0.889801,-0.003543828,-0.3452547352552476,99,62,146,1,16,42,95.489944,1118.7974,-1.0908052,-0.7300000000000005,0.0,-22.400862216949463,0.027145220432430506,0.07996402308344841,-105.74439239501953,0.0003
380,102164,916.92957,389,-83.070435,-83.070435,1.8456215,0.05,0,0.0,True,8.307043,-0.044425067,-1.0828490225970737,248,41,1054,1,132,257,697.02576,5044.839,-50.1457,-5.26999999999991,0.0,-22.347585201263428,0.07263168133795261,0.07996398955583572,-106.03797912597656,0.0003
381,102689,874.76074,175,-125.23926,-125.23926,7.4434357,0.05,0,0.0,True,12.523926,-0.15574168,-0.5026920208334925,73,136,970,0,72,103,532.01013,3062.503,-130.71805,-4.849999999999919,0.0,-22.408934116363525,0.1139170490205288,0.07996401377022266,-106.05867576599121,0.0003
382,103265,995.59924,17,-4.400757,-4.400757,0.20156737,0.05,0,0.0,True,0.44007567,-0.0026774376,-0.1967599373310804,14,59,847,1,0,17,0.0,1041.6195,0.0,-4.234999999999932,0.0,-22.38463306427002,0.11414705635979772,0.07996401377022266,-106.07252502441406,0.0003
383,103799,1012.4115,37,12.411499,12.411499,1.9312221,0.05,0,0.0,True,-1.2411499,-0.02230711,-0.3088654148578643,27,75,1227,0,9,28,35.46294,1613.9364,-18.767555,-6.134999999999891,0.0,-22.4004487991333,0.0874136476777494,0.07996401935815811,-105.8834400177002,0.0003
384,104318,984.2017,40,-15.798279,-15.798279,0.14959174,0.05,0,0.0,True,1.5798278,-0.0052666473,-0.2760945554057527,43,50,725,1,8,32,76.064575,1329.6819,-2.4803395,-3.624999999999945,0.0,-22.400333881378174,0.03750579059123993,0.07996399328112602,-105.76163101196289,0.0003
385,104836,978.2885,52,-21.711487,-21.711487,0.9971745,0.05,0,0.0,True,2.1711488,-0.012143062,-0.4588536164203351,70,68,849,0,12,40,88.935844,1286.2772,-6.544204,-4.244999999999932,0.0,-22.4750657081604,0.023248213110491633,0.07996401377022266,-106.12115669250488,0.0003
386,105563,987.9686,17,-12.031372,-12.031372,0.11415333,0.05,0,0.0,True,1.2031372,-0.0020268979,-0.2541244532167912,65,66,450,0,0,17,0.0,1029.1885,0.0,-2.2499999999999742,0.0,-22.47446060180664,0.012566567282192409,0.07996403053402901,-106.15050888061523,0.0003
387,106080,834.85944,429,-165.14056,-165.14056,0.0029292412,0.05,0,0.0,True,16.514057,-0.057820547,-1.4434618572145705,158,81,889,0,157,272,523.7642,2837.1094,-64.543236,-4.4449999999999275,0.0,-22.390575408935547,0.030349069740623236,0.07996401935815811,-105.89299392700195,0.0003
388,106648,851.4931,310,-148.5069,-148.5069,2.9583192,0.05,0,0.0,True,14.85069,-0.13152283,-0.8032284884899853,143,325,1700,1,106,204,966.13684,5517.841,-122.25709,-8.499999999999929,0.0,-22.44056463241577,0.03137410408817232,0.07996401935815811,-106.02316284179688,0.0003
389,107196,999.68286,16,-0.31713867,-0.31713867,0.18892793,0.05,0,0.0,True,0.03171387,-0.000860284,-0.19823772859191427,21,103,222,1,3,13,27.042986,983.2573,0.0,-1.1099999999999983,0.0,-22.45975637435913,0.015608651097863913,0.0799640454351902,-106.20784187316895,0.0003
390,107738,981.3169,42,-18.683105,-18.683105,0.10131964,0.05,0,0.0,True,1.8683106,-0.0056300475,-0.2855187297612428,55,62,419,1,11,31,101.52644,1395.2258,-3.969931,-2.0949999999999775,0.0,-22.429696559906006,0.02554254583083093,0.07996397465467453,-105.98313331604004,0.0003
391,108261,851.2093,534,-148.79071,-148.79071,0.7298969,0.05,0,0.0,True,14.879072,-0.054751568,-2.236084737511039,342,105,171,0,186,348,1064.3896,7006.521,-87.50304,-0.8550000000000006,0.0,-22.399758338928223,0.06431290786713362,0.07996407896280289,-105.7117691040039,0.0003
392,108792,982.94244,91,-17.057556,-17.057556,1.0273365,0.05,0,0.0,True,1.7057557,-0.011350494,-0.535172654241324,49,62,66,1,34,57,494.52914,1740.5038,-6.426857,-0.3300000000000002,0.0,-22.436890125274658,0.01717657456174493,0.07996402308344841,-105.82472801208496,0.0003
393,109325,915.0495,357,-84.9505,-84.9505,1.3402655,0.05,0,0.0,True,8.495049,-0.022724569,-1.2334315971285106,157,94,360,1,131,226,1223.9285,5215.675,-30.190832,-1.7999999999999836,0.002181397,-22.3943829536438,0.021141500445082784,0.07996402680873871,-105.7256088256836,0.0003
394,109432,947.1782,123,-52.821777,-52.821777,0.00817021,0.05,0,0.0,True,5.282178,-0.0073385905,-0.47620061151658033,91,61,0,0,32,91,177.32292,2927.8347,-10.944092,0.0,0.0,-22.413846015930176,0.0327537942212075,0.07996400259435177,-106.05478477478027,0.0003
395,110007,933.8182,76,-66.18182,-66.18182,0.031060476,0.05,0,0.0,True,6.618182,-0.019131135,-0.42278640479078755,110,27,1286,1,17,59,176.55605,2294.6953,-22.581139,-6.429999999999885,0.0,-22.448854446411133,0.06498318538069725,0.07996400259435177,-106.04537010192871,0.0003
396,110542,931.86053,130,-68.139465,-68.139465,0.37742037,0.05,0,0.0,True,6.8139462,-0.016483372,-0.7054669889062642,132,52,778,0,41,89,151.59035,2454.9412,-9.664689,-3.8899999999999393,0.0,-22.448920726776123,0.019720433745533228,0.07996401377022266,-106.08731079101562,0.0003
397,111048,1000.2793,92,0.27929688,0.27929688,0.4675692,0.05,0,0.0,True,-0.02792969,-0.004655012,-0.6323849851800929,105,62,48,1,24,68,103.454,1778.2775,-5.1585617,-0.24000000000000013,0.0,-22.425695419311523,0.13777248631231487,0.07996402308344841,-105.64703750610352,0.0003
398,111563,999.4632,9,-0.5368042,-0.5368042,0.28026143,0.05,0,0.0,True,0.05368042,-0.0024156114,-0.1709273835686355,17,28,985,1,0,9,0.0,1019.78546,0.0,-4.924999999999917,0.0,-22.390315532684326,0.05720168864354491,0.07996401935815811,-105.87194442749023,0.0003
399,112157,997.80164,63,-2.1983643,-2.1983643,0.61975867,0.05,0,0.0,True,0.21983643,-0.0067789895,-0.34353620216250425,34,147,0,1,18,45,371.86365,1992.3588,-5.884678,0.0,0.0,-22.34799575805664,0.2516459310427308,0.07996403612196445,-105.3739242553711,0.0003
400,112698,950.98193,205,-49.018066,-49.018066,1.1931078,0.05,0,0.0,True,4.901807,-0.021829657,-0.7218177245557306,84,99,501,1,65,140,715.06366,3830.5134,-22.24247,-2.504999999999969,0.0,-22.375574111938477,0.09927982231602073,0.07996403239667416,-105.66389465332031,0.0003
401,113255,984.0199,38,-15.980103,-15.980103,0.087257564,0.05,0,0.0,True,1.5980102,-0.0065619694,-0.26881440490484226,45,146,2005,1,6,32,22.583101,1097.5189,-2.5105486,-10.025000000000167,0.0,-22.40889024734497,0.06161080067977309,0.07996401935815811,-105.9742660522461,0.0003
402,113802,4434.005,335,3434.005,3434.005,182.57536,0.05,0,0.0,True,-343.40048,-0.09722476,-1.0112034406512973,121,105,87,0,130,205,1307.4165,4074.2644,-34.9273,-0.4350000000000003,0.0,-22.34923791885376,0.028874836396425962,0.0799640454351902,-105.53929710388184,0.0003
403,114317,831.77747,461,-168.22253,-168.22253,0.29190567,0.05,0,0.0,True,16.822252,-0.036050998,-1.7790375427991068,173,18,760,0,183,278,1321.117,4309.2793,-41.53653,-3.799999999999941,0.0002796091,-22.389321327209473,0.03007923811674118,0.07996401935815811,-105.97134208679199,0.0003
404,114862,999.6599,35,-0.3400879,-0.3400879,0.5771349,0.05,0,0.0,True,0.03400879,-0.005468304,-0.23443106651306156,27,107,878,1,2,33,21.106136,1060.9276,-2.337494,-4.389999999999929,0.0,-22.39754009246826,0.02061085356399417,0.07996401935815811,-105.88445663452148,0.0003
405,115479,988.96185,15,-11.038147,-11.038147,0.026623607,0.05,0,0.0,True,1.1038147,-0.0012221074,-0.19866985626518718,36,102,405,1,2,13,21.56861,998.5793,0.0,-2.024999999999979,0.0,-22.420447826385498,0.0282036941498518,0.07996402680873871,-105.95394325256348,0.0003
406,116010,975.63947,89,-24.360535,-24.360535,0.13384488,0.05,0,0.0,True,2.4360533,-0.011392295,-0.7328190736472605,106,32,764,0,29,60,76.27589,1335.1045,-9.489731,-3.8199999999999408,0.0,-22.437801361083984,0.021860149689018726,0.07996398396790028,-106.122314453125,0.0003
407,116544,694.9411,316,-305.0589,-305.0589,0.00012223625,0.05,0,0.0,True,30.50589,-0.14235918,-1.0958791174739602,152,231,538,0,123,193,1207.1345,4847.6143,-96.98599,-2.689999999999965,0.0,-22.4274959564209,0.03122111316770315,0.07996396534144878,-105.951171875,0.0003
408,117210,881.635,343,-118.36499,-118.36499,0.5164478,0.05,0,0.0,True,11.836499,-0.048548378,-1.0842962834984062,226,73,448,0,107,236,914.43176,7363.655,-64.842926,-2.2399999999999745,0.0,-22.438573360443115,0.0409102737903595,0.07996401935815811,-105.86496353149414,0.0003
409,117775,953.63477,330,-46.365234,-46.365234,1.6279731,0.05,0,0.0,True,4.6365237,-0.024032583,-1.307700296298073,154,36,168,1,136,194,1181.7758,4641.3657,-24.24439,-0.8400000000000006,0.0,-22.40380573272705,0.4158988888375461,0.07996401935815811,-106.09450340270996,0.0003
410,118032,1043.8137,326,43.81372,43.81372,6.6661234,0.05,0,0.0,True,-4.381372,-0.028767033,-0.9482327356382622,313,72,274,0,75,251,380.68793,7217.563,-34.645897,-1.3699999999999928,0.0,-22.454442501068115,0.010705858003348112,0.07996401935815811,-105.98817253112793,0.0003
411,118581,1000.8017,14,0.8016968,0.8016968,0.12396185,0.05,0,0.0,True,-0.08016968,-0.000995013,-0.22873748719692236,28,136,305,1,2,12,47.58519,981.3088,0.0,-1.5249999999999895,0.0,-22.394926071166992,0.027256188448518515,0.07996401935815811,-105.92963600158691,0.0003
412,119082,1007.45056,21,7.4505615,7.4505615,0.60524404,0.05,0,0.0,True,-0.74505615,-0.0016848074,-0.21687204445419964,22,42,294,0,6,15,113.75777,1047.2515,-0.6208328,-1.4699999999999906,0.0,-22.392119884490967,0.024524616776034236,0.07996400818228722,-105.6630973815918,0.0003
413,119574,884.6787,143,-115.32129,-115.32129,0.51187325,0.05,0,0.0,True,11.532128,-0.015018595,-0.6612512984126808,82,41,124,0,53,90,630.6048,2683.2112,-16.782621,-0.6200000000000004,0.0,-22.408560276031494,0.01519895251840353,0.07996401935815811,-105.8680477142334,0.0003
414,120204,997.85455,60,-2.1454468,-2.1454468,0.59515387,0.05,0,0.0,True,0.21454468,-0.004730972,-0.3658980996906757,65,67,960,1,15,45,73.117226,1175.6779,-4.1319222,-4.79999999999992,0.0,-22.401706218719482,0.05367783457040787,0.07996402308344841,-105.60783004760742,0.0003
415,120821,987.6558,197,-12.344177,-12.344177,1.2169485,0.05,0,0.0,True,1.2344177,-0.022167873,-0.5603880396485327,133,102,408,1,60,137,351.0028,5050.3145,-20.726744,-2.0399999999999787,0.0,-22.463303089141846,0.013160154456272721,0.07996398955583572,-106.10946273803711,0.0003
416,121393,832.6181,580,-167.3819,-167.3819,1.6780754,0.05,0,0.0,True,16.73819,-0.059918202,-1.9750930737704036,476,176,1636,1,181,399,1166.0325,9981.917,-113.28003,-8.179999999999879,0.0,-22.41656494140625,0.06514248088933527,0.07996399328112602,-105.85774612426758,0.0003
417,121929,953.77484,13,-46.22516,-46.22516,1.2946725,0.05,0,0.0,True,4.622516,-0.012290749,-0.11347371242940427,1,79,11,1,4,9,818.9599,1834.8077,0.0,-0.05499999999999999,0.0,-22.423609256744385,0.03063399065285921,0.07996398955583572,-105.87420654296875,0.0003
418,122446,998.935,24,-1.0650024,-1.0650024,0.19658211,0.05,0,0.0,True,0.10650024,-0.0026468164,-0.3202939847111701,83,104,854,1,0,24,0.0,1008.8248,0.0,-4.269999999999931,0.0,-22.425467491149902,0.021319526713341475,0.07996400259435177,-106.0052261352539,0.0003
419,122837,934.4454,31,-65.55463,-65.55463,0.0,0.05,0,0.0,True,6.555463,-0.0075938725,-0.353713168413407,53,121,312,1,5,26,71.21564,1056.65,-3.9093504,-1.5599999999999887,0.0,-22.42214584350586,0.03264356788713485,0.07996401377022266,-106.03033828735352,0.0003
420,123350,1005.71375,45,5.713745,5.713745,0.54009897,0.05,0,0.0,True,-0.5713745,-0.0028098575,-0.252934831056623,44,19,186,0,6,39,29.268097,1182.494,-1.3759861,-0.9300000000000007,0.0,-22.408987045288086,0.03317397157661617,0.07996401935815811,-105.83817481994629,0.0003
421,123881,994.403,19,-5.596985,-5.596985,0.23321153,0.05,0,0.0,True,0.55969846,-0.0022314768,-0.18479295231401924,21,191,325,0,3,16,76.87234,1121.5452,-0.017074306,-1.6249999999999873,0.0,-22.460022449493408,0.023092249874025583,0.0799640454351902,-105.9297103881836,0.0003
422,124425,921.5764,130,-78.423584,-78.423584,0.51794124,0.05,0,0.0,True,7.842358,-0.024824472,-0.5190887838438196,96,185,827,0,44,86,565.60754,1608.6724,-13.823496,-4.134999999999934,0.0,-22.403709411621094,0.10011439723894,0.0799640417098999,-106.01003837585449,0.0003
423,125016,987.3757,96,-12.624329,-12.624329,0.9543314,0.05,0,0.0,True,1.2624329,-0.014967079,-0.47266888417303543,75,287,735,1,30,66,399.64603,2859.8464,-8.59719,-3.674999999999944,0.0,-22.40584421157837,0.045464702881872654,0.07996398955583572,-106.13203430175781,0.0003
424,125543,1012.5764,112,12.576416,12.576416,1.7722279,0.05,0,0.0,True,-1.2576416,-0.010287587,-0.5195617228746415,64,105,1205,0,33,79,250.45006,2738.1074,-11.169487,-6.024999999999894,0.0,-22.419121265411377,0.02102378976996988,0.07996400259435177,-105.87813568115234,0.0003
425,126122,1023.5078,7,23.507812,23.507812,1.5663326,0.05,0,0.0,True,-2.3507812,-0.002068404,-0.15308117467939142,23,69,150,1,0,7,0.0,1173.6721,0.0,-0.7500000000000006,0.0,-22.440255165100098,0.028593303402885795,0.07996401935815811,-105.94684410095215,0.0003
426,126646,1010.1948,14,10.194824,10.194824,0.7506393,0.05,0,0.0,True,-1.0194824,-0.0033676978,-0.1486643476784229,10,58,343,1,2,12,73.44345,1162.0426,-0.65669113,-1.7149999999999854,0.0,-22.395742416381836,0.05012815445661545,0.07996398955583572,-105.93272399902344,0.0003
427,127159,908.43756,188,-91.56244,-91.56244,3.4727368,0.05,0,0.0,True,9.156244,-0.056229115,-0.8241464819159922,167,32,219,1,79,109,1069.6199,3437.0415,-36.20206,-1.0949999999999986,0.0,-22.423280239105225,0.07615725509822369,0.07996399700641632,-106.00633239746094,0.0003
428,127698,988.7111,25,-11.288879,-11.288879,0.15906502,0.05,0,0.0,True,1.1288879,-0.0024592718,-0.18678597450256348,9,40,751,1,2,23,9.175233,1145.63,-0.90634835,-3.754999999999942,0.0,-22.454023361206055,0.041761688538827,0.07996398955583572,-106.03516578674316,0.0003
429,128270,964.8929,231,-35.107117,-35.107117,0.99453837,0.05,0,0.0,True,3.5107117,-0.020205038,-1.0318091182410716,93,0,784,1,75,156,584.471,3934.1824,-27.703732,-3.9199999999999386,0.0,-22.390146255493164,0.02478303387761116,0.07996399328112602,-105.70176124572754,0.0003
430,128842,987.5042,13,-12.495789,-12.495789,0.051019203,0.05,0,0.0,True,1.2495788,-0.0022656769,-0.13060184851288795,11,135,354,1,2,11,53.498566,1037.0168,0.0,-1.7699999999999843,0.0,-22.42369508743286,0.06450382666662335,0.07996398955583572,-105.81304550170898,0.0003
431,129376,805.3622,1351,-194.63782,-194.63782,1.7134391,0.05,0,0.0,True,19.463781,-0.11232621,-3.7410817968845365,1037,77,978,1,382,969,3054.6113,28912.219,-158.24191,-4.889999999999918,0.06849507,-22.4050931930542,0.05627131462097168,0.07996398955583572,-105.96126937866211,0.0003
432,129933,996.2169,17,-3.783081,-3.783081,0.33380103,0.05,0,0.0,True,0.3783081,-0.001071312,-0.20941262483596812,22,180,476,1,1,16,5.683638,995.6939,0.0,-2.3799999999999715,0.0,-22.406888484954834,0.03991043218411505,0.0799640454351902,-105.80498695373535,0.0003
433,130006,994.64417,28,-5.355835,-5.355835,0.15580532,0.05,0,0.0,True,0.5355835,-0.0027922676,-0.18700234621763231,52,43,0,0,3,25,16.575365,1102.4348,-0.34602976,0.0,0.0,-22.425931930541992,0.0373683487996459,0.07996398955583572,-106.05659675598145,0.0003
434,130738,962.42773,28,-37.572266,-37.572266,0.03447782,0.05,0,0.0,True,3.7572265,-0.0065156464,-0.2224779736727482,65,74,1295,1,8,20,103.02709,941.6166,-0.95431745,-6.474999999999884,0.0,-22.348906993865967,0.05424700188450515,0.0799640454351902,-105.81057929992676,0.0003
435,131259,940.0096,166,-59.990417,-59.990417,0.09718276,0.05,0,0.0,True,5.9990416,-0.024629684,-0.6838301636042522,126,68,718,1,53,113,469.78796,3936.7336,-31.91841,-3.5899999999999457,0.0,-22.39537477493286,0.03281153226271272,0.07996401377022266,-105.80600929260254,0.0003
436,131806,969.4509,116,-30.549072,-30.549072,0.5149065,0.05,0,0.0,True,3.054907,-0.011336711,-0.6422805521637203,55,30,10,0,38,78,765.21686,3788.5686,-12.891211,-0.049999999999999996,1.7635413e-05,-22.42844009399414,0.027929894626140594,0.07996401377022266,-106.21888160705566,0.0003
437,132086,942.3548,159,-57.645203,-57.645203,0.3397889,0.05,0,0.0,True,5.76452,-0.01911258,-0.504753381535411,56,36,13,1,63,96,630.78723,2389.9863,-13.098256,-0.06499999999999999,0.0,-22.33753776550293,0.40768721979111433,0.07996398955583572,-105.98881912231445,0.0003
438,132627,713.12,522,-286.88,-286.88,0.0,0.05,0,0.0,True,28.688002,-0.04246992,-1.6192169867455948,248,52,126,1,169,353,2225.3887,10959.66,-54.135094,-0.6300000000000004,0.0,-22.39804458618164,0.4018379617482424,0.07996396534144878,-105.8676528930664,0.0003
439,133166,990.96326,7,-9.036743,-9.036743,0.3901471,0.05,0,0.0,True,0.9036743,-0.0013374512,-0.11347371280193332,5,164,0,1,1,6,68.21825,1300.7848,0.0,0.0,0.0,-22.42179298400879,0.02421637624502182,0.07996398955583572,-105.82294082641602,0.0003
440,133796,967.86554,368,-32.13446,-32.13446,2.3800445,0.05,0,0.0,True,3.2134461,-0.047158994,-1.1404925812035802,225,66,955,1,130,238,762.26196,3556.8298,-43.239532,-4.77499999999992,0.0,-22.377229690551758,0.02871434681583196,0.07996401935815811,-105.94714164733887,0.0003
441,134479,1003.0418,12,3.041809,3.041809,0.39328712,0.05,0,0.0,True,-0.30418092,-0.001863599,-0.18838909620212202,37,66,846,0,1,11,2.7471027,1004.5468,0.0,-4.229999999999932,0.0,-22.412149906158447,0.024645003955811262,0.07996401935815811,-105.84004783630371,0.0003
442,135013,989.22943,16,-10.770569,-10.770569,0.19320847,0.05,0,0.0,True,1.0770569,-0.0016168437,-0.21215518683195114,22,89,218,0,2,14,82.969376,936.52203,0.0,-1.0899999999999987,0.0,-22.40844964981079,0.04417812032625079,0.07996400259435177,-106.07769203186035,0.0003
443,135590,832.1526,467,-167.84741,-167.84741,0.2404487,0.05,0,0.0,True,16.78474,-0.11321708,-1.186248953193426,289,153,333,0,143,324,839.32446,6677.6035,-104.422264,-1.6649999999999865,0.0,-22.45907163619995,0.013839920167811215,0.07996403053402901,-105.95600128173828,0.0003
444,136104,999.6329,12,-0.36712646,-0.36712646,0.2727151,0.05,0,0.0,True,0.036712646,-0.0021622411,-0.1946105445921421,17,39,1486,1,0,12,0.0,1103.0178,0.0,-7.429999999999864,0.0,-22.41146945953369,0.02178766648285091,0.07996401935815811,-105.79765892028809,0.0003
445,136632,929.93164,304,-70.06836,-70.06836,1.7769842,0.05,0,0.0,True,7.006836,-0.04008345,-1.1868923617154357,211,142,413,0,90,214,532.0907,4263.388,-50.34558,-2.064999999999978,0.0,-22.441940784454346,0.0267410920932889,0.0799640454351902,-105.86719131469727,0.0003
446,137180,981.38513,65,-18.614868,-18.614868,0.10536416,0.05,0,0.0,True,1.8614868,-0.0056790677,-0.37345090679824344,40,183,317,1,18,47,352.1231,1309.394,-4.4331527,-1.5849999999999882,0.0,-22.425511837005615,0.05195046006701887,0.07996401935815811,-105.9701099395752,0.0003
447,137721,996.97675,32,-3.0232544,-3.0232544,0.26259157,0.05,0,0.0,True,0.30232546,-0.0025029697,-0.31692001603543757,39,75,163,1,4,28,41.878895,1050.5532,-1.5015448,-0.8150000000000006,0.0,-22.379260063171387,0.22144760005176067,0.07996398396790028,-105.90737533569336,0.0003
448,138231,891.19055,317,-108.80945,-108.80945,3.962617,0.05,0,0.0,True,10.880945,-0.020997033,-1.1788202234357599,150,38,56,0,111,206,1335.6844,5781.3306,-26.152136,-0.28000000000000014,0.0,-22.39534568786621,0.10094327270053327,0.07996401935815811,-105.7647590637207,0.0003
449,138746,957.8555,94,-42.14447,-42.14447,0.22429073,0.05,0,0.0,True,4.214447,-0.01346264,-0.35636727981269367,51,45,1241,1,22,72,87.75815,1453.449,-6.7384753,-6.20499999999989,0.0,-22.439141273498535,0.16695289965718985,0.07996399700641632,-106.00220489501953,0.0003
450,139294,996.8002,5,-3.199829,-3.199829,0.021362431,0.05,0,0.0,True,0.31998292,-0.0010347081,-0.11347371198236943,8,103,217,1,0,5,0.0,1104.5137,0.0,-1.0849999999999989,0.0,-22.431117057800293,0.024301443714648485,0.07996401935815811,-105.85523796081543,0.0003
451,139835,982.89667,11,-17.103333,-17.103333,0.045121573,0.05,0,0.0,True,1.7103333,-0.014132377,-0.20134340547025203,14,193,1540,0,2,9,45.037487,1200.6932,-15.624203,-7.699999999999858,0.0,-22.443053245544434,0.011576315853744745,0.07996398396790028,-106.13731575012207,0.0003
452,140382,4409.1025,322,3409.1025,3409.1025,182.42485,0.05,0,0.0,True,-340.91025,-0.110666476,-0.919972036140085,136,102,86,0,107,215,1946.7797,5412.8433,-56.9695,-0.43000000000000027,0.0,-22.437886714935303,0.03990432643331587,0.07996400259435177,-105.82621192932129,0.0003
453,140896,1003.5314,36,3.531372,3.531372,0.64298874,0.05,0,0.0,True,-0.35313722,-0.004061688,-0.36033992052078245,125,12,661,0,5,31,60.547188,1272.0023,-3.1075642,-3.3049999999999518,0.0,-22.419160842895508,0.34806658467277884,0.07996401935815811,-105.83312797546387,0.0003
454,141445,712.4153,124,-287.58472,-287.58472,2.089702,0.05,0,0.0,True,28.758472,-0.10672523,-0.6768746609240766,44,54,359,0,55,69,605.4727,1912.7015,-106.31992,-1.7949999999999837,0.0,-22.45166778564453,0.015884768101386726,0.07996398955583572,-106.19133186340332,0.0003
455,142023,972.37476,36,-27.625244,-27.625244,0.17450526,0.05,0,0.0,True,2.7625244,-0.0046064835,-0.24791515074670323,34,104,480,0,4,32,47.383713,1226.7526,-2.913034,-2.399999999999971,0.0,-22.39667844772339,0.4528202712535858,0.0799640454351902,-105.71455955505371,0.0003
456,142551,995.4032,27,-4.5968018,-4.5968018,0.3852849,0.05,0,0.0,True,0.4596802,-0.0035887025,-0.2282394088804721,21,136,1041,0,5,22,47.49875,1225.536,-1.9163551,-5.204999999999911,0.0,-22.376261234283447,0.05865715444087982,0.0799640454351902,-105.71556663513184,0.0003
457,143057,971.0976,81,-28.902405,-28.902405,0.8251428,0.05,0,0.0,True,2.8902404,-0.009262688,-0.5071504209190606,78,43,404,0,17,64,189.25009,2441.234,-11.642382,-2.019999999999979,0.0,-22.42598295211792,0.07284251367673278,0.07996400259435177,-106.01692199707031,0.0003
458,143578,996.664,117,-3.3359985,-3.3359985,1.3296323,0.05,0,0.0,True,0.33359987,-0.011750255,-0.5376487299493695,56,13,23,1,38,79,346.11993,2093.6091,-11.38382,-0.11500000000000003,0.0,-22.446911334991455,0.17425118503160775,0.07996400259435177,-106.11737251281738,0.0003
459,144102,1003.8888,8,3.888794,3.888794,0.5885474,0.05,0,0.0,True,-0.3888794,-0.0010031906,-0.1134737157076597,1,15,0,1,0,8,0.0,1576.3063,0.0,0.0,0.0,-22.40418767929077,0.020350333070382476,0.07996397465467453,-105.8404655456543,0.0003
460,144654,924.74066,57,-75.25934,-75.25934,0.0,0.05,0,0.0,True,7.5259337,-0.029835349,-0.25788628727197643,59,79,886,1,13,44,129.54483,2464.9253,-27.279596,-4.429999999999928,0.0,-22.39866018295288,0.05180094437673688,0.07996405847370625,-105.6036491394043,0.0003
461,145169,1002.0799,9,2.079895,2.079895,0.18733495,0.05,0,0.0,True,-0.2079895,-0.00030718205,-0.18654404352751672,26,179,42,1,0,9,0.0,1172.6399,0.0,-0.2100000000000001,0.0,-22.40143918991089,0.02155178366228938,0.07996401935815811,-105.6955738067627,0.0003
462,145694,849.96844,281,-150.03156,-150.03156,0.06544087,0.05,0,0.0,True,15.003155,-0.020144884,-0.9573863743245601,98,118,0,0,103,178,1073.004,5506.24,-17.49112,0.0,0.0,-22.404917240142822,0.302156277699396,0.07996401935815811,-106.03116226196289,0.0003
463,146261,979.82086,90,-20.179138,-20.179138,0.20797224,0.05,0,0.0,True,2.0179138,-0.01422314,-0.38550991214811803,71,126,1304,1,28,62,296.17276,1801.314,-9.825122,-6.519999999999883,0.0,-22.41210174560547,0.034763261675834656,0.07996398955583572,-105.90017318725586,0.0003
464,146794,775.8476,113,-224.1524,-224.1524,0.7777574,0.05,0,0.0,True,22.41524,-0.04806533,-0.5087202356010678,216,75,573,0,34,79,351.34274,3150.6921,-62.85391,-2.864999999999961,0.0,-22.436060428619385,0.09314131131395698,0.07996397837996483,-106.0689811706543,0.0003
465,147324,1006.8446,11,6.8446045,6.8446045,1.2030509,0.05,0,0.0,True,-0.68446046,-0.0064916927,-0.19563791275024411,24,124,1485,0,1,10,32.430202,990.7415,0.0,-7.424999999999864,0.0,-22.409705638885498,0.01987122045829892,0.0799640417098999,-105.76847076416016,0.0003
466,147838,998.6197,9,-1.38031,-1.38031,0.24187997,0.05,0,0.0,True,0.138031,-0.0012400079,-0.1713154945522547,39,70,67,1,0,9,0.0,1119.1693,0.0,-0.3350000000000002,0.0,-22.430795669555664,0.05713935871608555,0.0799640454351902,-105.88300132751465,0.0003
467,148407,975.9871,53,-24.012878,-24.012878,0.2699655,0.05,0,0.0,True,2.4012878,-0.0030215473,-0.3035413786023854,35,123,19,1,12,41,212.64279,1467.4248,-2.5079722,-0.09500000000000001,0.0,-22.400650024414062,0.022272069472819567,0.0799640454351902,-105.70682907104492,0.0003
468,149034,974.88104,285,-25.118958,-25.118958,2.8429203,0.05,0,0.0,True,2.511896,-0.018321479,-1.0661436930298807,98,39,29,1,101,184,1305.51,5662.5107,-15.22773,-0.14500000000000005,0.003442187,-22.374743938446045,0.18115414958447218,0.07996396534144878,-105.8950366973877,0.0003
469,149560,983.9223,39,-16.077698,-16.077698,0.48310155,0.05,0,0.0,True,1.6077697,-0.008303615,-0.3700266181677578,30,4,799,0,7,32,106.36533,1779.0979,-9.940691,-3.994999999999937,0.0,-22.443454265594482,0.031164633575826883,0.07996400259435177,-106.02965354919434,0.0003
470,150124,972.1082,46,-27.891785,-27.891785,0.7582218,0.05,0,0.0,True,2.7891784,-0.0043701143,-0.2781233068555593,23,24,64,1,14,32,412.48065,1773.1307,-3.2704582,-0.3200000000000002,0.0,-22.409122943878174,0.029212833382189274,0.07996399328112602,-105.82249641418457,0.0003
471,150732,993.2824,12,-6.7175903,-6.7175903,0.41217375,0.05,0,0.0,True,0.671759,-0.0025470185,-0.11347371317446232,3,114,0,1,1,11,240.0,2057.2607,0.0,0.0,0.0,-22.39305877685547,0.02186588430777192,0.07996398955583572,-105.89807510375977,0.0003
472,151256,1027.9861,380,27.986084,27.986084,3.8973029,0.05,0,0.0,True,-2.7986083,-0.031048775,-1.3059071519345908,141,42,205,0,145,235,1056.8732,4712.259,-39.369865,-1.0250000000000001,0.0,-22.410110473632812,0.028302101185545325,0.07996398955583572,-105.8229808807373,0.0003
473,151734,989.9927,58,-10.007324,-10.007324,0.053087875,0.05,0,0.0,True,1.0007324,-0.005823923,-0.31860641390085215,78,54,1733,1,11,47,39.2515,1529.2185,-3.1324394,-8.664999999999955,0.0,-22.431925773620605,0.06493004504591227,0.07996403239667416,-105.62496948242188,0.0003
474,152287,958.51294,220,-41.48706,-41.48706,0.50110525,0.05,0,0.0,True,4.148706,-0.028213952,-0.8222213231027131,138,38,154,1,59,161,457.02625,3138.5693,-26.787783,-0.7700000000000006,0.0,-22.383375644683838,0.018927867407910526,0.07996401935815811,-105.93220710754395,0.0003
475,152829,999.2639,11,-0.736084,-0.736084,0.3021198,0.05,0,0.0,True,0.0736084,-0.0015221989,-0.14557700090110304,11,69,379,0,0,11,0.0,1018.932,0.0,-1.8949999999999816,0.0,-22.440045833587646,0.019927265122532845,0.07996401935815811,-105.93219947814941,0.0003
476,153371,998.036,133,-1.9639893,-1.9639893,2.858344,0.05,0,0.0,True,0.19639893,-0.011474952,-0.48089774429798116,26,94,65,1,47,86,993.95807,3216.0593,-9.9478245,-0.3250000000000002,0.0,-22.396350383758545,0.029752371832728386,0.07996403239667416,-105.7898941040039,0.0003
477,153973,926.29584,137,-73.70416,-73.70416,0.16556653,0.05,0,0.0,True,7.370416,-0.024584003,-0.638960083425045,122,100,1304,0,41,96,466.20218,2700.5837,-32.81546,-6.519999999999883,0.0,-22.41062021255493,0.054999087704345584,0.07996401935815811,-105.86416625976562,0.0003
478,154488,348.43896,709,-651.56104,-651.56104,0.004199444,0.05,0,0.0,True,65.156105,-0.06303908,-3.0217460885643983,389,33,1064,0,294,415,1747.2269,3866.7002,-111.319084,-5.319999999999909,0.00016060048,-22.392240524291992,0.09504628169815987,0.07996398955583572,-106.0500659942627,0.0003
479,155038,991.1594,33,-8.840576,-8.840576,0.63127184,0.05,0,0.0,True,0.8840576,-0.0020629237,-0.2561016079038381,22,68,0,0,9,24,191.49385,1188.2458,-1.7652701,0.0,0.0,-22.475679874420166,0.03546725679188967,0.07996395975351334,-106.18194961547852,0.0003
480,155645,989.4257,66,-10.57428,-10.57428,0.40025455,0.05,0,0.0,True,1.0574279,-0.008128048,-0.38826676267108173,69,108,195,1,17,49,265.4267,2479.2007,-7.1085167,-0.9750000000000008,0.0,-22.419157028198242,0.03288467461243272,0.07996401935815811,-105.83540725708008,0.0003
481,156184,984.01776,47,-15.982239,-15.982239,0.037777446,0.05,0,0.0,True,1.5982238,-0.005512322,-0.32169043578207507,84,146,1336,0,12,35,70.02786,1351.3195,-3.290951,-6.67999999999988,0.0,-22.426228523254395,0.013022491009905934,0.07996395975351334,-106.07190895080566,0.0003
482,156696,988.1787,33,-11.821289,-11.821289,0.07971084,0.05,0,0.0,True,1.1821289,-0.0041605947,-0.30671729439580586,64,43,431,1,7,26,30.758558,1956.576,-3.1940475,-2.1549999999999763,0.0,-22.450214385986328,0.07239000429399312,0.07996401935815811,-105.79671859741211,0.0003
483,157184,941.231,465,-58.768982,-58.768982,0.038557835,0.05,0,0.0,True,5.876898,-0.027475743,-2.8748356552483925,148,0,566,1,193,272,995.2941,3058.989,-44.267174,-2.829999999999962,0.0,-22.414379596710205,0.0347889238037169,0.0799640417098999,-105.84627342224121,0.0003
484,157731,872.1462,605,-127.85382,-127.85382,1.0506914,0.05,0,0.0,True,12.785382,-0.068918385,-2.24606298148632,512,41,305,1,197,408,1130.5254,6514.569,-114.9928,-1.5249999999999895,0.0,-22.402609825134277,0.023786212783306837,0.0799640454351902,-105.63492393493652,0.0003
485,158257,853.3803,217,-146.61969,-146.61969,1.5656375,0.05,0,0.0,True,14.661969,-0.028154949,-0.7892887541651725,120,221,105,0,78,139,1276.8623,5685.1743,-26.706463,-0.5250000000000004,0.0,-22.401535511016846,0.26445676712319255,0.07996403239667416,-105.82104301452637,0.0003
486,158775,960.01514,225,-39.984863,-39.984863,0.79448503,0.05,0,0.0,True,3.9984863,-0.02246085,-0.5789401908963915,58,125,373,1,89,136,776.6489,4340.048,-12.687912,-1.8649999999999822,0.0,-22.39229965209961,0.017236906569451094,0.07996400259435177,-106.19143295288086,0.0003
487,159299,989.21155,77,-10.788452,-10.788452,0.7864151,0.05,0,0.0,True,1.0788451,-0.0078538675,-0.27332345746457576,35,64,452,0,27,50,262.75186,1524.1073,-4.3945475,-2.259999999999974,0.0,-22.409313678741455,0.03478681924752891,0.0799640454351902,-105.9433650970459,0.0003
488,159838,653.03467,867,-346.96533,-346.96533,2.395012,0.05,0,0.0,True,34.696533,-0.10107998,-2.699308837205171,1042,112,1115,0,233,634,1298.4756,14434.054,-162.53102,-5.574999999999903,0.0011620941,-22.437671661376953,0.01036937755998224,0.07996399328112602,-105.98015022277832,0.0003
489,160356,941.6079,236,-58.39209,-58.39209,0.85439795,0.05,0,0.0,True,5.839209,-0.034670368,-1.133388483449816,250,28,1213,1,56,180,293.1164,4012.283,-44.05657,-6.064999999999893,0.0,-22.427828311920166,0.42386965546756983,0.07996398955583572,-106.03566932678223,0.0003
490,160854,807.6892,941,-192.31079,-192.31079,2.3261893,0.05,0,0.0,True,19.23108,-0.13047348,-3.0993681196868446,699,17,921,1,297,644,2933.8237,15916.198,-233.65036,-4.604999999999924,0.0016663474,-22.409183025360107,0.028843215899541974,0.07996406964957714,-105.6963062286377,0.0003
491,161399,995.1305,13,-4.869507,-4.869507,0.38610846,0.05,0,0.0,True,0.48695067,-0.011177781,-0.15469632491469387,16,153,1383,0,2,11,214.94203,845.73065,0.0,-6.914999999999875,0.0,-22.356098175048828,0.44613614678382874,0.07996403053402901,-106.07254409790039,0.0003
492,161848,1002.3769,47,2.376892,2.376892,1.7247405,0.05,0,0.0,True,-0.23768921,-0.0035137571,-0.21849788211286078,23,58,100,0,15,32,107.77889,1052.4803,-0.98578703,-0.5000000000000003,0.0,-22.38853693008423,0.04752988554537296,0.07996401935815811,-105.78428840637207,0.0003
493,162371,912.5426,255,-87.4574,-87.4574,0.20924576,0.05,0,0.0,True,8.74574,-0.034254473,-0.9296536287330834,175,115,1007,1,68,187,380.94562,3693.8506,-41.499966,-5.034999999999915,0.0,-22.349297523498535,0.04510507546365261,0.07996401935815811,-105.93587112426758,0.0003
494,162877,988.85474,109,-11.145264,-11.145264,0.7881017,0.05,0,0.0,True,1.1145264,-0.012690117,-0.5855703569948673,69,24,240,0,30,79,70.736244,1850.8073,-9.900964,-1.1999999999999964,0.0,-22.361164569854736,0.2049127146601677,0.07996409758925438,-105.83740425109863,0.0003
495,163390,920.1643,350,-79.83569,-79.83569,0.83439165,0.05,0,0.0,True,7.983569,-0.038314953,-1.3232709809757899,143,14,304,1,130,220,1224.348,4149.3555,-46.58144,-1.5199999999999896,0.0,-22.422793865203857,0.04539848677814007,0.07996401377022266,-106.11870384216309,0.0003
496,163924,950.33575,75,-49.664246,-49.664246,1.3219124,0.05,0,0.0,True,4.9664245,-0.024780003,-0.5579211954027413,99,66,295,0,28,47,335.31448,1726.9006,-27.257584,-1.4749999999999905,0.0,-22.40296173095703,0.025103806983679533,0.07996401935815811,-105.81767654418945,0.0003
497,164501,719.5654,465,-280.43457,-280.43457,1.333031,0.05,0,0.0,True,28.043457,-0.062134486,-1.3090271073579784,354,66,270,0,143,322,727.11914,4881.5864,-88.628876,-1.3499999999999932,0.0,-22.427533626556396,0.025218691444024444,0.07996401935815811,-105.9459228515625,0.0003
498,165012,866.9332,45,-133.06677,-133.06677,0.5462424,0.05,0,0.0,True,13.306677,-0.006883474,-0.2555905374139548,9,30,0,0,21,24,357.3181,1223.4617,-1.7510204,0.0,0.0,-22.421259880065918,0.02515114052221179,0.07996395975351334,-106.10881805419922,0.0003
499,165544,1065.3347,29,65.33472,65.33472,3.8134742,0.05,0,0.0,True,-6.5334716,-0.0043926486,-0.19640401728451254,18,107,232,0,6,23,16.331219,1517.1104,-2.7627907,-1.1599999999999973,0.0,-22.403996467590332,0.050064810551702976,0.07996403239667416,-105.74448776245117,0.0003
500,165731,985.6272,31,-14.372803,-14.372803,0.00015766118,0.05,0,0.0,True,1.4372802,-0.0027002695,-0.3411373654007912,44,0,18,1,7,24,108.20403,1137.8169,-2.2386007,-0.09000000000000001,0.0,-22.390028953552246,0.25113945780321956,0.07996401935815811,-105.88637733459473,0.0003
501,166373,906.67444,184,-93.32556,-93.32556,0.79083115,0.05,0,0.0,True,9.332557,-0.018814702,-0.8765064111498321,158,3,27,0,73,111,780.19354,2262.9854,-17.837517,-0.13500000000000004,0.0,-22.487637042999268,0.02570700505748391,0.07996396534144878,-105.93241310119629,0.0003
502,166840,1042.0499,80,42.049927,42.049927,2.9638712,0.05,0,0.0,True,-4.204993,-0.0036620114,-0.5173562137782576,56,64,450,1,29,51,319.53452,1174.7932,-2.556724,-2.2499999999999742,0.0,-22.444010257720947,0.016875251661986113,0.07996401935815811,-105.9465560913086,0.0003
503,167401,864.2,154,-135.79999,-135.79999,0.33249038,0.05,0,0.0,True,13.579999,-0.08260672,-0.6361698067933321,89,104,1560,0,47,107,327.42313,3906.643,-109.900475,-7.799999999999856,0.0,-22.43696117401123,0.03584933001548052,0.07996395975351334,-105.96882629394531,0.0003
504,167927,1004.27673,13,4.2767334,4.2767334,0.28940636,0.05,0,0.0,True,-0.42767334,-0.002798192,-0.18444776453077796,20,68,39,1,2,11,144.67886,946.82935,0.0,-0.1950000000000001,0.0,-22.438276767730713,0.035642010159790516,0.07996401935815811,-105.81311988830566,0.0003
505,168449,995.22205,103,-4.777954,-4.777954,1.2209485,0.05,0,0.0,True,0.4777954,-0.005395278,-0.6342605291577459,72,15,0,0,28,75,296.566,2503.4236,-7.99678,0.0,0.0,-22.405592918395996,0.037390547804534435,0.07996401377022266,-105.98892211914062,0.0003
506,168713,992.0983,19,-7.9016724,-7.9016724,0.0,0.05,0,0.0,True,0.7901672,-0.0015702874,-0.2581043994281914,39,6,1232,1,1,18,15.740963,1013.11743,0.0,-6.159999999999891,0.0,-22.431549549102783,0.02462294977158308,0.07996395975351334,-106.0506477355957,0.0003
507,169218,1014.2872,23,14.28717,14.28717,1.220837,0.05,0,0.0,True,-1.428717,-0.004697198,-0.20331720925867555,25,37,923,0,3,20,35.891823,1057.2953,-2.1612062,-4.614999999999924,0.0,-22.411465167999268,0.26207579113543034,0.07996401935815811,-106.04252052307129,0.0003
508,171132,929.0139,432,-70.986084,-70.986084,5.406525,0.05,0,0.0,True,7.0986085,-0.11240164,-2.264434568583966,255,48,4518,1,147,285,1365.1128,6171.944,-144.64601,-22.58999999999979,0.0,-22.439359664916992,0.011912243207916617,0.07996398955583572,-106.05290222167969,0.0003
509,171680,939.7864,88,-60.213623,-60.213623,2.5143623,0.05,0,0.0,True,6.0213623,-0.017456865,-0.6716086081897423,117,43,429,0,24,64,224.58496,1358.3016,-12.27621,-2.1449999999999765,0.0,-22.430086135864258,0.022393022663891315,0.07996403053402901,-105.91915893554688,0.0003
510,172214,943.0806,257,-56.919373,-56.919373,0.93271846,0.05,0,0.0,True,5.6919374,-0.03776312,-1.0668441950529812,194,74,959,1,80,177,246.52791,4265.2427,-28.514866,-4.79499999999992,8.9076246e-05,-22.44864273071289,0.01586790755391121,0.07996402308344841,-105.87088966369629,0.0003
511,172749,878.34576,284,-121.654236,-121.654236,0.32292438,0.05,0,0.0,True,12.165423,-0.03376419,-1.0656189113855363,149,51,760,0,108,176,665.49585,3128.6724,-31.13465,-3.799999999999941,0.0,-22.430771350860596,0.023274526000022888,0.07996398955583572,-105.97797584533691,0.0003
512,173272,769.7323,542,-230.2677,-230.2677,0.8514401,0.05,0,0.0,True,23.02677,-0.044621494,-1.2839572150391394,249,66,348,0,170,372,1871.7753,9383.573,-40.647324,-1.739999999999985,0.0010025417,-22.431575775146484,0.03743706154637039,0.07996407523751259,-105.64248466491699,0.0003
513,173798,987.8235,125,-12.176514,-12.176514,0.8799883,0.05,0,0.0,True,1.2176514,-0.009758821,-0.5011376845091583,64,17,309,0,35,90,212.28719,2262.2932,-11.872702,-1.544999999999989,0.0,-22.45624828338623,0.03835750976577401,0.07996398955583572,-105.76874351501465,0.0003
514,174304,990.68866,33,-9.31134,-9.31134,0.26071396,0.05,0,0.0,True,0.9311341,-0.00343479,-0.273609940931201,45,46,411,1,5,28,53.35185,1141.7957,-1.565162,-2.0549999999999784,0.0,-22.402225971221924,0.038789027370512486,0.07996398955583572,-105.83862495422363,0.0003
515,174824,892.7299,184,-107.27008,-107.27008,0.76693624,0.05,0,0.0,True,10.727008,-0.02154283,-0.6128289102762932,76,151,213,1,54,130,1127.5482,4494.048,-20.982098,-1.0649999999999993,8.44856e-06,-22.41238784790039,0.0143214421113953,0.07996403053402901,-106.05606269836426,0.0003
516,100539,977.02765,121,-22.972351,-22.972351,0.49520648,0.05,0,0.0,True,2.297235,-0.007445926,-0.5952590845461222,54,25,305,1,38,83,195.64983,2543.58,-7.746535,-1.5249999999999895,0.0,-22.384350299835205,0.03411574847996235,0.07996398769319057,-106.06681251525879,0.0003
517,101063,1141.5411,938,141.54114,141.54114,16.752285,0.05,0,0.0,True,-14.154114,-0.08896192,-3.6192652440071145,507,50,717,0,329,609,1642.0623,8414.279,-137.31604,-3.584999999999946,0.022698646,-22.42136859893799,0.023604923160746694,0.07996398769319057,-106.11610794067383,0.0003
518,101574,666.14667,418,-333.85333,-333.85333,0.88760495,0.05,0,0.0,True,33.385334,-0.044230297,-1.4357425990700716,257,30,241,0,143,275,1883.3809,8246.831,-50.544876,-1.2049999999999963,6.098687e-06,-22.41209602355957,0.017085724975913763,0.07996400259435177,-106.06330299377441,0.0003
519,102371,976.13666,222,-23.863342,-23.863342,1.235881,0.05,0,0.0,True,2.3863342,-0.011105855,-0.9735830610990525,205,67,837,0,72,150,290.14096,5458.27,-12.469483,-4.184999999999933,0.0,-22.388927936553955,0.113639404065907,0.07996407523751259,-105.57430267333984,0.0003
520,102729,630.2556,820,-369.7444,-369.7444,1.2842723,0.05,0,0.0,True,36.974438,-0.13840128,-1.9933825409412376,628,125,0,0,279,541,1507.8923,11109.903,-217.47568,0.0,0.0036187388,-22.400527954101562,0.05587749253027141,0.07996399141848087,-105.99016952514648,0.0003
521,103241,762.47534,843,-237.52466,-237.52466,1.9615935,0.05,0,0.0,True,23.752466,-0.12459929,-2.6724151547998174,226,107,273,0,351,492,3895.9607,7835.601,-155.00858,-1.3649999999999929,0.0,-22.439041137695312,0.0193614533636719,0.07996398769319057,-106.10593795776367,0.0003
522,103931,996.8578,11,-3.142212,-3.142212,0.5854676,0.05,0,0.0,True,0.31422117,-0.0022419863,-0.1574976249784231,5,44,0,0,1,10,32.953136,1192.5625,-0.40146214,0.0,0.0,-22.450210094451904,0.018819836666807532,0.07996398769319057,-106.12407875061035,0.0003
523,104502,976.20276,27,-23.797241,-23.797241,0.16746318,0.05,0,0.0,True,2.3797243,-0.0028069376,-0.17995634339749814,18,90,338,1,7,20,169.18506,1188.5099,-2.073974,-1.689999999999986,0.0,-22.425105094909668,0.03206368489190936,0.07996395975351334,-105.94429969787598,0.0003
524,105025,938.0046,76,-61.995422,-61.995422,0.04566337,0.05,0,0.0,True,6.199542,-0.018436296,-0.42609623864293095,83,42,1445,1,20,56,99.26964,2340.2427,-24.258816,-7.224999999999868,0.0,-22.408472537994385,0.04072226397693157,0.07996401749551296,-105.94171333312988,0.0003
525,105543,950.22516,85,-49.77484,-49.77484,0.0028158736,0.05,0,0.0,True,4.977484,-0.010811669,-0.39880078129470353,78,62,973,0,20,65,268.03857,2446.1318,-9.7402525,-4.8649999999999185,0.0,-22.4338436126709,0.012117306818254292,0.07996401749551296,-106.04918670654297,0.0003
526,106059,998.74475,20,-1.255249,-1.255249,0.26211908,0.05,0,0.0,True,0.12552491,-0.0036955,-0.21401946097612373,13,86,1499,1,5,15,1.8505372,1114.4142,-1.9346695,-7.494999999999862,0.0,-22.44071102142334,0.017021358013153076,0.07996397837996483,-105.9694881439209,0.0003
527,106580,968.26276,31,-31.737244,-31.737244,0.034502655,0.05,0,0.0,True,3.1737242,-0.006513215,-0.343664249614081,40,228,247,0,4,27,35.05971,1168.7219,-2.4828503,-1.2349999999999957,0.0,-22.394163608551025,0.034227445255964994,0.07996397465467453,-105.93202018737793,0.0003
528,107064,948.9869,92,-51.013123,-51.013123,0.04347027,0.05,0,0.0,True,5.101312,-0.014334172,-0.36628381706774243,76,38,823,1,18,74,301.2117,3041.0652,-11.47557,-4.1149999999999345,0.0,-22.379220485687256,0.02971310168504715,0.07996398769319057,-106.14047813415527,0.0003
529,107585,992.4636,43,-7.536377,-7.536377,1.2037787,0.05,0,0.0,True,0.7536377,-0.003995979,-0.4002681322842127,82,10,439,0,8,35,70.79333,1269.2233,-2.624946,-2.1949999999999754,0.0,-22.39233160018921,0.1265961779281497,0.07996395975351334,-105.97737693786621,0.0003
530,108142,989.16437,101,-10.835632,-10.835632,0.26095966,0.05,0,0.0,True,1.0835633,-0.0064840224,-0.4271639758348463,75,54,83,0,23,78,138.08496,2415.5737,-7.2648635,-0.41500000000000026,0.0,-22.424214363098145,0.019379021134227514,0.07996401749551296,-105.86958122253418,0.0003
531,108755,996.5373,28,-3.4627075,-3.4627075,0.18217298,0.05,0,0.0,True,0.34627077,-0.0025571976,-0.23453818231821055,43,50,746,1,6,22,50.874954,1002.1588,-0.47021067,-3.7299999999999427,0.0,-22.41923427581787,0.022385078482329845,0.07996401749551296,-105.8840103149414,0.0003
532,109281,992.46014,17,-7.539856,-7.539856,0.0063090576,0.05,0,0.0,True,0.7539856,-0.004403054,-0.15466525835264408,16,88,1814,0,6,11,62.342735,949.83856,0.0,-9.070000000000018,0.0,-22.42594051361084,0.4694108001422137,0.07996398769319057,-106.22005271911621,0.0003
533,109817,979.8006,135,-20.199402,-20.199402,0.27748802,0.05,0,0.0,True,2.0199401,-0.014336234,-0.5207812359184026,101,71,141,0,37,98,200.241,3353.5676,-14.724992,-0.7050000000000005,0.0,-22.417552947998047,0.083128921687603,0.07996401749551296,-106.13448333740234,0.0003
534,110347,1031.8307,164,31.830688,31.830688,3.9297519,0.05,0,0.0,True,-3.1830688,-0.015862001,-0.6515105222869635,54,6,84,1,70,94,659.8099,1920.688,-15.774332,-0.42000000000000026,0.0,-22.445493698120117,0.05601248983293772,0.07996400259435177,-106.1378002166748,0.0003
535,110919,1002.2583,61,2.2583008,2.2583008,1.0550343,0.05,0,0.0,True,-0.22583008,-0.008935324,-0.45786351174116147,64,0,790,1,17,44,198.38992,1780.0774,-8.49556,-3.949999999999938,0.0,-22.425798892974854,0.0848518677521497,0.07996395975351334,-105.97987937927246,0.0003
536,111455,1004.3779,13,4.3779297,4.3779297,0.6369927,0.05,0,0.0,True,-0.43779296,-0.0027941633,-0.15332067005336286,7,10,10,1,3,10,103.82418,1020.04376,-0.34313762,-0.049999999999999996,0.0,-22.45542049407959,0.009817465674132109,0.07996398210525513,-106.20090675354004,0.0003
537,112003,908.8162,657,-91.18378,-91.18378,3.5605276,0.05,0,0.0,True,9.118378,-0.06453829,-2.3137170852720716,385,104,404,0,214,443,645.103,7440.5776,-73.78362,-2.019999999999979,0.0,-22.41073513031006,0.06672987551428378,0.07996395975351334,-106.15945053100586,0.0003
538,112590,995.9191,59,-4.0808716,-4.0808716,0.8886335,0.05,0,0.0,True,0.40808716,-0.007917446,-0.39069751732051383,38,50,152,1,12,47,61.458755,1607.0582,-9.148341,-0.7600000000000006,0.0,-22.461026668548584,0.02410243754275143,0.07996398769319057,-106.10563659667969,0.0003
539,113250,695.65405,830,-304.34595,-304.34595,0.6622746,0.05,0,0.0,True,30.434593,-0.10699235,-2.103050249218552,456,163,296,1,290,540,2512.7603,14349.28,-181.89467,-1.4799999999999904,0.0,-22.394347667694092,0.026994437910616398,0.07996403239667416,-105.55655860900879,0.0003
540,113771,949.494,138,-50.50598,-50.50598,1.2280674,0.05,0,0.0,True,5.050598,-0.011727684,-0.5285441903165077,77,10,438,0,41,97,335.78748,2532.9382,-11.715882,-2.1899999999999755,0.0,-22.37431240081787,0.08967322437092662,0.0799640454351902,-105.91262817382812,0.0003
541,114313,966.81445,14,-33.185547,-33.185547,0.20259243,0.05,0,0.0,True,3.3185546,-0.01080493,-0.1883005029708147,16,131,1130,1,1,13,40.101673,996.16956,0.0,-5.649999999999902,0.0,-22.396597862243652,0.1364921615459025,0.07996403239667416,-105.84712982177734,0.0003
542,100515,932.01965,194,-67.98035,-67.98035,0.1545952,0.05,0,0.0,True,6.7980347,-0.023855444,-0.5753309453278781,134,184,565,1,59,135,535.38965,3838.0518,-17.781948,-2.824999999999962,0.0,-22.402554035186768,0.24652604572474957,0.07996401935815811,-105.98171043395996,0.0003
543,101021,944.6052,318,-55.394775,-55.394775,2.4956906,0.05,0,0.0,True,5.539478,-0.053292878,-0.9324568636971199,170,125,2185,0,100,218,572.3353,5037.89,-80.39597,-10.925000000000308,0.0,-22.438118934631348,0.13264268764760345,0.07996401935815811,-105.97929763793945,0.0003
544,101669,876.43677,123,-123.56323,-123.56323,1.3940113,0.05,0,0.0,True,12.356323,-0.034242693,-0.46598506599664674,71,105,442,0,46,77,602.0656,2778.4165,-15.231656,-2.209999999999975,0.0,-22.41362190246582,0.017857971135526896,0.07996401935815811,-105.70508193969727,0.0003
545,101813,850.9533,151,-149.04669,-149.04669,0.43664348,0.05,0,0.0,True,14.904669,-0.025039485,-0.5307235642522574,43,3,99,0,62,89,1132.3151,2083.424,-12.051904,-0.49500000000000033,0.0,-22.42391300201416,0.023637712700292468,0.07996398955583572,-106.11272239685059,0.0003
546,102339,974.207,57,-25.79303,-25.79303,0.1472026,0.05,0,0.0,True,2.5793028,-0.008778934,-0.4074494529495747,52,103,1040,1,11,46,53.985252,1721.8505,-9.389179,-5.199999999999911,0.0,-22.406606197357178,0.06315170181915164,0.07996401935815811,-106.05822944641113,0.0003
547,102878,987.6113,47,-12.388672,-12.388672,0.12683314,0.05,0,0.0,True,1.2388672,-0.0035901095,-0.29637610249221324,29,115,526,1,9,38,103.99516,1492.8035,-3.1316464,-2.629999999999966,0.0,-22.410423278808594,0.023138812743127346,0.07996398955583572,-106.07928085327148,0.0003
548,103396,1029.1300117110195,5,29.130011711019506,29.130011711019506,1.7790705896226484,0.05,0,0.0,True,-2.9130011711019503,-0.0012906058121185029,-0.1134737133111486,8,105,153,1,1,4,240.0,960.0,0.0,-0.7650000000000006,0.0,-22.3533673286438,0.030662165489047766,0.07996401935815811,-105.59579658508301,0.0003
549,103921,1042.1042,34,42.104248,42.104248,2.3486228,0.05,0,0.0,True,-4.210425,-0.0052775787,-0.2736615173518658,28,50,1160,0,5,29,7.9287667,1091.6603,-1.7651619,-5.799999999999899,0.0,-22.41009283065796,0.04339022282510996,0.07996401377022266,-105.91842269897461,0.0003
550,104428,998.0955,25,-1.90448,-1.90448,0.2837774,0.05,0,0.0,True,0.19044799,-0.0053758477,-0.2241090889275074,32,67,1205,0,3,22,5.74117,1266.4635,-5.2620606,-6.024999999999894,0.0,-22.43717908859253,0.020786810666322708,0.07996398955583572,-105.94671440124512,0.0003
551,104964,988.822,508,-11.1779785,-11.1779785,3.2995944,0.05,0,0.0,True,1.1177979,-0.055314824,-1.3307017962634557,311,66,866,1,179,329,607.25165,4299.702,-49.37903,-4.32999999999993,0.0,-22.436360359191895,0.024770833319053054,0.0799640417098999,-105.9925708770752,0.0003
552,105506,960.5432,189,-39.456787,-39.456787,1.7908659,0.05,0,0.0,True,3.945679,-0.028075248,-0.6815900621563199,102,103,567,0,51,138,446.37305,3209.7004,-25.474669,-2.8349999999999618,0.0,-22.427468299865723,0.04226267756894231,0.0799640454351902,-105.92729187011719,0.0003
553,106031,999.06305,17,-0.9369507,-0.9369507,0.30542028,0.05,0,0.0,True,0.09369507,-0.0014359732,-0.2644003247096377,61,21,266,1,2,15,17.30785,1090.8306,-0.46261686,-1.3299999999999936,0.0,-22.363279819488525,0.03806785470806062,0.07996401935815811,-105.86545944213867,0.0003
554,106632,681.0044,267,-318.9956,-318.9956,2.1977801,0.05,0,0.0,True,31.899559,-0.23228537,-1.252940210923554,118,106,2350,0,85,182,422.38077,4803.8335,-203.78174,-11.750000000000437,0.0,-22.39381980895996,0.012377717648632824,0.07996398955583572,-105.85299491882324,0.0003
555,107158,1000.5338,18,0.5338135,0.5338135,0.122207135,0.05,0,0.0,True,-0.05338135,-0.002439005,-0.2358710885985184,29,88,1811,0,2,16,91.42655,1068.1956,-0.77120435,-9.055000000000016,0.0,-22.387068271636963,0.050248244078829885,0.07996401935815811,-105.93811225891113,0.0003
556,108010,963.4733,304,-36.526672,-36.526672,3.4778879,0.05,0,0.0,True,3.6526673,-0.029630285,-0.9920352429576184,125,37,145,0,138,166,1712.8397,3982.263,-36.943867,-0.7250000000000005,0.0,-22.36707830429077,0.09623114042915404,0.07996401935815811,-105.68974876403809,0.0003
557,108554,985.67444,14,-14.325562,-14.325562,0.13471046,0.05,0,0.0,True,1.4325562,-0.0020471488,-0.19231605097651475,28,185,514,1,1,13,10.510813,1064.8785,0.0,-2.5699999999999674,0.0,-22.453976154327393,0.010716396966017783,0.0799639318138361,-106.17092514038086,0.0003
558,109105,945.69653,568,-54.303467,-54.303467,8.012359,0.05,0,0.0,True,5.4303465,-0.094157934,-1.5273198340088119,349,94,390,0,171,397,848.4321,7850.082,-90.20804,-1.9499999999999804,0.0,-22.4693660736084,0.014347114600241184,0.07996398955583572,-106.16914367675781,0.0003
559,109627,1003.42456,138,3.4245605,3.4245605,1.1393185,0.05,0,0.0,True,-0.34245607,-0.010985838,-0.46619786575436595,38,72,154,0,57,81,857.6937,3009.481,-7.193733,-0.7700000000000006,0.0,-22.416234970092773,0.040618977043777704,0.07996400259435177,-105.97464561462402,0.0003
560,109948,1014.73285,46,14.732849,14.732849,1.0933104,0.05,0,0.0,True,-1.4732848,-0.0040787184,-0.32974811553955075,23,74,141,1,13,33,294.17105,1502.1464,-3.3663917,-0.7050000000000005,0.0,-22.38783836364746,0.030059921089559793,0.07996402308344841,-105.75755310058594,0.0003
561,110486,944.1506,41,-55.849426,-55.849426,0.054426625,0.05,0,0.0,True,5.5849423,-0.014192735,-0.3539003352820873,22,189,895,1,10,31,154.72311,1664.5712,-11.425359,-4.474999999999927,0.0,-22.38588047027588,0.2169322392437607,0.07996399328112602,-105.81966209411621,0.0003
562,110580,968.5042,130,-31.495789,-31.495789,6.287174,0.05,0,0.0,True,3.1495788,-0.014759197,-0.5076244154432565,28,5,0,0,61,69,1348.5903,2216.0032,-10.594299,0.0,0.0070917998,-22.41366672515869,0.04033990576863289,0.07996401935815811,-105.79593849182129,0.0003
563,111091,891.1853,431,-108.8147,-108.8147,0.46818107,0.05,0,0.0,True,10.88147,-0.043345664,-1.6235880279540997,153,24,297,1,163,268,1646.8829,5246.558,-43.533722,-1.4849999999999903,0.0012709292,-22.421142101287842,0.060249061323702335,0.07996400818228722,-105.97252464294434,0.0003
564,111592,1005.23004,68,5.2300415,5.2300415,1.3026781,0.05,0,0.0,True,-0.5230042,-0.017467396,-0.3023265050351618,41,61,200,1,23,45,263.0595,1774.8468,-6.5559,-1.0000000000000007,0.0,-22.40718984603882,0.11539390869438648,0.07996398955583572,-105.9031982421875,0.0003
565,112120,986.19995,11,-13.800049,-13.800049,0.0,0.05,0,0.0,True,1.3800049,-0.0031327046,-0.2154494208097457,48,278,1192,1,0,11,0.0,1036.9296,0.0,-5.959999999999895,0.0,-22.447471141815186,0.011453102342784405,0.07996406964957714,-106.0485610961914,0.0003
566,112624,418.95172,421,-581.0483,-581.0483,0.20390807,0.05,0,0.0,True,58.104824,-0.10730547,-1.24832382313592,262,80,602,0,157,264,1138.4381,4911.1006,-157.53258,-3.009999999999958,0.0,-22.42789602279663,0.05887087737210095,0.07996401935815811,-105.93170928955078,0.0003
567,113202,977.0811,38,-22.918884,-22.918884,0.0,0.05,0,0.0,True,2.2918885,-0.0043241996,-0.30153893452428715,42,127,470,1,8,30,125.840996,1510.7384,-4.55209,-2.349999999999972,0.0,-22.369712829589844,0.019156087655574083,0.07996401935815811,-105.89916038513184,0.0003
568,113716,963.4194,307,-36.580627,-36.580627,1.8665366,0.05,0,0.0,True,3.6580627,-0.04001634,-0.8506608208268881,185,65,1647,1,95,212,462.2399,3986.9534,-43.605125,-8.234999999999888,0.0,-22.438414573669434,0.024561337660998106,0.07996400259435177,-106.16128730773926,0.0003
569,114233,970.0277,307,-29.97229,-29.97229,1.4882882,0.05,0,0.0,True,2.997229,-0.018867342,-1.0169725777953862,158,17,828,0,91,216,638.95715,4448.5957,-24.750673,-4.139999999999934,0.0,-22.393712997436523,0.2227207941468805,0.07996402308344841,-105.91383171081543,0.0003
570,114746,869.3413,718,-130.65869,-130.65869,2.3828907,0.05,0,0.0,True,13.065868,-0.07063173,-1.8707636998751285,318,82,684,1,252,466,1520.3163,8683.574,-55.25644,-3.4199999999999493,0.073414296,-22.389652729034424,0.057405995205044746,0.07996401935815811,-106.06722259521484,0.0003
571,115253,1011.3705,127,11.370483,11.370483,1.7391822,0.05,0,0.0,True,-1.1370484,-0.00824197,-0.5641755728423596,76,58,682,1,31,96,237.41995,2604.7195,-12.3637085,-3.4099999999999495,0.0,-22.38568925857544,0.03751577157527208,0.07996400259435177,-105.57882308959961,0.0003
572,115794,979.15186,127,-20.848145,-20.848145,0.6919781,0.05,0,0.0,True,2.0848143,-0.006596747,-0.49883744657039675,57,50,127,1,30,97,352.68228,3293.4119,-9.105709,-0.6350000000000005,0.0,-22.44962453842163,0.015584406210109591,0.07996401935815811,-106.14569664001465,0.0003
573,116258,908.89386,568,-91.10614,-91.10614,2.4993389,0.05,0,0.0,True,9.110614,-0.04381106,-1.989994273930788,251,3,218,0,194,374,846.33014,4934.315,-75.92021,-1.0899999999999987,0.0036430098,-22.42275047302246,0.022024817066267133,0.07996395975351334,-106.06085395812988,0.0003
574,116806,992.8546,76,-7.1453857,-7.1453857,0.9952695,0.05,0,0.0,True,0.7145386,-0.0057266685,-0.42128087580204016,62,151,1209,0,14,62,116.31587,2064.9495,-8.282803,-6.044999999999893,0.0,-22.413406372070312,0.023624910973012447,0.07996402308344841,-105.7348403930664,0.0003
575,117348,855.8262,382,-144.17383,-144.17383,4.225998,0.05,0,0.0,True,14.417383,-0.045333173,-1.1691353973001246,166,369,381,1,145,237,1152.2249,3630.6277,-39.12951,-1.9049999999999814,0.0,-22.399514198303223,0.02300883224233985,0.07996401377022266,-106.08977508544922,0.0003
576,117871,860.2219,372,-139.77808,-139.77808,0.5816379,0.05,0,0.0,True,13.977808,-0.026372861,-1.1658888739347453,212,68,349,0,108,264,1066.2518,9574.9375,-30.656628,-1.7449999999999848,0.0,-22.45196294784546,0.022398220375180244,0.0799640417098999,-106.03390312194824,0.0003
577,118385,984.6819,46,-15.318115,-15.318115,0.05987389,0.05,0,0.0,True,1.5318115,-0.005246517,-0.2674922545254228,74,38,1734,0,6,40,68.79135,1054.3134,-1.4779898,-8.669999999999956,0.0,-22.402612686157227,0.02453532163053751,0.07996396534144878,-105.88397598266602,0.0003
578,119007,987.8065,10,-12.193481,-12.193481,0.15251966,0.05,0,0.0,True,1.2193482,-0.00093455205,-0.1921355244517327,26,196,360,1,0,10,0.0,1031.3438,0.0,-1.7999999999999836,0.0,-22.462971210479736,0.0199760131072253,0.07996396534144878,-106.09332275390625,0.0003
579,119529,990.9586,27,-9.041382,-9.041382,0.34060678,0.05,0,0.0,True,0.9041382,-0.008137346,-0.28229477733373654,29,62,1096,0,4,23,139.76927,1244.0117,-10.551643,-5.479999999999905,0.0,-22.436054229736328,0.014254951383918524,0.07996398955583572,-106.03783798217773,0.0003
580,120090,813.9413,244,-186.05872,-186.05872,0.21552797,0.05,0,0.0,True,18.605871,-0.16027036,-1.0997651291685888,177,153,1011,0,87,157,1561.5978,5118.4204,-175.21532,-5.0549999999999145,0.0,-22.396099090576172,0.05384591221809387,0.07996405102312565,-105.71183013916016,0.0003
581,120638,965.7231,77,-34.276917,-34.276917,0.00614728,0.05,0,0.0,True,3.4276917,-0.008130782,-0.46607960681201965,61,96,798,0,16,61,91.62791,1774.0559,-6.3607044,-3.989999999999937,0.0,-22.415831565856934,0.033213887829333544,0.07996400259435177,-106.04426956176758,0.0003
582,121161,911.4351,113,-88.56488,-88.56488,0.5926211,0.05,0,0.0,True,8.856488,-0.01497655,-0.3795902010053395,36,67,89,1,41,72,851.6289,2475.0728,-12.625212,-0.4450000000000003,0.0,-22.419841289520264,0.016535175498574972,0.0799640454351902,-105.91940307617188,0.0003
583,121685,986.8743,26,-13.125671,-13.125671,0.0066446126,0.05,0,0.0,True,1.3125671,-0.0024556464,-0.22896225430071349,33,33,196,1,4,22,58.161713,1080.579,-0.84781605,-0.9800000000000008,0.0,-22.41456413269043,0.016240587225183845,0.07996401935815811,-105.72028732299805,0.0003
584,122211,795.3713,920,-204.62872,-204.62872,0.010132048,0.05,0,0.0,True,20.462872,-0.10355171,-2.537315023094414,1003,86,465,1,301,619,1200.4294,11832.028,-137.43472,-2.3249999999999726,0.00064352795,-22.371204376220703,0.37215223209932446,0.07996400259435177,-105.81784439086914,0.0003
585,122773,827.50305,165,-172.49695,-172.49695,0.7085075,0.05,0,0.0,True,17.249695,-0.06342413,-0.8386196448274246,418,22,293,0,55,110,1054.9283,4975.7944,-83.13412,-1.4649999999999908,0.0,-22.44943332672119,0.0720321296248585,0.07996401935815811,-105.97840690612793,0.0003
586,123328,957.89716,216,-42.102844,-42.102844,4.755184,0.05,0,0.0,True,4.210284,-0.02640105,-0.8493923180984425,148,4,64,0,84,132,1025.9025,3693.255,-33.35578,-0.3200000000000002,0.0,-22.450429916381836,0.023018438601866364,0.07996403053402901,-105.93637275695801,0.0003
587,123859,940.7288,330,-59.27118,-59.27118,0.0,0.05,0,0.0,True,5.927118,-0.024469566,-1.0568988022208219,231,22,939,0,124,206,797.0773,3793.7366,-29.651545,-4.694999999999922,0.0,-22.46477222442627,0.023656254168599844,0.07996399328112602,-105.98733901977539,0.0003
588,124373,1007.0039,21,7.0039062,7.0039062,1.2246715,0.05,0,0.0,True,-0.70039064,-0.0017415088,-0.2519753857702017,18,16,0,0,5,16,138.12077,955.07965,-0.5634781,0.0,0.0,-22.43233871459961,0.023026393726468086,0.07996398955583572,-105.99288558959961,0.0003
589,124897,1084.3884,49,84.38843,84.38843,4.6210413,0.05,0,0.0,True,-8.438843,-0.006341752,-0.2660718300181559,30,182,82,0,17,32,260.17874,1148.1915,-2.2690215,-0.41000000000000025,0.0,-22.403531074523926,0.09747880045324564,0.07996403053402901,-105.90199279785156,0.0003
590,125421,951.7395,59,-48.260498,-48.260498,0.088801876,0.05,0,0.0,True,4.82605,-0.030303663,-0.3796324857526116,66,241,843,0,20,39,395.11414,1284.8636,-21.094917,-4.214999999999932,0.0,-22.434719562530518,0.20274879387579858,0.07996400259435177,-106.21006774902344,0.0003
591,125960,1063.9265,9,63.926514,63.926514,3.3645563,0.05,0,0.0,True,-6.392651,-0.0031373387,-0.11347371280193334,3,165,0,1,3,6,258.39362,884.453,0.0,0.0,0.0,-22.391666889190674,0.019828734919428825,0.07996400259435177,-105.86503601074219,0.0003
592,126502,999.10864,20,-0.8913574,-0.8913574,0.43101475,0.05,0,0.0,True,0.08913574,-0.0030487909,-0.15312398582696915,10,99,49,1,4,16,133.45467,1506.0956,-1.1973557,-0.24500000000000013,0.0,-22.46513795852661,0.024418223882094026,0.07996398955583572,-106.07630920410156,0.0003
593,127189,1007.60486,26,7.6048584,7.6048584,1.050985,0.05,0,0.0,True,-0.7604858,-0.005536519,-0.20887164041399955,28,24,248,0,4,22,96.30394,999.51514,-0.8876907,-1.2399999999999956,0.0,-22.421205520629883,0.03854262130334973,0.07996398955583572,-105.92548751831055,0.0003
594,127717,1008.295,27,8.294983,8.294983,0.7239316,0.05,0,0.0,True,-0.8294983,-0.0046882965,-0.3093567502498626,45,77,1209,0,2,25,6.723501,1088.4103,-1.2305509,-6.044999999999893,0.0,-22.356651306152344,0.2304681008681655,0.07996401935815811,-105.81826782226562,0.0003
595,128240,940.165,275,-59.835022,-59.835022,1.2487139,0.05,0,0.0,True,5.983502,-0.045483854,-1.098669507801532,121,15,38,1,101,174,993.0184,5131.7114,-62.840046,-0.19000000000000009,0.0,-22.422327995300293,0.0712275099940598,0.07996403239667416,-105.90264701843262,0.0003
596,128760,1031.4136,11,31.413574,31.413574,2.7073095,0.05,0,0.0,True,-3.1413574,-0.0013584251,-0.15318418659269814,7,47,31,1,1,10,75.4925,1081.4539,0.0,-0.15500000000000005,0.0,-22.397934436798096,0.019476798828691244,0.07996401935815811,-106.08373069763184,0.0003
597,129338,997.3769,11,-2.623108,-2.623108,0.1239052,0.05,0,0.0,True,0.2623108,-0.0020460426,-0.1373517695814371,13,108,1613,0,0,11,0.0,1013.2609,0.0,-8.064999999999861,0.0,-22.40183734893799,0.02314960362855345,0.07996403612196445,-106.01772117614746,0.0003
598,129853,986.39886,13,-13.601135,-13.601135,0.26457122,0.05,0,0.0,True,1.3601135,-0.0043572136,-0.14660343959927555,26,107,863,0,3,10,205.39261,918.79736,-1.246618,-4.31499999999993,0.0,-22.42233371734619,0.04295344790443778,0.07996398955583572,-106.00607872009277,0.0003
599,130480,1002.9977,37,2.9976807,2.9976807,0.7725872,0.05,0,0.0,True,-0.29976806,-0.003162553,-0.22814223617315302,16,39,30,1,10,27,156.20317,1366.2793,-1.8058374,-0.15000000000000005,0.0,-22.434361934661865,0.022340317722409964,0.07996401935815811,-106.0492172241211,0.0003
600,131023,887.95483,638,-112.045166,-112.045166,3.0466504,0.05,0,0.0,True,11.204517,-0.12405386,-1.3789597650617367,476,62,313,0,171,467,918.7976,10119.042,-114.81245,-1.5649999999999886,0.0,-22.471057415008545,0.030075265560299158,0.07996401935815811,-105.93061447143555,0.0003
601,131588,1000.0,8,0.0,0.0,0.0,0.05,0,0.0,True,0.0,-0.0006443132,-0.15315606765449047,15,225,1547,0,0,8,0.0,1069.0299,0.0,-7.734999999999857,0.0,-22.442824363708496,0.05975183518603444,0.07996400818228722,-105.85285758972168,0.0003
602,132287,947.3511,369,-52.648926,-52.648926,1.8520653,0.05,0,0.0,True,5.2648926,-0.025956508,-1.0907977408015928,219,126,695,1,125,244,596.4752,5086.9893,-27.952356,-3.474999999999948,0.0,-22.346404552459717,0.04738125205039978,0.0799640454351902,-105.48567771911621,0.0003
603,132798,899.9672,36,-100.032776,-100.032776,0.60952455,0.05,0,0.0,True,10.003278,-0.01162068,-0.3514651289800273,114,125,577,0,7,29,385.7293,914.7851,-3.5105908,-2.8849999999999607,0.0,-22.436647415161133,0.07834923546761274,0.07996401935815811,-106.0171127319336,0.0003
604,133321,1001.1532,11,1.1531982,1.1531982,0.346012,0.05,0,0.0,True,-0.11531982,-0.0013094454,-0.17944945201277734,18,69,348,0,0,11,0.0,1087.6864,0.0,-1.739999999999985,0.0,-22.41829013824463,0.03190537681803107,0.07996395975351334,-106.0806655883789,0.0003
605,133844,948.4938,96,-51.506226,-51.506226,0.016108012,0.05,0,0.0,True,5.1506224,-0.013528819,-0.4931854385137559,69,42,1443,1,20,76,77.30737,1993.5784,-17.554352,-7.214999999999868,0.0,-22.436584949493408,0.017695557791739702,0.07996400259435177,-105.9230785369873,0.0003
606,134373,981.3456,12,-18.654419,-18.654419,0.13500476,0.05,0,0.0,True,1.8654419,-0.001667437,-0.16091792449355122,14,75,262,0,1,11,62.54546,1060.8425,0.0,-1.309999999999994,0.0,-22.431326389312744,0.43892511050216854,0.07996398396790028,-106.12108612060547,0.0003
607,134975,966.61194,23,-33.38806,-33.38806,0.38922516,0.05,0,0.0,True,3.3388064,-0.0039728237,-0.18781356751918796,12,170,111,1,7,16,418.7972,1002.7236,-1.7596768,-0.5550000000000004,0.0,-22.423667907714844,0.013599624391645193,0.07996398955583572,-106.11185836791992,0.0003
608,135602,993.0219,13,-6.9780884,-6.9780884,0.067922674,0.05,0,0.0,True,0.69780886,-0.0007155648,-0.19607717573642722,12,38,31,1,0,13,0.0,1013.7809,0.0,-0.15500000000000005,0.0,-22.432514667510986,0.011864027939736843,0.07996400259435177,-106.14862632751465,0.0003
609,136139,994.3394,16,-5.6605835,-5.6605835,0.16503489,0.05,0,0.0,True,0.56605834,-0.0018401018,-0.18827806726098062,13,227,1592,1,3,13,19.03348,986.5435,0.0,-7.9599999999998525,0.0,-22.423275470733643,0.03446599282324314,0.07996401935815811,-105.91092491149902,0.0003
610,136727,984.6244,28,-15.37561,-15.37561,0.19685753,0.05,0,0.0,True,1.537561,-0.0072126808,-0.1630362147092819,26,168,2136,0,6,22,143.24551,1827.4666,-5.6491137,-10.68000000000027,0.0,-22.394372940063477,0.05401923041790724,0.07996403239667416,-105.68985557556152,0.0003
611,137131,989.336,14,-10.664001,-10.664001,0.13386624,0.05,0,0.0,True,1.0664,-0.00050942035,-0.1853293685615063,21,126,319,1,0,14,0.0,1028.606,0.0,-1.594999999999988,0.0,-22.463180541992188,0.034564949572086334,0.07996401935815811,-105.99566268920898,0.0003
612,137762,836.49243,445,-163.50757,-163.50757,0.0,0.05,0,0.0,True,16.350756,-0.04022214,-1.586626343752918,196,313,1738,0,175,270,1034.1483,2640.783,-38.383553,-8.689999999999959,0.0,-22.408426761627197,0.03346581012010574,0.07996399328112602,-105.75744819641113,0.0003
613,138404,851.8327,174,-148.1673,-148.1673,0.12456996,0.05,0,0.0,True,14.81673,-0.023545649,-0.9118244657529286,110,3,28,0,78,96,922.3908,2177.9172,-17.92908,-0.14000000000000004,1.3295531e-05,-22.397140979766846,0.022834193659946322,0.07996397465467453,-105.90849876403809,0.0003
614,138937,957.92633,127,-42.07367,-42.07367,0.86249137,0.05,0,0.0,True,4.207367,-0.021679027,-0.5708836738765241,124,139,729,0,27,100,213.88965,2616.5042,-18.441496,-3.6449999999999445,0.0,-22.413350105285645,0.01610426139086485,0.07996395975351334,-106.16055297851562,0.0003
615,139463,992.5611,26,-7.438904,-7.438904,0.21708642,0.05,0,0.0,True,0.74389035,-0.004699326,-0.29430778222555515,38,102,1038,1,5,21,20.34398,1170.4506,-2.5099704,-5.189999999999912,0.0,-22.396800994873047,0.0247808457352221,0.07996401935815811,-106.00225448608398,0.0003
616,139998,1007.15784,23,7.157837,7.157837,0.47320276,0.05,0,0.0,True,-0.7157837,-0.004473382,-0.19787135109305387,33,75,1952,0,3,20,18.806725,1027.9347,-1.0891271,-9.760000000000126,0.0,-22.436821937561035,0.04035678831860423,0.07996403239667416,-105.89908981323242,0.0003
617,140517,971.6762,19,-28.323792,-28.323792,0.13466136,0.05,0,0.0,True,2.832379,-0.009940431,-0.2181453781574964,30,87,924,0,1,18,24.643002,1052.6302,-6.459078,-4.619999999999924,0.0,-22.40849256515503,0.03752460237592459,0.07996397465467453,-105.87549018859863,0.0003
618,141029,1030.9167,23,30.916748,30.916748,1.6580395,0.05,0,0.0,True,-3.0916748,-0.00222991,-0.3135465725134664,67,50,440,0,0,23,0.0,1010.5289,0.0,-2.1999999999999753,0.0,-22.320748805999756,0.19560001930221915,0.07996401935815811,-105.81280136108398,0.0003
619,141589,954.1941,153,-45.80591,-45.80591,1.1805463,0.05,0,0.0,True,4.5805907,-0.013888401,-0.6886841146287189,84,44,48,0,51,102,273.54358,2611.4214,-13.408549,-0.24000000000000013,0.0,-22.45702075958252,0.018227140652015805,0.07996398955583572,-106.1030445098877,0.0003
620,141896,990.04004,9,-9.959961,-9.959961,0.17024793,0.05,0,0.0,True,0.9959961,-0.003813246,-0.1366879538446665,9,30,520,1,1,8,20.432842,1021.4676,0.0,-2.599999999999967,0.0,-22.391395092010498,0.013048845808953047,0.07996398955583572,-105.90656280517578,0.0003
621,142441,1008.40027,8,8.400269,8.400269,0.44211793,0.05,0,0.0,True,-0.84002686,-0.0064700334,-0.16161055281758305,15,178,1411,0,0,8,0.0,1073.138,0.0,-7.054999999999872,0.0,-22.390244483947754,0.01912770699709654,0.07996399328112602,-105.95430755615234,0.0003
622,142996,739.5469,640,-260.45312,-260.45312,2.213433,0.05,0,0.0,True,26.045313,-0.11202778,-1.603054895848035,630,65,670,0,167,473,812.39923,10523.182,-194.8545,-3.349999999999951,0.01974052,-22.35849952697754,0.24913758970797062,0.07996407523751259,-105.75028991699219,0.0003
623,143506,992.5914,53,-7.4086304,-7.4086304,0.53184843,0.05,0,0.0,True,0.7408631,-0.0118035,-0.2215286173671484,22,143,1150,1,14,39,112.97726,1938.782,-9.004435,-5.7499999999999,0.0,-22.42240285873413,0.011194310733117163,0.07996401935815811,-106.1373062133789,0.0003
624,144022,992.94507,33,-7.0549316,-7.0549316,0.14861806,0.05,0,0.0,True,0.70549315,-0.0027313423,-0.3312250397354365,46,65,436,1,5,28,12.649784,1398.1969,-2.0739603,-2.1799999999999757,0.0,-22.418169021606445,0.015101962257176638,0.07996401935815811,-105.97834396362305,0.0003
625,144561,827.12494,318,-172.87506,-172.87506,0.0,0.05,0,0.0,True,17.287506,-0.0651105,-0.9483967789262534,287,137,834,1,80,238,406.41434,8226.911,-51.757793,-4.169999999999933,0.0,-22.44883441925049,0.2528787646442652,0.07996401935815811,-106.02982139587402,0.0003
626,145176,850.167,803,-149.83301,-149.83301,1.519983,0.05,0,0.0,True,14.983301,-0.06897487,-2.9757441157102575,394,103,1069,0,263,540,1512.649,9516.479,-108.400986,-5.344999999999908,2.9794977e-05,-22.41651439666748,0.02690067235380411,0.07996397465467453,-105.91706657409668,0.0003
627,145723,984.4851,30,-15.514893,-15.514893,0.080131754,0.05,0,0.0,True,1.5514892,-0.0033354356,-0.179589295759797,47,82,1137,1,4,26,23.187021,1268.9666,-1.5190666,-5.684999999999901,0.0,-22.426264762878418,0.018291550688445568,0.0799640454351902,-106.02317428588867,0.0003
628,146274,1009.77246,86,9.772461,9.772461,1.56562,0.05,0,0.0,True,-0.9772461,-0.033942394,-0.47225023649632925,98,52,352,0,23,63,242.00262,1691.9032,-17.565327,-1.7599999999999845,0.0,-22.40976905822754,0.07888817135244608,0.07996401935815811,-105.64732933044434,0.0003
629,146795,928.4309,99,-71.56909,-71.56909,0.52307844,0.05,0,0.0,True,7.1569095,-0.023180598,-0.5242801572400083,130,4,285,1,38,61,440.22083,971.00415,-7.460814,-1.4249999999999916,0.0,-22.367587566375732,0.14325888850726187,0.07996403239667416,-105.88726806640625,0.0003
630,147310,1040.449,228,40.448975,40.448975,4.121289,0.05,0,0.0,True,-4.0448976,-0.01558398,-0.9975194437056776,123,25,987,1,79,149,492.41925,2707.3938,-17.955526,-4.934999999999917,0.0,-22.424076080322266,0.049672956578433514,0.07996401935815811,-105.91422653198242,0.0003
631,147826,1009.32446,133,9.324463,9.324463,2.6305647,0.05,0,0.0,True,-0.9324463,-0.016432501,-0.5826837706565857,63,105,81,1,55,78,744.4165,2254.5442,-12.922231,-0.40500000000000025,0.0,-22.427525997161865,0.03334260452538729,0.07996397465467453,-105.95457649230957,0.0003
632,148468,979.2547,15,-20.7453,-20.7453,0.21881428,0.05,0,0.0,True,2.07453,-0.002521704,-0.19347525089979165,18,56,653,0,3,12,25.42707,1065.2239,-0.90373755,-3.2649999999999526,0.0,-22.42609405517578,0.01732196076773107,0.07996401935815811,-105.91045379638672,0.0003
633,149064,980.52,47,-19.47998,-19.47998,0.06137789,0.05,0,0.0,True,1.947998,-0.008898572,-0.37730369366705424,80,94,869,0,9,38,130.89241,1572.6334,-9.8221655,-4.34499999999993,0.0,-22.41271686553955,0.13300644047558308,0.07996401935815811,-105.96413993835449,0.0003
634,149624,842.25916,603,-157.74084,-157.74084,0.022480398,0.05,0,0.0,True,15.774085,-0.050262377,-2.0219881033585385,330,28,663,1,206,397,1437.006,7490.876,-67.24923,-3.3149999999999515,0.0,-22.434731483459473,0.057012592907994986,0.07996396534144878,-105.98501777648926,0.0003
635,150207,930.83154,103,-69.16846,-69.16846,1.4536815,0.05,0,0.0,True,6.916846,-0.019959249,-0.358362729176879,21,115,70,1,49,54,1437.688,2479.2498,-10.671878,-0.3500000000000002,0.0,-22.375224113464355,0.08060505194589496,0.07996401935815811,-105.92468070983887,0.0003
636,150659,941.25964,219,-58.740356,-58.740356,0.4678675,0.05,0,0.0,True,5.8740354,-0.022278417,-0.8057480119877504,173,17,400,0,65,154,658.8953,4707.1436,-28.987629,-1.9999999999999793,0.0,-22.43245792388916,0.022877795388922095,0.07996398396790028,-106.0965633392334,0.0003
637,151200,1017.03265,16,17.032654,17.032654,0.89645696,0.05,0,0.0,True,-1.7032653,-0.004360503,-0.22175448998808858,28,152,570,0,1,15,2.4308836,1000.85284,0.0,-2.8499999999999615,0.0,-22.42008924484253,0.04818944772705436,0.07996398955583572,-105.95974540710449,0.0003
638,151784,985.3391,442,-14.660889,-14.660889,4.4514027,0.05,0,0.0,True,1.4660889,-0.031883497,-1.5226858139038093,230,45,477,0,147,295,1041.3145,7559.656,-54.42223,-2.3849999999999714,0.0010398189,-22.3944354057312,0.16104165883734822,0.07996403612196445,-106.02165222167969,0.0003
639,152283,891.62,314,-108.380005,-108.380005,0.98853624,0.05,0,0.0,True,10.838,-0.032764357,-0.9701234451681375,142,128,307,1,103,211,1074.9546,4828.2993,-33.018948,-1.5349999999999893,0.0,-22.443222522735596,0.034694259287789464,0.07996401935815811,-106.00715446472168,0.0003
640,152809,919.36566,201,-80.63434,-80.63434,0.25737232,0.05,0,0.0,True,8.063434,-0.028314957,-1.0468268542969552,230,44,305,1,76,125,531.5295,2396.0125,-34.232784,-1.5249999999999895,0.0,-22.443089485168457,0.031020774971693754,0.07996395975351334,-106.20670127868652,0.0003
641,153320,1019.0796,51,19.07959,19.07959,1.3034009,0.05,0,0.0,True,-1.907959,-0.0040866104,-0.3725267567485572,51,29,238,0,11,40,86.4131,1613.0405,-4.710251,-1.1899999999999966,0.0,-22.461196422576904,0.01743025053292513,0.07996401377022266,-106.13454627990723,0.0003
642,153895,987.1542,143,-12.845825,-12.845825,0.7252629,0.05,0,0.0,True,1.2845825,-0.009304179,-0.7097140437364582,101,34,443,1,38,105,233.61865,2474.254,-11.983798,-2.214999999999975,0.0,-22.43885612487793,0.016885853838175535,0.07996398955583572,-105.95710372924805,0.0003
643,154408,872.33765,884,-127.66235,-127.66235,1.9463323,0.05,0,0.0,True,12.766236,-0.06673085,-2.5033172955363976,489,18,226,1,272,612,2299.5806,13902.922,-93.67929,-1.129999999999998,0.0,-22.360493659973145,0.4398375931195915,0.07996398955583572,-105.97257804870605,0.0003
644,154910,969.3491,79,-30.650879,-30.650879,0.6480128,0.05,0,0.0,True,3.0650878,-0.03662505,-0.3994797468458435,108,38,1454,0,21,58,189.7451,1858.526,-14.373812,-7.269999999999867,0.0,-22.364835262298584,0.09933768073096871,0.07996401935815811,-105.87809562683105,0.0003
645,155539,919.145,192,-80.85498,-80.85498,0.13125113,0.05,0,0.0,True,8.085498,-0.025027644,-0.9058197496831415,122,90,1587,1,58,134,477.0247,3399.7544,-39.305126,-7.934999999999853,0.0,-22.4607253074646,0.01996605866588652,0.07996400259435177,-106.12209129333496,0.0003
646,156068,852.51904,425,-147.48096,-147.48096,1.191351,0.05,0,0.0,True,14.748095,-0.042470753,-1.3790274321391018,239,77,1460,1,148,277,1223.2218,7336.7827,-49.199486,-7.299999999999867,0.0,-22.397964000701904,0.024629954481497407,0.07996398955583572,-105.78948211669922,0.0003
647,156603,995.8115,12,-4.1884766,-4.1884766,0.2175765,0.05,0,0.0,True,0.41884765,-0.0023462228,-0.20364674352109424,29,120,774,1,0,12,0.0,1099.0173,0.0,-3.8699999999999397,0.0,-22.438758850097656,0.02431765920482576,0.07996398955583572,-106.03975296020508,0.0003
648,157134,1004.7564,14,4.7564087,4.7564087,0.4390112,0.05,0,0.0,True,-0.47564086,-0.0042141313,-0.19606055254011065,33,90,860,0,0,14,0.0,1098.044,0.0,-4.2999999999999305,0.0,-22.399578094482422,0.03831108519807458,0.07996401935815811,-105.92183303833008,0.0003
649,157662,992.3241,90,-7.6759033,-7.6759033,1.0576819,0.05,0,0.0,True,0.76759034,-0.010961532,-0.5652011618018151,113,39,1143,0,17,73,166.28653,1634.8546,-10.750449,-5.7149999999999,0.0,-22.363524436950684,1.3497983748093247,0.07996402308344841,-105.92341041564941,0.0003
650,158265,971.64026,568,-28.359741,-28.359741,4.2396064,0.05,0,0.0,True,2.8359742,-0.041904982,-1.6142410813272006,342,82,366,1,209,359,1781.9285,8853.72,-63.697964,-1.829999999999983,0.0,-22.460090160369873,0.030139435082674026,0.07996400259435177,-106.17392921447754,0.0003
651,158768,872.5999,325,-127.400085,-127.400085,0.45663387,0.05,0,0.0,True,12.740008,-0.038712297,-1.3106453942588954,212,0,178,0,140,185,1329.2216,3150.3872,-59.284565,-0.8900000000000007,0.0,-22.347981929779053,0.03734208410605788,0.0799640454351902,-105.83285903930664,0.0003
652,159288,988.6472,18,-11.352783,-11.352783,1.099446,0.05,0,0.0,True,1.1352783,-0.0028836979,-0.1979997005311859,18,13,1,0,7,11,266.04004,1024.579,-0.91290176,-0.005,0.0,-22.462952136993408,0.011369029758498073,0.07996398955583572,-106.0715274810791,0.0003
653,159829,989.5932,10,-10.406799,-10.406799,0.00026140476,0.05,0,0.0,True,1.0406799,-0.0017394075,-0.16443585567176344,23,122,1413,1,0,10,0.0,1018.1367,0.0,-7.064999999999872,0.0,-22.443406581878662,0.18202132731676102,0.07996398955583572,-106.02370643615723,0.0003
654,160343,968.5811,95,-31.418884,-31.418884,0.7099629,0.05,0,0.0,True,3.1418886,-0.0214897,-0.4220796246081589,31,14,107,1,31,64,749.2259,2241.1497,-11.28094,-0.5350000000000004,0.0,-22.449448108673096,0.04313345649279654,0.07996403053402901,-105.97330665588379,0.0003
655,160866,1002.79614,9,2.7961426,2.7961426,0.14716436,0.05,0,0.0,True,-0.27961427,-0.00038901178,-0.19499346741141563,19,108,873,0,0,9,0.0,998.79486,0.0,-4.364999999999929,0.0,-22.42969799041748,0.014169968897476792,0.07996401935815811,-106.08443641662598,0.0003
656,161393,965.18335,101,-34.81665,-34.81665,0.39469364,0.05,0,0.0,True,3.481665,-0.010947371,-0.4336696066707373,64,48,68,1,31,70,471.05997,2597.29,-10.578167,-0.3400000000000002,0.0,-22.446917057037354,0.03204165259376168,0.07996397465467453,-106.09830093383789,0.0003
657,161910,1007.4256,35,7.425598,7.425598,0.6298845,0.05,0,0.0,True,-0.74255985,-0.0060556554,-0.33154088898689876,72,102,834,1,7,28,109.75391,989.05615,-1.6577737,-4.169999999999933,0.0,-22.422377109527588,0.41914813267067075,0.07996401935815811,-105.99633979797363,0.0003
658,162417,1006.8948,88,6.8947754,6.8947754,1.1241477,0.05,0,0.0,True,-0.6894775,-0.006380849,-0.4901932211220267,50,56,170,1,28,60,272.01932,1926.743,-7.266567,-0.8500000000000006,0.0,-22.3593807220459,0.23508073133416474,0.07996398955583572,-106.08537864685059,0.0003
659,163051,965.4645,39,-34.535522,-34.535522,0.16005021,0.05,0,0.0,True,3.4535522,-0.006598598,-0.20167567975819115,19,100,243,0,7,32,204.68927,1623.9758,-3.116507,-1.214999999999996,0.0,-22.426109313964844,0.011200705543160439,0.07996398955583572,-106.00358009338379,0.0003
660,163549,837.5382,11,-162.46179,-162.46179,0.068213865,0.05,0,0.0,True,16.24618,-0.005801427,-0.17054797939956187,22,16,7,0,4,7,449.89017,801.62524,-0.81645834,-0.035,0.0,-22.38449716567993,0.03622952080331743,0.07996399328112602,-105.77808380126953,0.0003
661,164048,966.75116,86,-33.24884,-33.24884,1.0424833,0.05,0,0.0,True,3.3248842,-0.0125274025,-0.5798012959930061,68,9,632,1,26,60,183.53918,1455.6573,-9.416825,-3.159999999999955,0.0,-22.403204917907715,0.0701776584610343,0.07996401935815811,-105.859130859375,0.0003
662,164576,985.10425,96,-14.895752,-14.895752,0.15332973,0.05,0,0.0,True,1.4895751,-0.009380706,-0.38033185324580127,65,85,613,1,28,68,214.2096,2222.2505,-9.638752,-3.064999999999957,0.0,-22.459202766418457,0.01887759775854647,0.07996398955583572,-106.15060234069824,0.0003
663,165112,997.7337,14,-2.2662964,-2.2662964,0.42070806,0.05,0,0.0,True,0.22662964,-0.0042721387,-0.1931065085530281,16,71,1150,0,1,13,7.6034136,1031.0189,0.0,-5.7499999999999,0.0,-22.440295696258545,0.03185457899235189,0.07996401935815811,-105.653564453125,0.0003
664,165642,983.73975,28,-16.260254,-16.260254,0.43847317,0.05,0,0.0,True,1.6260253,-0.006325534,-0.2786086423317039,61,37,503,0,5,23,118.05251,1076.3835,-2.9228528,-2.5149999999999686,0.0,-22.42444372177124,0.11355651170015335,0.07996398955583572,-105.9732608795166,0.0003
665,166211,1000.64764,13,0.64764404,0.64764404,0.2825145,0.05,0,0.0,True,-0.0647644,-0.0011143228,-0.15872881770133968,19,173,1188,1,0,13,0.0,1054.1041,0.0,-5.939999999999896,0.0,-22.436973094940186,0.04016306973062456,0.07996398955583572,-106.09182357788086,0.0003
666,166750,923.94403,207,-76.05597,-76.05597,6.221307e-09,0.05,0,0.0,True,7.6055965,-0.01558828,-0.9508551635015462,63,11,0,0,81,126,1842.7406,4296.4907,-17.571938,0.0,0.0,-22.338858127593994,0.47783777862787247,0.0799640454351902,-105.90786933898926,0.0003
667,167351,807.1865,175,-192.81348,-192.81348,0.9542956,0.05,0,0.0,True,19.281347,-0.14469174,-0.5604749274253843,101,103,2329,0,49,126,338.12766,5976.564,-118.16056,-11.64500000000042,0.0,-22.410068035125732,0.034079221775755286,0.07996398955583572,-106.11954307556152,0.0003
668,167921,914.1516,173,-85.84839,-85.84839,0.5505083,0.05,0,0.0,True,8.584839,-0.041287947,-0.7425006387382742,162,85,1699,1,57,116,513.96185,3961.5146,-27.449593,-8.494999999999928,0.0,-22.40528154373169,0.2666814245749265,0.07996398955583572,-105.85409736633301,0.0003
669,169799,982.97186,52,-17.028137,-17.028137,0.016642712,0.05,0,0.0,True,1.7028139,-0.0034685049,-0.3142684062570332,54,77,7991,1,14,38,88.97839,1302.2407,-2.4566839,-39.95500000000199,0.0,-22.436108589172363,0.030108005739748478,0.07996398396790028,-106.07965850830078,0.0003
670,169986,989.25836,48,-10.741638,-10.741638,0.05020605,0.05,0,0.0,True,1.0741638,-0.0067042527,-0.2717271815985442,41,19,382,1,11,37,181.20837,1251.6216,-5.980228,-1.9099999999999813,0.0,-22.418906688690186,0.013149226550012827,0.07996401935815811,-106.05099868774414,0.0003
671,170401,1013.8715,12,13.871521,13.871521,0.94098055,0.05,0,0.0,True,-1.3871521,-0.0070944047,-0.184920545102228,36,86,911,0,2,10,121.14856,920.1119,0.0,-4.554999999999925,0.0,-22.41445255279541,0.2654419024474919,0.07996401377022266,-106.06911087036133,0.0003
672,170983,885.2036,56,-114.79639,-114.79639,0.0,0.05,0,0.0,True,11.479638,-0.030993551,-0.39866841971874223,67,156,1246,0,20,36,633.45776,923.1424,-9.167324,-6.229999999999889,0.0,-22.39603281021118,0.04532592836767435,0.07996399328112602,-106.02278137207031,0.0003
673,171529,995.4079,27,-4.592102,-4.592102,0.9035461,0.05,0,0.0,True,0.45921022,-0.0037996578,-0.24362744167447106,39,97,658,0,3,24,23.730007,1006.31805,-0.90824616,-3.289999999999952,0.0,-22.36055326461792,0.039255441166460514,0.07996407523751259,-105.8493595123291,0.0003
674,172101,922.7375,177,-77.26251,-77.26251,0.96425533,0.05,0,0.0,True,7.726251,-0.016634066,-0.6567537115514277,51,17,195,1,77,100,901.53,2297.3074,-11.086526,-0.9750000000000008,0.0,-22.396491050720215,0.13074931735172868,0.07996401935815811,-106.05375671386719,0.0003
675,172609,988.5101,81,-11.489929,-11.489929,0.17117548,0.05,0,0.0,True,1.148993,-0.0074662506,-0.39859814740717425,49,81,399,0,20,61,105.03461,1793.6284,-8.135799,-1.9949999999999795,0.0,-22.4510555267334,0.013399523915722966,0.07996403053402901,-106.04348945617676,0.0003
676,173279,995.28186,59,-4.7181396,-4.7181396,1.3484876,0.05,0,0.0,True,0.47181398,-0.008235765,-0.37068876370787623,87,108,923,0,12,47,81.53473,1516.008,-4.5419674,-4.614999999999924,0.0,-22.42675542831421,0.07075059739872813,0.07996401935815811,-105.89904594421387,0.0003
677,173835,991.95337,59,-8.046631,-8.046631,0.83114564,0.05,0,0.0,True,0.80466306,-0.008736652,-0.3002133360505104,50,69,267,0,16,43,174.32164,2118.2036,-8.244969,-1.3349999999999935,0.0,-22.40632915496826,0.06061643594875932,0.07996403612196445,-105.86355781555176,0.0003
678,174370,829.83105,231,-170.16895,-170.16895,0.2151072,0.05,0,0.0,True,17.016895,-0.072597265,-0.8423493863681225,194,66,654,0,67,164,299.7239,3745.0952,-72.401924,-3.2699999999999525,0.0,-22.396846771240234,0.0302914350759238,0.07996401935815811,-105.96841239929199,0.0003
679,174887,944.74976,131,-55.250244,-55.250244,0.004163017,0.05,0,0.0,True,5.5250244,-0.019041441,-0.4846045161783698,103,102,122,1,44,87,388.02496,3291.5522,-16.615345,-0.6100000000000004,0.0,-22.31231689453125,0.5544812567532063,0.07996405102312565,-105.52952766418457,0.0003
680,175471,961.03796,105,-38.962036,-38.962036,0.07371025,0.05,0,0.0,True,3.8962035,-0.020850476,-0.5070996364206076,58,115,813,1,31,74,287.90884,2883.987,-12.249438,-4.0649999999999356,0.0,-22.362205505371094,0.06556100584566593,0.07996402308344841,-105.51994323730469,0.0003
681,175997,1143.7493,38,143.74927,143.74927,8.644684,0.05,0,0.0,True,-14.374927,-0.025262041,-0.25785879977047443,23,201,949,0,7,31,46.03768,1470.6176,-17.104225,-4.744999999999921,0.0,-22.39524269104004,0.25353902531787753,0.07996398955583572,-106.03717994689941,0.0003
682,176600,979.98706,36,-20.01294,-20.01294,0.1285661,0.05,0,0.0,True,2.001294,-0.0035960595,-0.3766858394115451,81,82,365,1,11,25,136.05087,1223.0134,-3.637433,-1.824999999999983,0.0,-22.41826581954956,0.04385343287140131,0.07996398955583572,-106.0143985748291,0.0003
683,177147,969.659,188,-30.341003,-30.341003,0.74456346,0.05,0,0.0,True,3.0341003,-0.018581554,-0.849045827721506,144,39,304,1,67,121,284.6236,2055.283,-24.649885,-1.5199999999999896,0.0,-22.417747497558594,0.02382464474067092,0.07996400259435177,-105.73389053344727,0.0003
684,177594,994.8232,145,-5.176819,-5.176819,0.8024481,0.05,0,0.0,True,0.5176819,-0.009219453,-0.7262947726249699,47,3,27,0,61,84,863.24255,2184.5684,-9.672767,-0.13500000000000004,0.00016129905,-22.447248458862305,0.015550773357972503,0.07996398955583572,-106.10605430603027,0.0003
685,179954,962.62067,122,-37.379333,-37.379333,0.78026146,0.05,0,0.0,True,3.7379332,-0.010383857,-0.6465066131949428,80,83,11973,1,34,88,112.57792,1954.818,-10.194591,-59.865000000012174,0.0,-22.443283557891846,0.053545653354376554,0.07996398955583572,-106.01497459411621,0.0003
686,180468,992.21356,8,-7.786438,-7.786438,0.11755712,0.05,0,0.0,True,0.7786438,-0.0008563752,-0.16276200905442245,9,60,420,1,0,8,0.0,1068.2777,0.0,-2.0999999999999774,0.0,-22.40312147140503,0.04547977331094444,0.07996398955583572,-106.10370063781738,0.0003
687,180997,998.4022,22,-1.5977783,-1.5977783,0.50355524,0.05,0,0.0,True,0.15977784,-0.0017882161,-0.22405142575969367,24,79,165,0,4,18,27.028267,1040.6694,-0.88960063,-0.8250000000000006,0.0,-22.41343402862549,0.0882015647366643,0.07996401377022266,-106.10593223571777,0.0003
688,181586,951.2462,159,-48.753784,-48.753784,0.1155377,0.05,0,0.0,True,4.875378,-0.013902522,-0.6814606128837452,115,40,193,1,50,109,281.54013,3515.5798,-19.84829,-0.9650000000000007,0.0,-22.36707353591919,0.021315361838787794,0.07996403053402901,-106.06056785583496,0.0003
689,182124,965.1156,236,-34.8844,-34.8844,0.8319691,0.05,0,0.0,True,3.48844,-0.018631516,-0.786907244101167,146,40,524,1,72,164,553.85223,4524.9204,-26.291452,-2.6199999999999664,0.0,-22.434048175811768,0.03343989420682192,0.07996400259435177,-106.06291770935059,0.0003
690,182634,1009.56433,15,9.564331,9.564331,0.96701884,0.05,0,0.0,True,-0.95643306,-0.002272726,-0.28794379875063897,34,66,288,0,1,14,15.214472,990.91266,0.0,-1.4399999999999913,0.0,-22.414124488830566,0.09733736235648394,0.07996398955583572,-105.92893028259277,0.0003
691,183159,991.9884,15,-8.011597,-8.011597,0.029957071,0.05,0,0.0,True,0.8011596,-0.001973364,-0.21521618358790875,43,88,228,1,2,13,43.50625,1049.1346,0.0,-1.1399999999999977,0.0,-22.360093593597412,0.07275851722806692,0.07996401935815811,-106.05116081237793,0.0003
692,183715,999.64954,11,-0.35046387,-0.35046387,0.15436172,0.05,0,0.0,True,0.035046387,-0.0010336369,-0.16533372774720193,18,91,376,1,0,11,0.0,1001.78687,0.0,-1.879999999999982,0.0,-22.370445728302002,0.04569711210206151,0.07996398955583572,-105.79478645324707,0.0003
693,184243,951.778,133,-48.221985,-48.221985,0.54876685,0.05,0,0.0,True,4.8221984,-0.038452007,-0.7064807041734457,95,60,1196,0,31,102,157.96393,2518.6685,-33.50999,-5.979999999999895,0.0,-22.438759803771973,0.054451129864901304,0.0799640454351902,-105.85701560974121,0.0003
694,184757,985.927,26,-14.072998,-14.072998,0.13064353,0.05,0,0.0,True,1.4072999,-0.0041126506,-0.25943445339798926,38,64,1628,1,5,21,14.498487,1187.8135,-2.4876065,-8.139999999999873,0.0,-22.447924613952637,0.0227820856962353,0.07996401935815811,-105.8311824798584,0.0003
695,185300,942.28613,354,-57.713867,-57.713867,0.7294896,0.05,0,0.0,True,5.7713866,-0.031855024,-1.0114618506282573,266,620,525,1,93,261,553.2781,7579.319,-43.01145,-2.6249999999999662,0.0,-22.429351329803467,0.28750981867779046,0.07996398955583572,-105.99221420288086,0.0003
696,185829,1001.1885,6,1.1884766,1.1884766,0.3290429,0.05,0,0.0,True,-0.11884765,-0.00069786387,-0.11347371406853202,3,89,35,1,0,6,0.0,1194.7653,0.0,-0.17500000000000007,0.0,-22.39516592025757,0.15700324857607484,0.07996398396790028,-106.17707252502441,0.0003
697,186346,974.1391,234,-25.8609,-25.8609,0.68554807,0.05,0,0.0,True,2.58609,-0.017223185,-1.138725923922898,148,27,903,0,60,174,311.46878,3109.7366,-24.867561,-4.514999999999926,0.0,-22.42240810394287,0.04477073019370437,0.07996405847370625,-105.59977912902832,0.0003
698,186881,935.4603,159,-64.53967,-64.53967,0.01350722,0.05,0,0.0,True,6.453967,-0.012532664,-0.6233305503659048,109,65,278,1,50,109,366.6931,3426.175,-15.434775,-1.3899999999999924,0.0,-22.41200876235962,0.05519238649867475,0.07996400818228722,-106.11758995056152,0.0003
699,187436,1031.0339,170,31.033936,31.033936,3.6685667,0.05,0,0.0,True,-3.1033936,-0.026568314,-0.8085270466655493,166,39,1827,0,33,137,89.57347,3278.3381,-28.80546,-9.135000000000028,0.0,-22.42156219482422,0.04132985952310264,0.07996398955583572,-105.95076560974121,0.0003
700,187975,1001.3269,99,1.3269043,1.3269043,1.4458733,0.05,0,0.0,True,-0.13269043,-0.0125378035,-0.5440668719261887,89,7,1387,1,28,71,295.67944,2125.9565,-13.292636,-6.934999999999874,0.0,-22.410738945007324,0.21595047763548791,0.07996406964957714,-106.00844955444336,0.0003
701,188493,1183.6262,568,183.62622,183.62622,18.835577,0.05,0,0.0,True,-18.362621,-0.064468235,-1.8303757462617043,395,87,700,0,166,402,611.86017,6438.2554,-88.60025,-3.4999999999999476,0.0,-22.429025173187256,0.009366297628730536,0.07996401935815811,-106.01650810241699,0.0003
702,189096,939.8175,220,-60.182495,-60.182495,1.1154969,0.05,0,0.0,True,6.0182495,-0.03035182,-0.8557144852020997,175,82,359,1,76,144,863.49854,4680.2,-31.060379,-1.7949999999999837,7.942509e-05,-22.414011478424072,0.017222131020389497,0.07996400259435177,-105.9593505859375,0.0003
703,189620,1004.58154,14,4.581543,4.581543,0.43332556,0.05,0,0.0,True,-0.45815432,-0.0019393496,-0.25893655162511187,55,81,895,1,0,14,0.0,1029.7079,0.0,-4.474999999999927,0.0,-22.465680599212646,0.020142243709415197,0.07996397465467453,-106.19573020935059,0.0003
704,190168,1001.4214,5,1.4213867,1.4213867,0.07480862,0.05,0,0.0,True,-0.14213867,-0.0013869227,-0.11347371242940425,4,224,556,0,0,5,0.0,1006.0838,0.0,-2.779999999999963,0.0,-22.37809181213379,0.2510739618446678,0.07996401935815811,-106.01690483093262,0.0003
705,190325,997.3858,39,-2.6141968,-2.6141968,0.50772333,0.05,0,0.0,True,0.26141968,-0.0024352404,-0.26459205254912377,64,135,72,0,8,31,34.207558,1359.1165,-1.7291803,-0.3600000000000002,0.0,-22.43217372894287,0.04332773433998227,0.07996401935815811,-105.83848571777344,0.0003
706,190633,947.1871,268,-52.812927,-52.812927,0.6081707,0.05,0,0.0,True,5.2812924,-0.027406855,-1.1206961917503226,134,23,865,1,91,177,550.4522,3487.949,-32.463886,-4.32499999999993,0.0,-22.416312217712402,0.04606114514172077,0.07996395975351334,-106.06982231140137,0.0003
707,190706,975.3545,403,-24.645508,-24.645508,1.8622133,0.05,0,0.0,True,2.4645507,-0.03884809,-0.61756307721138,205,42,0,0,118,285,1127.3715,7190.4854,-43.797634,0.0,0.0067093777,-22.422667026519775,0.026076025795191526,0.07996398955583572,-105.9916763305664,0.0003
708,191258,820.2936,499,-179.70642,-179.70642,0.18097048,0.05,0,0.0,True,17.970642,-0.06654145,-1.1902584813535209,334,120,730,1,143,356,909.3003,8255.114,-63.946392,-3.6499999999999444,0.0,-22.38070297241211,0.04583691619336605,0.07996399328112602,-105.69757843017578,0.0003
709,191862,992.8351,15,-7.164917,-7.164917,0.18222773,0.05,0,0.0,True,0.7164917,-0.0008170398,-0.2637145002859833,44,118,269,0,0,15,0.0,1022.7628,0.0,-1.3449999999999933,0.0,-22.384228706359863,0.05118682933971286,0.07996401935815811,-106.03047943115234,0.0003
710,192398,1013.40735,116,13.407349,13.407349,1.7297642,0.05,0,0.0,True,-1.3407348,-0.010611388,-0.6860013987869029,187,67,103,0,26,90,93.46712,2001.519,-12.6575575,-0.5150000000000003,0.0,-22.40471363067627,0.03260875609703362,0.07996401377022266,-106.10841178894043,0.0003
711,192921,960.0713,171,-39.92871,-39.92871,1.2214243,0.05,0,0.0,True,3.9928713,-0.038265917,-0.7194962888211012,217,70,207,0,63,108,306.55725,2284.6792,-25.681543,-1.035,0.0,-22.42433500289917,0.028248726157471538,0.07996401377022266,-106.08776473999023,0.0003
712,193443,992.15125,35,-7.848755,-7.848755,0.29931557,0.05,0,0.0,True,0.78487545,-0.008134374,-0.2436719095706939,32,248,1733,1,12,23,84.3568,1697.2946,-5.937132,-8.664999999999955,0.0,-22.342595100402832,0.5821869764477015,0.07996401935815811,-105.96676445007324,0.0003
713,193954,966.32336,238,-33.676636,-33.676636,0.95008886,0.05,0,0.0,True,3.3676636,-0.023718877,-0.7788322673738003,125,94,310,0,67,171,459.47385,3974.5532,-25.37721,-1.549999999999989,0.0,-22.42002010345459,0.17542481748387218,0.07996401935815811,-106.09513854980469,0.0003
714,194467,755.77484,383,-244.22516,-244.22516,0.24264452,0.05,0,0.0,True,24.422516,-0.030939076,-1.4309655532240875,265,25,22,0,104,279,881.2015,6803.8105,-51.881516,-0.11000000000000003,0.0,-22.396249294281006,0.05863503785803914,0.07996401935815811,-106.04017639160156,0.0003
715,194984,918.56665,722,-81.43335,-81.43335,1.7111642,0.05,0,0.0,True,8.143334,-0.06112598,-2.3351469194143997,438,86,195,1,186,536,2037.4154,15406.756,-82.58252,-0.9750000000000008,0.0,-22.445619106292725,0.037406996823847294,0.07996401935815811,-106.04668998718262,0.0003
716,197081,967.5803,157,-32.419678,-32.419678,0.8776016,0.05,0,0.0,True,3.2419677,-0.027494108,-0.7232823348790404,229,182,11666,1,26,131,67.76862,4243.1113,-29.34571,-58.33000000001139,0.0,-22.42531108856201,0.028359421296045184,0.07996400259435177,-105.82315635681152,0.0003
717,197628,1002.2973,16,2.2973022,2.2973022,0.36414245,0.05,0,0.0,True,-0.22973022,-0.0024962504,-0.14823590211570262,7,154,673,1,1,15,61.082535,1060.2988,-0.9366625,-3.3649999999999505,0.0,-22.37849187850952,0.041934122797101736,0.07996398955583572,-106.04092407226562,0.0003
718,198250,999.3636,47,-0.6364136,-0.6364136,0.49800354,0.05,0,0.0,True,0.063641354,-0.0040565766,-0.3421190827339888,39,80,315,1,11,36,123.562096,1554.269,-2.465395,-1.5749999999999884,0.0,-22.432708740234375,0.033877079957164824,0.07996400259435177,-106.12493515014648,0.0003
719,198877,1005.78217,16,5.7821655,5.7821655,0.6337726,0.05,0,0.0,True,-0.57821655,-0.0013118011,-0.1985124168545008,19,36,30,1,0,16,0.0,1029.331,0.0,-0.15000000000000005,0.0,-22.45971155166626,0.049224588088691235,0.07996398955583572,-106.06634902954102,0.0003
720,199418,917.74036,84,-82.25964,-82.25964,0.8551393,0.05,0,0.0,True,8.225964,-0.05974295,-0.5589343601005398,131,41,481,0,20,64,163.94275,2048.5742,-61.47845,-2.404999999999971,0.0,-22.385507583618164,0.15872769616544247,0.07996401935815811,-105.76946640014648,0.0003
721,200514,991.59186,12,-8.408142,-8.408142,0.057287358,0.05,0,0.0,True,0.84081423,-0.0010994708,-0.197177905301737,23,60,414,1,0,12,0.0,1102.997,0.0,-2.069999999999978,0.0,-22.41450262069702,0.22870078356936574,0.07996401935815811,-105.95825386047363,0.0003
722,201034,977.3344,115,-22.665588,-22.665588,0.2731237,0.05,0,0.0,True,2.266559,-0.010976558,-0.6324883088469505,44,13,214,1,39,76,394.16873,1976.6953,-15.450088,-1.0699999999999992,0.0,-22.46940565109253,0.018836783710867167,0.07996398955583572,-106.16400146484375,0.0003
723,201591,885.3587,221,-114.6413,-114.6413,0.22982377,0.05,0,0.0,True,11.464129,-0.028197603,-1.1488899777084591,124,22,0,0,69,152,1883.9658,10580.785,-48.378204,0.0,0.0,-22.32963275909424,0.07599505456164479,0.07996407337486744,-105.54896545410156,0.0003
724,202121,994.15704,19,-5.8429565,-5.8429565,0.20175254,0.05,0,0.0,True,0.5842957,-0.002374751,-0.1986644181609153,20,60,1280,1,0,19,0.0,1155.1885,0.0,-6.399999999999886,0.0,-22.4558162689209,0.008508366765454412,0.07996400259435177,-106.1756534576416,0.0003
725,202655,1063.4141,299,63.414062,63.414062,5.3986573,0.05,0,0.0,True,-6.341406,-0.05041077,-1.0312958069890734,303,109,983,0,95,204,684.513,5161.246,-39.160286,-4.914999999999917,0.0,-22.311119556427002,0.4893037071451545,0.07996402308344841,-105.66205596923828,0.0003
726,202919,995.10974,18,-4.890259,-4.890259,0.009077193,0.05,0,0.0,True,0.4890259,-0.0013855271,-0.2904229179769755,45,8,1224,1,0,18,0.0,1025.3885,0.0,-6.119999999999892,0.0,-22.42380428314209,0.11057588504627347,0.07996399328112602,-105.8116626739502,0.0003
727,203484,1009.22577,31,9.225769,9.225769,0.61182576,0.05,0,0.0,True,-0.9225769,-0.0021254192,-0.23795488340552196,21,218,1500,0,5,26,12.253505,1165.0156,-1.1378294,-7.499999999999862,0.0,-22.444211959838867,0.037914004642516375,0.07996401935815811,-105.87295722961426,0.0003
728,204053,991.8572,24,-8.142822,-8.142822,0.14140198,0.05,0,0.0,True,0.81428224,-0.0020125872,-0.2264309369569227,38,165,1173,1,2,22,14.588423,1317.5833,-0.653121,-5.864999999999897,0.0,-22.438395500183105,0.0302575696259737,0.07996401377022266,-106.0818920135498,0.0003
729,204609,956.24854,196,-43.751465,-43.751465,3.070815,0.05,0,0.0,True,4.3751464,-0.025173593,-0.7603036271035674,102,57,352,1,65,131,1235.1992,5066.2144,-21.654154,-1.7599999999999845,0.0,-22.39049530029297,0.06933680013753474,0.07996399328112602,-105.89336776733398,0.0003
730,205143,993.1294,103,-6.8706055,-6.8706055,0.45145488,0.05,0,0.0,True,0.68706053,-0.00660911,-0.502386980652809,77,89,615,1,37,66,239.15895,2653.0361,-5.6680284,-3.0749999999999567,0.0,-22.4137601852417,0.05103494436480105,0.07996401935815811,-105.93927192687988,0.0003
731,205685,965.4463,62,-34.55371,-34.55371,0.009430963,0.05,0,0.0,True,3.4553711,-0.009177097,-0.3773354353755711,44,58,413,1,17,45,285.70285,2059.4255,-10.485204,-2.064999999999978,0.0,-22.40069818496704,0.2239563437178731,0.07996401935815811,-105.79667091369629,0.0003
732,206254,941.212,77,-58.788025,-58.788025,1.0107408,0.05,0,0.0,True,5.8788023,-0.047544282,-0.4314107828697485,85,139,1506,0,20,57,268.83853,2149.403,-24.164904,-7.529999999999862,0.0,-22.353869438171387,0.0643636342138052,0.07996398396790028,-106.14959907531738,0.0003
733,206835,1024.5197,132,24.519653,24.519653,2.424766,0.05,0,0.0,True,-2.4519653,-0.016024668,-0.45539258680534667,85,104,131,1,46,86,430.52237,2321.4514,-9.955149,-0.6550000000000005,0.0,-22.402554512023926,0.23342014802619815,0.07996401935815811,-106.12089729309082,0.0003
734,207584,1037.0784,9,37.07837,37.07837,1.9800843183231427,0.05,0,0.0,True,-3.7078369,-0.0017981342,-0.16287992482655347,5,63,0,1,1,8,67.2,958.9511,0.0,0.0,0.0,-22.42851448059082,0.42114112013950944,0.07996401935815811,-106.13014030456543,0.0003
735,208131,928.1263,189,-71.87372,-71.87372,0.9672537,0.05,0,0.0,True,7.1873717,-0.03055044,-0.8258519431127362,158,33,309,0,52,137,245.0667,2274.2803,-35.095028,-1.544999999999989,0.0,-22.41376543045044,0.34669063054025173,0.07996407523751259,-105.85880470275879,0.0003
736,208638,1020.16797,33,20.167969,20.167969,1.3412343,0.05,0,0.0,True,-2.0167968,-0.0027338904,-0.3721906363065216,74,66,1283,0,4,29,23.461794,1060.0521,-1.5341984,-6.4149999999998855,0.0,-22.406614303588867,0.014843500684946775,0.07996401935815811,-106.00009346008301,0.0003
737,209141,618.07837,534,-381.92163,-381.92163,1.2559707,0.05,0,0.0,True,38.19216,-0.06461577,-2.1123491697758436,510,22,278,0,177,357,1889.722,8411.795,-109.59879,-1.3899999999999924,0.0,-22.411224842071533,0.01499440474435687,0.07996398955583572,-105.98903846740723,0.0003
738,209656,991.5366,44,-8.463379,-8.463379,0.78106433,0.05,0,0.0,True,0.8463379,-0.0038183013,-0.4069229389727117,77,27,955,1,8,36,63.5096,1272.0065,-3.2186606,-4.77499999999992,0.0,-22.420118808746338,0.02847927948459983,0.07996398955583572,-106.16375541687012,0.0003
739,210167,1001.0118,118,1.0117798,1.0117798,1.6493168,0.05,0,0.0,True,-0.101177976,-0.018581798,-0.5692434059083461,90,98,311,0,29,89,241.52524,3406.326,-18.372078,-1.5549999999999888,0.0,-22.367902278900146,0.3168711473699659,0.07996399328112602,-105.92518424987793,0.0003
740,210715,928.8694,109,-71.130615,-71.130615,2.0095785,0.05,0,0.0,True,7.113062,-0.01671644,-0.6994922315329305,83,42,417,0,37,72,232.81078,1360.7295,-12.72138,-2.0849999999999778,0.0,-22.391674518585205,0.03013672702945769,0.07996398955583572,-105.94462585449219,0.0003
741,211292,951.37274,40,-48.62726,-48.62726,0.14491019,0.05,0,0.0,True,4.8627257,-0.011632657,-0.32230271659791465,56,59,366,1,6,34,49.112797,1281.6077,-5.2941194,-1.829999999999983,0.0,-22.37751007080078,0.21979942242614925,0.07996398955583572,-105.77167129516602,0.0003
742,211817,955.8288,48,-44.171204,-44.171204,0.069499694,0.05,0,0.0,True,4.4171205,-0.0040987395,-0.301019551291887,42,101,239,1,12,36,60.66175,1369.5839,-1.8752159,-1.1949999999999965,0.0,-22.446695804595947,0.03366430359892547,0.07996397465467453,-106.22001266479492,0.0003
743,212419,984.7163,35,-15.283691,-15.283691,1.4854053,0.05,0,0.0,True,1.5283692,-0.0045857173,-0.23028300352394585,12,164,106,1,15,20,637.613,891.8681,-1.0885408,-0.5300000000000004,0.0,-22.35073709487915,0.10411294875666499,0.07996398955583572,-106.05466270446777,0.0003
744,212960,932.52264,285,-67.477356,-67.477356,0.36660448,0.05,0,0.0,True,6.7477355,-0.025822116,-1.076573492437601,145,97,469,1,79,206,943.51587,5826.232,-33.83047,-2.344999999999972,0.0,-22.380372047424316,0.1441122111864388,0.07996399328112602,-105.9697494506836,0.0003
745,213470,857.3975,252,-142.60248,-142.60248,0.12841488,0.05,0,0.0,True,14.260247,-0.03523696,-1.5265863381326206,106,66,277,0,102,150,890.1087,3351.1516,-33.36953,-1.3849999999999925,0.0,-22.43025302886963,0.08878155192360282,0.07996397837996483,-106.18864250183105,0.0003
746,214085,985.3035,12,-14.696472,-14.696472,0.085658066,0.05,0,0.0,True,1.4696473,-0.0064193853,-0.1969827064126732,15,154,1134,0,1,11,41.354748,1113.4121,0.0,-5.669999999999901,0.0,-22.440532684326172,0.018293377477675676,0.07996401935815811,-106.14839553833008,0.0003
747,214657,1044.9899,61,44.98987,44.98987,3.064148,0.05,0,0.0,True,-4.4989867,-0.0134577025,-0.33415273904800413,77,65,346,0,12,49,27.153849,1516.3649,-7.3699846,-1.729999999999985,0.0,-22.414627075195312,0.4488270548172295,0.07996400259435177,-106.19324493408203,0.0003
748,215259,1012.63416,185,12.634155,12.634155,2.7887673,0.05,0,0.0,True,-1.2634156,-0.021916451,-0.654310913932411,271,109,175,1,51,134,359.64658,3862.1946,-28.625683,-0.8750000000000007,0.0,-22.402530193328857,0.0314757009036839,0.07996401935815811,-105.97698211669922,0.0003
749,215785,929.81134,258,-70.18866,-70.18866,0.23233612,0.05,0,0.0,True,7.0188656,-0.026441978,-1.1058331988006826,111,11,830,0,88,170,774.12915,3277.87,-28.508835,-4.149999999999934,0.0,-22.42957305908203,0.033160068560391665,0.07996401935815811,-105.92741966247559,0.0003
750,216296,1007.3776,20,7.3776245,7.3776245,0.38829598,0.05,0,0.0,True,-0.73776245,-0.0017922176,-0.23471810333430781,28,36,1458,0,0,20,0.0,1016.9366,0.0,-7.289999999999867,0.0,-22.404404640197754,0.028288746485486627,0.07996398955583572,-106.05245208740234,0.0003
751,216950,1001.46295,68,1.4629517,1.4629517,0.4098585,0.05,0,0.0,True,-0.14629516,-0.003295319,-0.3268426476593572,43,48,315,1,17,51,77.25218,1476.6664,-2.7598705,-1.5749999999999884,0.0,-22.40806818008423,0.0437483589630574,0.07996400818228722,-105.95514106750488,0.0003
752,217460,1007.604,16,7.604004,7.604004,0.61666024,0.05,0,0.0,True,-0.7604004,-0.0020264501,-0.1709429333359003,14,70,465,0,1,15,24.20518,1138.4009,-0.56730837,-2.3249999999999726,0.0,-22.393375873565674,0.06432320130988955,0.07996401935815811,-105.90460205078125,0.0003
753,217963,995.059,9,-4.940979,-4.940979,0.014149102,0.05,0,0.0,True,0.49409792,-0.0007499502,-0.15894669704139236,20,62,174,1,0,9,0.0,1152.9061,0.0,-0.8700000000000007,0.0,-22.45481014251709,0.0331718516536057,0.07996398955583572,-106.11406517028809,0.0003
754,218557,981.75916,21,-18.240845,-18.240845,0.066600025,0.05,0,0.0,True,1.8240845,-0.003444848,-0.18468643583357333,19,94,728,1,6,15,117.480194,1327.4268,-1.3008357,-3.6399999999999446,0.0,-22.437180519104004,0.025538588874042034,0.07996400818228722,-105.89451026916504,0.0003
755,219220,994.8774,71,-5.1226196,-5.1226196,1.4076062,0.05,0,0.0,True,0.512262,-0.006433506,-0.32407828614115713,35,280,325,1,27,44,248.64029,1428.8541,-2.8328807,-1.6249999999999873,0.0,-22.373587131500244,0.058966427110135555,0.07996398955583572,-105.99563217163086,0.0003
756,219779,953.77136,76,-46.228638,-46.228638,0.6282427,0.05,0,0.0,True,4.622864,-0.0071715363,-0.45922152571380115,44,84,385,1,14,62,113.60407,1554.147,-4.45753,-1.924999999999981,0.0,-22.419174194335938,0.022725150687620044,0.07996398955583572,-106.21940994262695,0.0003
757,220307,1029.1067,114,29.10669,29.10669,2.7829742,0.05,0,0.0,True,-2.9106688,-0.018070828,-0.4590358984042564,120,53,190,1,34,80,455.5659,2742.1887,-11.209127,-0.9500000000000007,0.0,-22.45086097717285,0.029524643905460835,0.07996400259435177,-105.84548759460449,0.0003
758,220717,980.64526,22,-19.354736,-19.354736,0.2312068,0.05,0,0.0,True,1.9354737,-0.0071183685,-0.19822112303842293,48,3,724,1,5,17,79.93346,1032.4874,-0.3994279,-3.619999999999945,0.0,-22.408321857452393,0.032737422501668334,0.07996407523751259,-105.66656494140625,0.0003
759,221289,981.02814,38,-18.971863,-18.971863,0.08317432,0.05,0,0.0,True,1.8971863,-0.006857028,-0.2542940288037061,36,267,2111,1,12,26,75.12551,1848.6307,-6.9973345,-10.55500000000025,0.0,-22.35261631011963,0.05887351930141449,0.07996400818228722,-105.74104881286621,0.0003
760,221836,1002.7309,133,2.730896,2.730896,2.1997933,0.05,0,0.0,True,-0.2730896,-0.012845546,-0.5910080885922339,60,30,10,0,52,81,917.2035,3378.796,-13.496012,-0.049999999999999996,0.0,-22.373128414154053,0.3022015765309334,0.07996401935815811,-105.93206977844238,0.0003
761,222438,821.4126,415,-178.5874,-178.5874,0.33497974,0.05,0,0.0,True,17.85874,-0.05617247,-1.3750651618395748,179,91,1268,0,137,278,991.04645,5278.524,-75.49445,-6.339999999999887,0.0,-22.349008083343506,0.2045456417836249,0.07996401935815811,-105.92875480651855,0.0003
762,222962,985.1953,9,-14.8046875,-14.8046875,0.050608005,0.05,0,0.0,True,1.4804688,-0.0011816877,-0.15177591152497147,15,54,332,1,0,9,0.0,1093.1886,0.0,-1.6599999999999866,0.0,-22.413193225860596,0.055300382198765874,0.07996401935815811,-106.0524730682373,0.0003
763,223469,984.502,178,-15.497986,-15.497986,1.6122112,0.05,0,0.0,True,1.5497986,-0.013477469,-0.7944255979359147,82,35,44,0,62,116,1226.4205,4412.557,-19.602406,-0.2200000000000001,0.00025148614,-22.347346782684326,0.04509394383057952,0.07996400259435177,-105.86605453491211,0.0003
764,224032,923.82306,150,-76.17694,-76.17694,0.27942082,0.05,0,0.0,True,7.617694,-0.024061235,-0.7522469881831932,163,176,1148,0,46,104,384.38043,4362.8813,-27.061014,-5.7399999999999,0.0,-22.436445236206055,0.01109072845429182,0.07996401935815811,-106.02720642089844,0.0003
765,224570,1003.90125,31,3.901245,3.901245,0.39461163,0.05,0,0.0,True,-0.3901245,-0.0021039254,-0.31671021902116603,73,39,522,1,8,23,67.15143,1103.6841,-1.3113384,-2.6099999999999666,0.0,-22.364217281341553,0.04200289398431778,0.07996400259435177,-105.80554389953613,0.0003
766,225127,958.82025,247,-41.17975,-41.17975,0.9393382,0.05,0,0.0,True,4.117975,-0.01785748,-0.9621137321740386,156,81,279,0,78,169,714.7861,4716.4434,-21.10113,-1.3949999999999922,0.0,-22.360224723815918,0.025693174451589584,0.07996402680873871,-105.91481018066406,0.0003
767,225683,1001.4036,14,1.4036255,1.4036255,0.16632576,0.05,0,0.0,True,-0.14036255,-0.0017229967,-0.26115551434457296,30,94,344,0,0,14,0.0,996.8599,0.0,-1.7199999999999853,0.0,-22.420815467834473,0.07457668567076325,0.07996398396790028,-106.03489685058594,0.0003
768,226171,960.75653,68,-39.24347,-39.24347,0.323113,0.05,0,0.0,True,3.9243472,-0.009968843,-0.29651470467448243,32,87,550,0,17,51,139.87296,1807.6018,-4.3631196,-2.7499999999999636,0.0,-22.423538208007812,0.021122255362570286,0.07996398955583572,-106.0144271850586,0.0003
769,226682,989.34204,115,-10.657959,-10.657959,1.2487006,0.05,0,0.0,True,1.0657959,-0.014249557,-0.5119594480097294,71,22,1147,0,33,82,273.39716,2209.303,-11.644087,-5.7349999999999,0.0,-22.436947345733643,0.03531754272989929,0.07996398955583572,-105.9845142364502,0.0003
770,227381,1005.6603,8,5.6602783,5.6602783,0.33185402,0.05,0,0.0,True,-0.5660278,-0.0023662911,-0.15336945392191412,45,124,674,1,0,8,0.0,1067.3934,0.0,-3.3699999999999504,0.0,-22.354207515716553,0.042485632468014956,0.07996403239667416,-105.72517585754395,0.0003
771,227896,997.2582,9,-2.7418213,-2.7418213,0.5797464,0.05,0,0.0,True,0.27418214,-0.0014671506,-0.15959359496831893,10,90,213,1,2,7,69.27106,933.5563,0.0,-1.0649999999999993,0.0,-22.395438194274902,0.12989274598658085,0.07996405102312565,-105.81218719482422,0.0003
772,228543,952.4282,12,-47.571777,-47.571777,0.107592165,0.05,0,0.0,True,4.757178,-0.0024702372,-0.12259105689823628,6,12,8,1,5,7,276.39795,756.4778,-0.11392985,-0.04,0.0,-22.435905933380127,0.012179851299151778,0.07996401935815811,-106.0397891998291,0.0003
773,229063,992.5727,31,-7.427307,-7.427307,0.37826928,0.05,0,0.0,True,0.74273074,-0.0025412044,-0.23393164075911047,9,11,42,0,8,23,43.002274,1066.9937,-0.5838042,-0.2100000000000001,0.0,-22.42111301422119,0.031467992113903165,0.07996398955583572,-106.03997611999512,0.0003
774,229564,914.3167,183,-85.68329,-85.68329,0.19273837,0.05,0,0.0,True,8.568329,-0.021428782,-0.9446473440527915,197,23,825,0,63,120,563.3684,2657.7686,-25.679075,-4.124999999999934,0.0,-22.39573860168457,0.026609509717673063,0.07996402680873871,-105.93297576904297,0.0003
775,230093,953.9613,97,-46.038696,-46.038696,0.17525622,0.05,0,0.0,True,4.6038694,-0.0075973137,-0.48308443956077085,64,161,446,1,28,69,378.05643,2388.1562,-7.1032386,-2.2299999999999747,0.0,-22.44959306716919,0.011621032608672976,0.07996398396790028,-106.2175235748291,0.0003
776,230641,945.5283,109,-54.47168,-54.47168,0.31731114,0.05,0,0.0,True,5.447168,-0.01812782,-0.509218753357742,98,89,279,1,34,75,372.5743,2082.485,-14.904944,-1.3949999999999922,0.0,-22.43904685974121,0.02969524427317083,0.07996401377022266,-105.92060279846191,0.0003
777,231172,906.6291,154,-93.37091,-93.37091,0.6117189,0.05,0,0.0,True,9.3370905,-0.03898007,-0.6919839230924848,177,98,473,0,38,116,178.63582,3478.7444,-53.77007,-2.364999999999972,0.0,-22.463737964630127,0.032130275620147586,0.07996395975351334,-106.07595252990723,0.0003
778,231708,963.0475,90,-36.952515,-36.952515,0.095338635,0.05,0,0.0,True,3.6952515,-0.026779722,-0.38918471336364735,103,145,1271,0,19,71,93.57294,1784.2201,-28.480253,-6.354999999999887,0.0,-22.38415002822876,0.44305390724912286,0.07996398955583572,-106.00505828857422,0.0003
779,232251,979.6839,39,-20.316101,-20.316101,0.73899907,0.05,0,0.0,True,2.0316103,-0.0120849805,-0.4079595026495967,130,50,1017,0,5,34,28.132175,1379.2695,-8.145038,-5.084999999999914,0.0,-22.32801055908203,0.03509475523605943,0.0799640454351902,-105.83224105834961,0.0003
780,232772,989.46594,57,-10.534058,-10.534058,1.2555279,0.05,0,0.0,True,1.0534058,-0.0061319857,-0.35175481691956506,61,9,422,0,10,47,140.06247,1768.0088,-6.16722,-2.1099999999999772,0.0,-22.440601348876953,0.022854208946228027,0.07996401935815811,-105.93257141113281,0.0003
781,233288,982.4079,75,-17.592102,-17.592102,1.4085703,0.05,0,0.0,True,1.7592102,-0.010298548,-0.44085557219505195,73,13,74,0,30,45,764.1395,1521.6913,-9.439116,-0.3700000000000002,0.0,-22.416470050811768,0.14513720921240747,0.07996400259435177,-105.89595985412598,0.0003
782,233815,990.755,40,-9.244995,-9.244995,0.23353533,0.05,0,0.0,True,0.9244995,-0.006803041,-0.3196974939107895,36,109,1160,0,7,33,33.565372,1146.3962,-7.002424,-5.799999999999899,0.0,-22.4247989654541,0.01324110059067607,0.07996398955583572,-106.02442741394043,0.0003
783,234336,980.8274,14,-19.172607,-19.172607,0.06546143,0.05,0,0.0,True,1.9172606,-0.001436923,-0.15852650411427024,16,91,457,1,1,13,56.60471,1338.6115,-0.4388666,-2.2849999999999735,0.0,-22.44381809234619,0.04367579333484173,0.07996398955583572,-106.03559494018555,0.0003
784,234885,978.0738,204,-21.926208,-21.926208,1.7737627,0.05,0,0.0,True,2.192621,-0.022182573,-0.7047467883676293,111,72,365,1,67,137,641.17474,4416.203,-18.813902,-1.824999999999983,0.0,-22.39672088623047,0.22961986577138305,0.07996398955583572,-105.981201171875,0.0003
785,235425,994.62836,50,-5.371643,-5.371643,0.22536904,0.05,0,0.0,True,0.53716433,-0.0034012669,-0.40416584825933727,61,63,730,0,11,39,50.656853,1371.3073,-3.026943,-3.6499999999999444,0.0,-22.26995611190796,0.26758009078912437,0.07996398955583572,-105.98764419555664,0.0003
786,235968,992.06134,47,-7.9386597,-7.9386597,0.18768153,0.05,0,0.0,True,0.793866,-0.00623791,-0.2870370253920557,36,187,904,1,8,39,41.917225,1661.6616,-5.6870623,-4.519999999999926,0.0,-22.431500911712646,0.013984684133902192,0.07996400259435177,-106.23711585998535,0.0003
787,236506,998.93384,56,-1.0661621,-1.0661621,0.795985,0.05,0,0.0,True,0.106616214,-0.009524429,-0.30897337533533575,66,67,1202,0,12,44,93.573074,1956.1608,-7.94064,-6.009999999999894,0.0,-22.41660451889038,0.0710431495681405,0.07996405847370625,-105.78962516784668,0.0003
788,237085,966.38245,133,-33.617554,-33.617554,3.9505475,0.05,0,0.0,True,3.3617551,-0.018873867,-0.7849212319514033,95,43,507,0,41,92,227.43533,2213.0327,-21.617598,-2.534999999999968,0.0,-22.394506454467773,0.03601190401241183,0.07996401935815811,-105.88086700439453,0.0003
789,237598,889.45764,520,-110.54236,-110.54236,4.1344686,0.05,0,0.0,True,11.054235,-0.05997783,-2.0170696905255325,294,162,44,0,140,380,1776.9048,9219.29,-107.337975,-0.2200000000000001,0.0,-22.41530704498291,0.07583557208999991,0.07996401935815811,-106.02311706542969,0.0003
790,238322,963.44916,65,-36.550842,-36.550842,0.34614667,0.05,0,0.0,True,3.6550841,-0.032122724,-0.4284053312987086,69,142,1379,0,16,49,270.76288,1854.0264,-42.693718,-6.894999999999875,0.0,-22.418076038360596,0.03703706152737141,0.07996399328112602,-105.81899070739746,0.0003
791,238698,995.15466,10,-4.845337,-4.845337,0.1279312,0.05,0,0.0,True,0.4845337,-0.0013802686,-0.13949879951775074,8,141,90,1,2,8,31.576199,974.7949,0.0,-0.4500000000000003,0.0,-22.355000495910645,0.3146105201449245,0.07996401377022266,-106.12111282348633,0.0003
792,238962,995.8838,8,-4.116211,-4.116211,0.12564665,0.05,0,0.0,True,0.4116211,-0.000992958,-0.16227103771537701,17,95,0,1,0,8,0.0,1055.0781,0.0,0.0,0.0,-22.3623104095459,0.05296366917900741,0.07996398955583572,-105.89216804504395,0.0003
793,239514,950.6808,365,-49.319214,-49.319214,2.137459,0.05,0,0.0,True,4.9319215,-0.03725193,-1.8416127281846744,369,36,351,1,111,254,934.27374,5984.1807,-61.989845,-1.7549999999999846,0.0,-22.354287147521973,0.06608962174504995,0.07996401377022266,-105.9034652709961,0.0003
794,240035,925.776,61,-74.224,-74.224,1.1287713,0.05,0,0.0,True,7.4224005,-0.0078839855,-0.43216351069353187,29,59,62,1,20,41,547.0324,1682.0529,-9.914267,-0.31000000000000016,0.0,-22.359928131103516,0.2787518184632063,0.07996401935815811,-105.89567184448242,0.0003
795,240560,895.77264,138,-104.227356,-104.227356,3.3018043,0.05,0,0.0,True,10.422735,-0.10727547,-0.5790876577794554,69,93,2026,1,46,92,678.2539,2847.4385,-68.768135,-10.130000000000184,0.0,-22.356857299804688,0.03143403655849397,0.07996403612196445,-105.60826110839844,0.0003
796,241074,992.7702,124,-7.2297974,-7.2297974,1.6302958,0.05,0,0.0,True,0.7229798,-0.02462556,-0.4847082706589787,96,64,1581,1,44,80,254.19453,2375.053,-14.906899,-7.904999999999854,0.0,-22.382445335388184,0.5414523193612695,0.07996403239667416,-105.77719497680664,0.0003
797,241623,918.8507,107,-81.14929,-81.14929,0.71469617,0.05,0,0.0,True,8.114929,-0.04203874,-0.6464723850786686,77,53,1451,0,32,75,182.9308,1951.0089,-36.211662,-7.2549999999998676,0.0,-22.342693328857422,0.04776262119412422,0.07996407896280289,-105.52696228027344,0.0003
798,242165,1000.771,49,0.7709961,0.7709961,0.4142721,0.05,0,0.0,True,-0.07709961,-0.006178323,-0.30686893247067937,65,71,614,1,7,42,65.11391,1403.4509,-5.242126,-3.0699999999999568,0.0,-22.379334449768066,0.06014073081314564,0.07996402308344841,-105.72517395019531,0.0003
799,242726,998.2104,12,-1.7896118,-1.7896118,0.2631153,0.05,0,0.0,True,0.17896117,-0.0010416505,-0.1632549273967743,14,65,209,0,1,11,18.885813,985.0393,0.0,-1.0449999999999997,0.0,-22.430240154266357,0.02910654211882502,0.07996400259435177,-105.8903579711914,0.0003
800,243255,920.7578,382,-79.24219,-79.24219,1.4907159,0.05,0,0.0,True,7.9242187,-0.030569488,-1.6353540136728275,323,122,433,0,119,263,1341.504,6453.474,-45.386887,-2.164999999999976,0.00081535545,-22.417880535125732,0.11943502631038427,0.07996401935815811,-105.93203735351562,0.0003
801,243775,993.90845,39,-6.0915527,-6.0915527,0.39102772,0.05,0,0.0,True,0.6091553,-0.0035622027,-0.3358691482245922,59,49,810,0,10,29,27.8158,1243.1819,-1.276711,-4.049999999999936,0.0,-22.429984092712402,0.02046615188010037,0.07996398955583572,-106.03516006469727,0.0003
802,244347,973.066,40,-26.934021,-26.934021,0.756419,0.05,0,0.0,True,2.693402,-0.006160273,-0.3197961333524927,29,16,190,1,13,27,301.90317,1232.9686,-2.192747,-0.9500000000000007,0.0,-22.395835876464844,0.05869877873919904,0.07996401377022266,-106.1304759979248,0.0003
803,244894,1005.6008,22,5.60083,5.60083,0.74895394,0.05,0,0.0,True,-0.56008303,-0.0033248346,-0.2520802992582322,37,110,369,0,3,19,56.386066,1000.87836,-0.5811047,-1.8449999999999827,0.0,-22.43576955795288,0.026367708574980497,0.0799640454351902,-106.03348731994629,0.0003
804,245059,909.48425,101,-90.51575,-90.51575,0.70368576,0.05,0,0.0,True,9.051575,-0.039622787,-0.32345697514712807,31,9,55,1,43,58,974.4228,951.22833,-7.315027,-0.27500000000000013,0.0,-22.4695725440979,0.02139349258504808,0.07996401377022266,-106.1782398223877,0.0003
805,245584,900.66504,112,-99.33496,-99.33496,0.8759615,0.05,0,0.0,True,9.933496,-0.074897446,-0.4870487969368696,54,93,1395,1,48,64,401.35693,2273.296,-26.670359,-6.9749999999998735,0.0,-22.413535118103027,0.019245521863922477,0.07996398955583572,-105.90838813781738,0.0003
806,246236,1074.4493,11,74.44934,74.44934,3.918389,0.05,0,0.0,True,-7.444934,-0.005279618,-0.13039972402155395,12,30,297,0,3,8,302.14468,807.23096,0.0,-1.4849999999999903,0.0,-22.42984104156494,0.022206685272976756,0.07996399328112602,-105.99284362792969,0.0003
807,246773,1009.41223,17,9.412231,9.412231,0.58983314,0.05,0,0.0,True,-0.9412232,-0.0017192112,-0.2592666455358267,20,251,625,0,1,16,4.4567246,1004.2192,-0.072421476,-3.1249999999999556,0.0,-22.414409160614014,0.07828683452680707,0.0799640454351902,-105.65377426147461,0.0003
808,248443,989.8646,11,-10.135376,-10.135376,0.010658622,0.05,0,0.0,True,1.0135376,-0.00096909294,-0.2196313350841263,41,48,5900,1,0,11,0.0,1012.3438,0.0,-29.499999999998415,0.0,-22.45091676712036,0.0237726898631081,0.07996397465467453,-106.1954460144043,0.0003
809,249027,1002.91,50,2.9099731,2.9099731,1.2776396,0.05,0,0.0,True,-0.2909973,-0.005366119,-0.4383595615938965,57,16,7,1,18,32,476.83252,1787.8418,-6.394479,-0.035,0.0,-22.364545822143555,0.045486683025956154,0.07996398955583572,-105.91833686828613,0.0003
810,249527,971.4582,39,-28.54181,-28.54181,0.11346217,0.05,0,0.0,True,2.8541808,-0.005904356,-0.17830708476000684,34,146,635,1,11,28,81.97926,1119.6027,-2.6731255,-3.1749999999999545,0.0,-22.427990436553955,0.2462195809930563,0.07996401377022266,-106.00242233276367,0.0003
811,250040,1005.8901222722191,8,5.89012227221906,5.89012227221906,0.38762021690256737,0.05,0,0.0,True,-0.5890122272219059,-0.0007489274313621627,-0.15591818977673771,12,41,17,1,0,8,0.0,1056.0000000000002,0.0,-0.085,0.0,-22.401989459991455,0.017114287009462714,0.07996401935815811,-105.92030334472656,0.0003
812,250580,897.44257,202,-102.557434,-102.557434,0.7631115,0.05,0,0.0,True,10.255744,-0.030115072,-0.6747264748066658,91,107,1,0,55,147,979.4097,4899.4355,-41.748455,-0.005,0.0044047353,-22.364789962768555,0.01853586221113801,0.07996396534144878,-105.93614959716797,0.0003
813,251087,989.5664,13,-10.433594,-10.433594,0.09887173,0.05,0,0.0,True,1.0433594,-0.0014731702,-0.18549210086464885,21,14,177,1,1,12,16.045393,1082.579,0.0,-0.8850000000000007,0.0,-22.37917423248291,0.5413499064743519,0.07996397465467453,-105.93866348266602,0.0003
814,251672,1005.5218,51,5.5217896,5.5217896,0.5160704,0.05,0,0.0,True,-0.552179,-0.0026571644,-0.38331957431886493,39,90,377,1,13,38,72.65502,2014.9824,-2.6416452,-1.8849999999999818,0.0,-22.385727405548096,0.014378172578290105,0.07996400259435177,-105.90468788146973,0.0003
815,252202,995.1534,25,-4.8466187,-4.8466187,0.021776877,0.05,0,0.0,True,0.48466185,-0.0013782278,-0.2686007180501773,35,91,1347,0,4,21,16.891926,1029.0426,-0.2834419,-6.734999999999879,0.0,-22.389872550964355,0.48717031185515225,0.07996400259435177,-106.12944412231445,0.0003
816,252738,971.2306,11,-28.76941,-28.76941,0.96096057,0.05,0,0.0,True,2.876941,-0.00422276,-0.11347371496260168,3,75,11,1,3,8,560.31055,1495.4153,0.0,-0.05499999999999999,0.0,-22.4332537651062,0.02345230500213802,0.07996401377022266,-106.16298484802246,0.0003
817,253278,900.33105,160,-99.668945,-99.668945,0.4944864,0.05,0,0.0,True,9.966894,-0.02981315,-0.7989357176471044,121,31,438,1,50,110,566.978,2771.879,-28.050837,-2.1899999999999755,0.0,-22.406086921691895,0.0786808852571994,0.07996398955583572,-105.91654586791992,0.0003
818,253919,991.06586,14,-8.934143,-8.934143,0.33058053,0.05,0,0.0,True,0.8934143,-0.0048521776,-0.1765467481315136,29,132,1024,0,1,13,21.156948,1000.2762,-0.18881899,-5.119999999999913,0.0,-22.385754108428955,0.12278170417994261,0.0799640454351902,-105.52269554138184,0.0003
819,254461,990.4292,22,-9.570801,-9.570801,0.10484994,0.05,0,0.0,True,0.95708007,-0.0024356602,-0.2710006335377694,96,58,402,1,1,21,33.422085,1114.378,-1.511747,-2.0099999999999794,0.0,-22.445826530456543,0.015929556917399168,0.07996398955583572,-105.97654914855957,0.0003
820,254999,793.38513,256,-206.61487,-206.61487,0.73518884,0.05,0,0.0,True,20.661488,-0.18158579,-0.8433412291109563,176,155,1582,0,86,170,1048.9205,5364.991,-113.40395,-7.909999999999854,0.0,-22.415560722351074,0.03637650050222874,0.07996401935815811,-106.0098819732666,0.0003
821,255653,998.15735,30,-1.8426514,-1.8426514,0.28358713,0.05,0,0.0,True,0.18426514,-0.0017268091,-0.2361091553419828,32,62,411,1,2,28,24.119698,1176.8853,-0.5099162,-2.0549999999999784,0.0,-22.39811372756958,0.3054514368996024,0.07996401935815811,-105.89127922058105,0.0003
822,256165,897.8467,174,-102.15332,-102.15332,1.1835419,0.05,0,0.0,True,10.215332,-0.029372005,-0.6839025643398529,53,23,23,1,62,112,1364.7023,4180.844,-36.25412,-0.11500000000000003,0.0,-22.384992122650146,0.043820176273584366,0.07996398955583572,-105.93953323364258,0.0003
823,256693,985.1535,28,-14.846497,-14.846497,0.25576943,0.05,0,0.0,True,1.4846497,-0.0028895985,-0.30740353816566374,71,52,367,0,2,26,54.918026,957.30927,-0.24860902,-1.8349999999999829,0.0,-22.40881586074829,0.04870073404163122,0.07996401935815811,-105.80846214294434,0.0003
824,257264,997.8301,15,-2.1699219,-2.1699219,0.1886474,0.05,0,0.0,True,0.21699217,-0.0012226284,-0.2302725650038217,62,112,481,0,0,15,0.0,1006.1612,0.0,-2.404999999999971,0.0,-22.464539527893066,0.027254825457930565,0.07996405474841595,-105.9312686920166,0.0003
825,257783,999.29407,15,-0.7059326,-0.7059326,0.05930539,0.05,0,0.0,True,0.07059326,-0.00069113495,-0.18783497400581836,21,172,860,1,0,15,0.0,1024.8013,0.0,-4.2999999999999305,0.0,-22.42670488357544,0.025252932449802756,0.07996398955583572,-106.11101722717285,0.0003
826,258317,920.73065,36,-79.26935,-79.26935,0.0,0.05,0,0.0,True,7.926935,-0.0055101793,-0.2874365626275538,16,52,2,1,13,23,346.04782,1176.8242,-1.3027216,-0.01,0.0,-22.33578586578369,0.8918007221072912,0.07996401935815811,-105.89221382141113,0.0003
827,258840,984.734,13,-15.265991,-15.265991,0.4159455,0.05,0,0.0,True,1.526599,-0.0027507653,-0.1937285611778498,36,46,361,0,1,12,15.175899,990.74243,0.0,-1.8049999999999835,0.0,-22.461922645568848,0.020029638428241014,0.07996395975351334,-105.94189643859863,0.0003
828,259379,998.951,27,-1.0490112,-1.0490112,0.9629835,0.05,0,0.0,True,0.10490113,-0.0019181973,-0.3623129752311316,45,8,5,1,6,21,180.05223,923.77856,-1.0051408,-0.025,0.0,-22.447144031524658,0.06679949071258307,0.07996401935815811,-106.03349304199219,0.0003
829,260060,988.47876,73,-11.52124,-11.52124,0.57984555,0.05,0,0.0,True,1.152124,-0.014073683,-0.4043065241236717,65,54,523,1,24,49,296.20355,1670.3267,-7.9621625,-2.6149999999999665,0.0,-22.385061264038086,0.02234462951309979,0.0799640454351902,-106.01516151428223,0.0003
830,260581,955.03546,10,-44.96454,-44.96454,0.060305055,0.05,0,0.0,True,4.496454,-0.005413509,-0.13565169475972658,10,126,418,1,0,10,0.0,1050.9762,0.0,-2.0899999999999777,0.0,-22.449718952178955,0.016409236006438732,0.07996398955583572,-106.12654304504395,0.0003
831,261139,1005.1441,23,5.144104,5.144104,0.44697556,0.05,0,0.0,True,-0.5144104,-0.0020445802,-0.20854597948491577,22,80,47,1,1,22,4.486265,1018.86475,-0.057886582,-0.23500000000000013,0.0,-22.39712905883789,0.039587398525327444,0.07996398955583572,-106.05796241760254,0.0003
832,261673,965.5635,230,-34.436523,-34.436523,1.2203571,0.05,0,0.0,True,3.4436524,-0.037526913,-1.1497226477385434,302,68,923,1,68,162,492.25122,4522.9243,-41.602005,-4.614999999999924,0.0,-22.431437015533447,0.08438362856395543,0.07996395975351334,-106.03759574890137,0.0003
833,263770,986.7311,39,-13.268921,-13.268921,0.13036543,0.05,0,0.0,True,1.326892,-0.0072732205,-0.24320562630891795,42,168,11224,1,5,34,16.21575,1218.7487,-6.5566025,-56.12000000001026,0.0,-22.463866233825684,0.018250964116305113,0.07996401377022266,-106.01150703430176,0.0003
834,264307,988.9698,194,-11.030212,-11.030212,2.4570198,0.05,0,0.0,True,1.1030211,-0.030310197,-0.7290193284302946,188,207,1503,1,52,142,623.97455,3658.319,-31.898651,-7.514999999999862,0.0,-22.434937953948975,0.026871946873143315,0.07996398955583572,-106.0036563873291,0.0003
835,265024,1032.9614,247,32.961426,32.961426,5.712014,0.05,0,0.0,True,-3.2961423,-0.026061906,-0.920347639669046,56,69,8,0,99,148,1749.2421,4623.778,-17.146002,-0.04,0.0041050175,-22.418804168701172,0.06558475643396378,0.07996398955583572,-105.84715270996094,0.0003
836,265600,1005.11,7,5.1099854,5.1099854,0.27171835,0.05,0,0.0,True,-0.51099855,-0.0035400009,-0.1134737141430378,3,153,1150,0,0,7,0.0,1075.3582,0.0,-5.7499999999999,0.0,-22.415355682373047,0.22900130762718618,0.07996398955583572,-106.00856399536133,0.0003
837,266001,1036.0193,31,36.019287,36.019287,3.6916027,0.05,0,0.0,True,-3.6019287,-0.0066153654,-0.2588027135282754,26,68,438,0,5,26,51.199795,1195.9584,-1.7968673,-2.1899999999999755,0.0,-22.376633644104004,0.3858048813417554,0.07996401935815811,-105.96696472167969,0.0003
838,266525,988.1929,26,-11.807129,-11.807129,0.36911407,0.05,0,0.0,True,1.1807129,-0.001828201,-0.23120856264636536,30,90,467,0,2,24,33.33708,1027.4125,-0.3158162,-2.3349999999999724,0.0,-22.459903240203857,0.037961398251354694,0.07996400259435177,-105.88110160827637,0.0003
839,267070,905.945,58,-94.05499,-94.05499,0.06213666,0.05,0,0.0,True,9.4054985,-0.03306324,-0.6035068079829217,109,72,654,0,11,47,73.58843,1786.9941,-34.178226,-3.2699999999999525,0.0,-22.43306589126587,0.022686749696731567,0.07996398955583572,-105.89346313476562,0.0003
840,267578,976.4161,106,-23.583923,-23.583923,0.36461246,0.05,0,0.0,True,2.3583922,-0.02020977,-0.5495702400803564,156,71,768,0,29,77,432.64398,3236.26,-16.529102,-3.8399999999999403,0.0,-22.427810192108154,0.014080308610573411,0.07996401935815811,-106.06198501586914,0.0003
841,268103,986.83466,10,-13.165344,-13.165344,0.38538072,0.05,0,0.0,True,1.3165344,-0.0031848,-0.1612782347202301,6,79,453,0,1,9,39.71652,1137.3103,0.0,-2.264999999999974,0.0,-22.387062072753906,0.06138255028054118,0.07996400259435177,-105.94266700744629,0.0003
842,268623,935.6592,196,-64.34082,-64.34082,0.7235478,0.05,0,0.0,True,6.434082,-0.032186,-0.8359926259502232,195,34,114,1,62,134,612.588,4216.2974,-46.778088,-0.5700000000000004,0.0,-22.423203468322754,0.07729213684797287,0.07996401935815811,-105.93717956542969,0.0003
843,269161,999.10767,13,-0.892334,-0.892334,0.044835515,0.05,0,0.0,True,0.0892334,-0.003318286,-0.16293318494295334,21,97,777,0,0,13,0.0,1002.5473,0.0,-3.8849999999999394,0.0,-22.412399768829346,0.01746515743434429,0.07996401935815811,-105.89925765991211,0.0003
844,269672,921.71564,221,-78.28436,-78.28436,0.16745354,0.05,0,0.0,True,7.828436,-0.03493664,-1.488103544148298,236,6,583,0,81,140,706.669,2590.2622,-40.69064,-2.91499999999996,0.0,-22.437091827392578,0.02801849553361535,0.07996401935815811,-106.1400032043457,0.0003
845,270257,1001.1066,10,1.1066284,1.1066284,0.18423536,0.05,0,0.0,True,-0.11066285,-0.0010127996,-0.15536353982985018,13,152,615,1,0,10,0.0,1062.8447,0.0,-3.0749999999999567,0.0,-22.428799629211426,0.4320427402853966,0.07996397465467453,-106.06162643432617,0.0003
846,270827,1002.9658,25,2.9658203,2.9658203,0.2106889,0.05,0,0.0,True,-0.296582,-0.0032701124,-0.2357332370826815,29,144,1164,0,3,22,19.985878,1025.3676,-0.1543559,-5.819999999999898,0.0,-22.424540042877197,0.00961395539343357,0.07996401935815811,-106.0353946685791,0.0003
847,271373,984.1221,8,-15.87793,-15.87793,0.012778137009699259,0.05,0,0.0,True,1.587793,-0.0023537707,-0.127434623846551,12,89,1141,0,0,8,0.0,997.73627,0.0,-5.704999999999901,0.0,-22.442832469940186,0.014712335309013724,0.07996401935815811,-105.92483520507812,0.0003
848,271894,969.8531,22,-30.146912,-30.146912,1.056273,0.05,0,0.0,True,3.014691,-0.004973044,-0.14598426267504694,13,102,0,0,5,17,324.08954,1127.8595,-2.0274975,0.0,0.0,-22.44883155822754,0.017079744720831513,0.07996403239667416,-106.00018310546875,0.0003
849,272430,997.5682,29,-2.4318237,-2.4318237,0.16147672,0.05,0,0.0,True,0.24318236,-0.004039972,-0.2469389782100917,47,105,2207,0,2,27,2.8145852,1297.8202,-3.7541678,-11.035000000000325,0.0,-22.437060356140137,0.024242449551820755,0.07996398396790028,-106.17532920837402,0.0003
850,272945,991.2998,33,-8.700195,-8.700195,0.30233672,0.05,0,0.0,True,0.87001956,-0.0043596285,-0.25993558705838243,33,28,447,0,4,29,43.071278,1246.9998,-2.7594695,-2.2349999999999746,0.0,-22.43683910369873,0.021229829639196396,0.0799640454351902,-106.0317554473877,0.0003
851,273526,999.2057,43,-0.7943115,-0.7943115,0.33935323,0.05,0,0.0,True,0.079431154,-0.006268858,-0.26710159897804253,38,47,2020,1,10,33,66.98129,1284.9235,-3.5655758,-10.100000000000179,0.0,-22.45190143585205,0.11909319087862968,0.07996401935815811,-105.81832313537598,0.0003
852,274037,982.08984,132,-17.910156,-17.910156,2.5411782,0.05,0,0.0,True,1.7910156,-0.016102336,-0.6700976018735898,92,52,178,0,45,87,369.79077,2284.3572,-11.345058,-0.8900000000000007,0.0,-22.387629508972168,0.028040193021297455,0.07996398955583572,-106.08072662353516,0.0003
853,274575,981.7981,14,-18.201904,-18.201904,0.24162173,0.05,0,0.0,True,1.8201904,-0.0021745726,-0.20608655542135249,27,89,222,0,2,12,64.6299,962.36127,0.0,-1.1099999999999983,0.0,-22.434768199920654,0.37905213073827326,0.07996403053402901,-106.14474296569824,0.0003
854,275117,972.85126,35,-27.148743,-27.148743,1.7474675,0.05,0,0.0,True,2.7148743,-0.019775946,-0.276614278703928,22,75,872,0,7,28,41.16436,1109.2715,-11.79642,-4.359999999999929,0.0,-22.40794038772583,0.02734943386167288,0.07996402308344841,-105.75948715209961,0.0003
855,275648,994.0071,20,-5.99292,-5.99292,0.24765521,0.05,0,0.0,True,0.59929204,-0.0072540855,-0.15063173957169063,35,108,186,1,3,17,87.997986,1250.0154,-0.45453098,-0.9300000000000007,0.0,-22.382370471954346,0.03107063751667738,0.07996402308344841,-105.80851364135742,0.0003
856,276258,932.8989,192,-67.101074,-67.101074,0.3974699,0.05,0,0.0,True,6.710108,-0.02971808,-0.7363436432295786,239,108,910,1,51,141,380.86993,4000.3718,-36.974434,-4.549999999999925,0.0,-22.42148208618164,0.06122307758778334,0.0799640603363514,-106.06029510498047,0.0003
857,276801,976.0338,16,-23.966187,-23.966187,0.1780925,0.05,0,0.0,True,2.3966186,-0.0021813386,-0.23530318900942798,24,37,342,0,2,14,30.352707,1052.5452,-0.47082683,-1.7099999999999855,0.0,-22.41679859161377,0.12725438876077533,0.07996401935815811,-106.00098609924316,0.0003
858,277325,947.2671,80,-52.73291,-52.73291,4.737505,0.05,0,0.0,True,5.273291,-0.014574961,-0.4455102047324182,53,63,543,0,41,39,1075.1665,1824.7175,-7.684361,-2.7149999999999643,0.0,-22.404303550720215,0.01820442732423544,0.07996398955583572,-105.94447898864746,0.0003
859,277850,755.65686,28,-244.34314,-244.34314,0.5551807,0.05,0,0.0,True,24.434315,-0.005763952,-0.2690968059748412,26,55,1363,0,5,23,258.02502,1088.1877,-2.0955832,-6.814999999999877,0.0,-22.367358207702637,0.03296791249886155,0.0799640417098999,-106.13993453979492,0.0003
860,278401,996.7903,69,-3.2097168,-3.2097168,0.6736658,0.05,0,0.0,True,0.3209717,-0.0117501775,-0.5748291785269979,57,115,442,0,17,52,210.29198,1708.5328,-9.929246,-2.209999999999975,0.0,-22.430187225341797,0.014030973892658949,0.07996396534144878,-105.9952392578125,0.0003
861,279157,978.92053,19,-21.079468,-21.079468,0.01455485,0.05,0,0.0,True,2.1079469,-0.0057692016,-0.3220533404499292,87,78,3346,1,0,19,0.0,1014.7467,0.0,-16.730000000000956,0.0,-22.322603225708008,0.11009878548793495,0.07996401935815811,-105.82648658752441,0.0003
862,279680,914.62006,132,-85.379944,-85.379944,0.4463723,0.05,0,0.0,True,8.537994,-0.015244233,-0.5445469645410774,44,65,79,1,53,79,935.33527,4122.4688,-13.5510645,-0.39500000000000024,0.00032984972,-22.432981491088867,0.03465993236750364,0.07996401935815811,-105.98857879638672,0.0003
863,280207,997.12585,8,-2.8741455,-2.8741455,0.17958656533999917,0.05,0,0.0,True,0.28741455,-0.0007695693,-0.1553140335769361,12,64,452,0,1,7,44.71646,979.6935,0.0,-2.259999999999974,0.0,-22.425833702087402,0.022049021907150745,0.07996399328112602,-105.9055004119873,0.0003
864,280372,905.2732,92,-94.72681,-94.72681,0.10774731,0.05,0,0.0,True,9.472681,-0.028067973,-0.4489244960248469,46,9,56,1,35,57,869.8638,2113.4788,-13.127817,-0.28000000000000014,0.0,-22.401426792144775,0.04019580967724323,0.07996400259435177,-105.77831840515137,0.0003
865,280931,1001.4527,20,1.4526978,1.4526978,0.32499003,0.05,0,0.0,True,-0.14526978,-0.003051283,-0.21249039612710474,22,109,877,1,2,18,37.38751,958.5687,0.0,-4.384999999999929,0.0,-22.399624347686768,0.05969471554271877,0.07996398955583572,-106.02156066894531,0.0003
866,282894,882.80084,126,-117.19916,-117.19916,0.9515629,0.05,0,0.0,True,11.719916,-0.04906488,-0.5185582387447357,97,255,7506,1,35,91,502.9461,3597.208,-58.714733,-37.53000000000075,0.0,-22.45755910873413,0.014372829347848892,0.07996406964957714,-106.00970458984375,0.0003
867,283438,968.8725,93,-31.127502,-31.127502,0.8027461,0.05,0,0.0,True,3.1127503,-0.018168824,-0.4552831710875033,56,50,416,0,29,64,287.79843,2308.3372,-17.847286,-2.079999999999978,0.0,-22.38270330429077,0.0444400105625391,0.07996398955583572,-105.98617172241211,0.0003
868,284042,997.12195,12,-2.8780518,-2.8780518,0.24228506,0.05,0,0.0,True,0.28780517,-0.0007927831,-0.1628039662539959,6,82,0,1,1,11,24.041838,1034.7306,0.0,0.0,0.0,-22.408260345458984,0.009990727296099067,0.07996403239667416,-105.72213554382324,0.0003
869,284586,1005.1946,24,5.19458,5.19458,0.4394766,0.05,0,0.0,True,-0.519458,-0.0031645023,-0.287068383449097,77,127,560,0,1,23,9.913789,1095.2296,-0.47503576,-2.7999999999999625,0.0,-22.411781787872314,0.48940227343700826,0.07996398955583572,-105.92827606201172,0.0003
870,284910,1003.9863,21,3.9863281,3.9863281,0.27325967,0.05,0,0.0,True,-0.3986328,-0.00078675034,-0.28876580869863333,28,87,338,0,0,21,0.0,997.9766,0.0,-1.689999999999986,0.0,-22.405747413635254,0.1286850143224001,0.0799640454351902,-105.72715950012207,0.0003
871,285442,961.2248,14,-38.775208,-38.775208,0.03972252,0.05,0,0.0,True,3.877521,-0.004524046,-0.2032314500957728,31,60,325,0,4,10,88.47505,909.6512,0.0,-1.6249999999999873,0.0,-22.425386905670166,0.021664098370820284,0.07996398955583572,-105.91288948059082,0.0003
872,285966,1003.8697,38,3.86969,3.86969,0.5995211,0.05,0,0.0,True,-0.386969,-0.0066790082,-0.3311648839068839,100,107,123,0,6,32,29.3681,1614.214,-6.057089,-0.6150000000000004,0.0,-22.418150901794434,0.4705568712670356,0.07996398955583572,-106.22449684143066,0.0003
873,286507,871.7667,266,-128.23328,-128.23328,0.88140494,0.05,0,0.0,True,12.823328,-0.052486707,-0.9686724378168584,245,88,884,0,67,199,507.77112,3835.2424,-55.36378,-4.419999999999928,0.0,-22.424630165100098,0.013998232083395123,0.07996401377022266,-106.13644599914551,0.0003
874,287136,972.83984,68,-27.160156,-27.160156,2.1562219,0.05,0,0.0,True,2.7160156,-0.038694132,-0.3889009293913841,43,91,1706,1,22,46,304.00552,1555.0995,-30.728752,-8.529999999999934,0.0,-22.382071495056152,0.043751728255301714,0.07996401935815811,-106.02704620361328,0.0003
875,287677,995.51514,13,-4.4848633,-4.4848633,0.016350303,0.05,0,0.0,True,0.44848636,-0.0019865637,-0.17505155824124813,18,139,510,1,1,12,21.040854,1000.511,0.0,-2.549999999999968,0.0,-22.441745281219482,0.020343961426988244,0.07996397465467453,-106.15270805358887,0.0003
876,288270,972.826,110,-27.174011,-27.174011,0.4898236,0.05,0,0.0,True,2.717401,-0.021392021,-0.5583939343386523,93,45,735,0,30,80,160.93826,2233.5193,-18.922123,-3.674999999999944,0.0,-22.4508376121521,0.018316555069759488,0.07996401377022266,-106.08868598937988,0.0003
877,288774,977.9847,171,-22.01532,-22.01532,2.2857924,0.05,0,0.0,True,2.2015321,-0.015634438,-0.65533342204988,57,36,0,1,69,102,1422.6086,3975.0127,-12.959514,0.0,0.0,-22.395743370056152,0.07349605672061443,0.0799640454351902,-105.90168762207031,0.0003
878,289098,1026.1993,181,26.19934,26.19934,2.7488258,0.05,0,0.0,True,-2.619934,-0.012402389,-0.6167428617648293,160,86,322,0,43,138,240.03458,4533.02,-12.663435,-1.6099999999999877,0.0,-22.41742753982544,0.038762916810810566,0.07996401935815811,-105.94633674621582,0.0003
879,289829,1003.8694,15,3.8693848,3.8693848,0.4761971,0.05,0,0.0,True,-0.38693848,-0.01581833,-0.16945321522653103,14,135,1969,0,2,13,160.07483,844.28973,0.0,-9.84500000000014,0.0,-22.383625984191895,0.0782310445792973,0.07996401935815811,-105.8527660369873,0.0003
880,290395,985.51587,106,-14.484131,-14.484131,0.038108777,0.05,0,0.0,True,1.4484131,-0.0061394107,-0.6223316228389735,85,160,977,0,29,77,149.8693,2167.5317,-8.247702,-4.884999999999918,0.0,-22.41481351852417,0.1600250443443656,0.07996398955583572,-105.9879322052002,0.0003
881,290956,979.8551,26,-20.144897,-20.144897,0.17235357,0.05,0,0.0,True,2.0144897,-0.016646285,-0.28501591996178477,31,69,324,0,6,20,36.57872,1104.7953,-8.313336,-1.6199999999999875,0.0,-22.426954746246338,0.02276409021578729,0.0799640603363514,-105.86940002441406,0.0003
882,291492,997.4178,22,-2.5822144,-2.5822144,0.43510312,0.05,0,0.0,True,0.25822142,-0.0025888132,-0.20461942645855752,20,238,40,1,4,18,82.81938,990.1281,-0.009191594,-0.2000000000000001,0.0,-22.46608304977417,0.017486387048847973,0.07996400259435177,-106.23848915100098,0.0003
883,292007,988.84576,15,-11.154236,-11.154236,0.033097025,0.05,0,0.0,True,1.1154237,-0.0015554588,-0.1841049022227525,19,123,396,1,0,15,0.0,1106.4868,0.0,-1.9799999999999798,0.0,-22.37754201889038,0.32926879776641726,0.07996398955583572,-106.03469657897949,0.0003
884,292525,990.2401,16,-9.759888,-9.759888,0.075610355,0.05,0,0.0,True,0.9759888,-0.003184461,-0.23878219075500962,27,146,729,1,0,16,0.0,996.9138,0.0,-3.6449999999999445,0.0,-22.349513053894043,0.3720408221706748,0.07996397465467453,-105.80200386047363,0.0003
885,293085,961.01996,115,-38.98004,-38.98004,0.05220149,0.05,0,0.0,True,3.898004,-0.02399491,-0.5821053857590466,175,76,553,0,27,88,144.50461,2936.9563,-23.251272,-2.7649999999999633,0.0,-22.413719654083252,0.03480946226045489,0.07996399328112602,-105.77738380432129,0.0003
886,293754,971.02216,148,-28.977844,-28.977844,0.41383892,0.05,0,0.0,True,2.8977845,-0.019111678,-0.44430650822818285,248,84,2480,1,28,120,210.81981,4668.5684,-25.127655,-12.400000000000539,0.0,-22.45138120651245,0.015881149331107736,0.07996399700641632,-106.0345687866211,0.0003
887,294282,965.231,15,-34.768982,-34.768982,0.044627976,0.05,0,0.0,True,3.4768984,-0.00239959,-0.17499131063259357,11,42,214,0,0,15,0.0,998.6707,0.0,-1.0699999999999992,0.0,-22.445077419281006,0.04388482705689967,0.07996398955583572,-106.07318687438965,0.0003
888,294811,986.8307,240,-13.169312,-13.169312,1.2981584,0.05,0,0.0,True,1.3169312,-0.02268314,-0.9368212017031009,102,37,61,1,76,164,1003.50385,5263.8726,-29.036537,-0.30500000000000016,0.0,-22.42287588119507,0.10910060023888946,0.07996401377022266,-106.05098533630371,0.0003
889,295353,962.48035,17,-37.519653,-37.519653,0.67192394,0.05,0,0.0,True,3.7519653,-0.014759166,-0.18868953697383412,14,72,858,0,1,16,18.509993,1101.9247,0.0,-4.289999999999931,0.0,-22.369758129119873,0.11533260019496083,0.07996403239667416,-105.73608589172363,0.0003
890,295891,992.92633,6,-7.0736694,-7.0736694,0.31138793,0.05,0,0.0,True,0.70736694,-0.0022668694,-0.11347371235489843,2,78,44,1,1,5,157.16647,894.06793,0.0,-0.2200000000000001,0.0,-22.412053108215332,0.029890073463320732,0.07996398396790028,-106.02231788635254,0.0003
891,296402,962.47174,69,-37.52826,-37.52826,0.35237238,0.05,0,0.0,True,3.7528257,-0.010255798,-0.37302430912852275,32,24,111,0,23,46,327.94916,2484.034,-13.515447,-0.5550000000000004,0.0,-22.450901985168457,0.02703189360909164,0.07996398396790028,-106.03324317932129,0.0003
892,296903,992.1549,33,-7.845093,-7.845093,0.18819873,0.05,0,0.0,True,0.78450924,-0.0019191775,-0.3097562279071329,29,40,273,0,6,27,88.73112,1216.6868,-1.8149782,-1.3649999999999929,0.0,-22.369869709014893,0.02797091845422983,0.07996399328112602,-105.65903854370117,0.0003
893,297422,988.6199,45,-11.380127,-11.380127,1.0715086,0.05,0,0.0,True,1.1380126,-0.017686587,-0.34937017723917974,78,94,710,0,14,31,280.81946,1539.3254,-9.354558,-3.5499999999999465,0.0,-22.338616371154785,0.06277029775083065,0.07996399700641632,-105.78304290771484,0.0003
894,297927,829.12445,165,-170.87555,-170.87555,0.43672603,0.05,0,0.0,True,17.087555,-0.097068794,-0.6416443994578109,149,68,479,1,40,125,395.9896,3793.3003,-101.40362,-2.394999999999971,0.0,-22.379377841949463,0.1730118803679943,0.07996399328112602,-105.85977745056152,0.0003
895,298631,961.26764,40,-38.73236,-38.73236,0.0204596,0.05,0,0.0,True,3.8732362,-0.012625319,-0.26749471330598307,51,182,1617,1,7,33,42.569298,1436.7993,-6.4552636,-8.084999999999864,0.0,-22.411046981811523,0.025158592266961932,0.07996398955583572,-105.97815704345703,0.0003
896,298775,1012.3349,13,12.3349,12.3349,0.82301956,0.05,0,0.0,True,-1.23349,-0.0022931672,-0.14770414233207704,7,2,94,0,0,13,0.0,1030.7915,0.0,-0.4700000000000003,0.0,-22.408655643463135,0.047527020797133446,0.07996405102312565,-105.74341773986816,0.0003
897,299292,953.137,68,-46.862976,-46.862976,0.4444637,0.05,0,0.0,True,4.6862974,-0.0076989066,-0.4718084493079612,88,19,566,0,17,51,174.42892,1945.4703,-5.163958,-2.829999999999962,0.0,-22.407686233520508,0.0483135306276381,0.0799640417098999,-105.80375289916992,0.0003
898,299836,976.26624,14,-23.733765,-23.733765,0.06441977,0.05,0,0.0,True,2.3733764,-0.0035711844,-0.20757594019174577,21,83,970,0,1,13,63.27292,987.50574,-1.3709697,-4.849999999999919,0.0,-22.42943525314331,0.08431383548304439,0.0799640454351902,-105.93459510803223,0.0003
899,300389,929.00165,168,-70.99835,-70.99835,1.4278182,0.05,0,0.0,True,7.0998354,-0.0174639,-0.7854211656004189,66,13,53,1,64,104,1146.2592,3668.4192,-22.122892,-0.2650000000000001,0.0,-22.42298936843872,0.020904168719425797,0.07996402680873871,-106.03261947631836,0.0003
900,300533,988.3882,51,-11.611816,-11.611816,0.05672615,0.05,0,0.0,True,1.1611817,-0.003970503,-0.3483342235763802,39,40,1396,0,11,40,151.273,1533.6255,-2.7568574,-6.979999999999873,0.0,-22.366873264312744,0.3714452818967402,0.07996401935815811,-105.9457893371582,0.0003
901,301072,999.8455,12,-0.15447998,-0.15447998,0.121504046,0.05,0,0.0,True,0.0154479975,-0.0021375967,-0.17756734266877172,26,139,1257,0,0,12,0.0,1159.9277,0.0,-6.284999999999888,0.0,-22.407383918762207,0.024717672262340784,0.07996401377022266,-106.02505683898926,0.0003
902,301624,1005.6409,10,5.64093,5.64093,0.2968923,0.05,0,0.0,True,-0.564093,-0.0035653373,-0.152718908737788,23,94,795,0,0,10,0.0,1028.9149,0.0,-3.9749999999999375,0.0,-22.352997303009033,0.8245637798681855,0.07996401935815811,-106.03164100646973,0.0003
903,302421,1005.0203,44,5.0203247,5.0203247,0.907915,0.05,0,0.0,True,-0.50203246,-0.0031119948,-0.34206391278946935,44,63,754,0,10,34,65.27454,1830.5352,-2.507322,-3.769999999999942,0.0,-22.37395477294922,0.11381081258878112,0.07996400259435177,-105.70331001281738,0.0003
904,302935,1015.51416,7,15.51416,15.51416,0.9072264,0.05,0,0.0,True,-1.551416,-0.0013366153,-0.11347371138632299,5,183,383,0,0,7,0.0,1147.9021,0.0,-1.9149999999999812,0.0,-22.391624927520752,0.01722154696471989,0.07996403612196445,-105.70709609985352,0.0003
905,303509,997.2139,23,-2.7860718,-2.7860718,0.29112464,0.05,0,0.0,True,0.27860716,-0.0021164536,-0.27868877761065947,56,73,581,0,1,22,2.0447748,1541.1053,-1.2994686,-2.9049999999999603,0.0,-22.43863010406494,0.032240455970168114,0.07996398955583572,-105.96462440490723,0.0003
906,304095,1008.91864,27,8.91864,8.91864,1.128965,0.05,0,0.0,True,-0.891864,-0.008880041,-0.2655902861058713,25,77,412,1,5,22,164.38228,1128.2972,-10.999491,-2.0599999999999783,0.0,-22.372284412384033,0.46968777012079954,0.07996401377022266,-106.03779983520508,0.0003
907,304644,883.2173,209,-116.782715,-116.782715,1.7318666,0.05,0,0.0,True,11.678271,-0.024917208,-1.1231093794107432,153,13,290,0,73,136,617.6238,3156.719,-41.09232,-1.449999999999991,0.0,-22.470359325408936,0.015691347420215607,0.07996398955583572,-106.2021541595459,0.0003
908,305239,994.1657,17,-5.8342896,-5.8342896,0.039108712,0.05,0,0.0,True,0.5834289,-0.0017262013,-0.27103268019412535,54,53,915,1,1,16,5.3795633,990.2299,0.0,-4.574999999999925,0.0,-22.408403873443604,0.023566055111587048,0.07996401935815811,-106.0048885345459,0.0003
909,305825,961.2916,118,-38.708374,-38.708374,1.2001861,0.05,0,0.0,True,3.8708375,-0.042675935,-0.48395794564764444,130,104,1101,1,34,84,338.35486,3041.4626,-25.36469,-5.504999999999905,0.0,-22.35988140106201,0.13601483823731542,0.07996398955583572,-105.90996742248535,0.0003
910,306438,981.6586,125,-18.34137,-18.34137,0.4022188,0.05,0,0.0,True,1.834137,-0.015308207,-0.4101071756333116,98,46,693,1,27,98,173.67522,2327.4016,-13.654267,-3.4649999999999483,0.0,-22.428447246551514,0.02424132195301354,0.0799640454351902,-105.67644882202148,0.0003
911,306988,973.6827,92,-26.317322,-26.317322,0.24410388,0.05,0,0.0,True,2.6317322,-0.01676107,-0.5481573528051374,91,106,177,1,25,67,361.2022,2925.9219,-17.43054,-0.8850000000000007,0.0,-22.39838933944702,0.45032092183828354,0.0799640454351902,-105.72209930419922,0.0003
912,307440,980.5358,292,-19.464172,-19.464172,1.9376019,0.05,0,0.0,True,1.9464172,-0.02568756,-1.0141980695024098,208,13,371,0,85,207,647.3753,5942.0107,-39.61006,-1.8549999999999824,0.0,-22.403377532958984,0.023650925839319825,0.07996398955583572,-105.72329711914062,0.0003
913,308009,997.51447,6,-2.4855347,-2.4855347,0.08910644,0.05,0,0.0,True,0.24855347,-0.0018558209,-0.11347371339797971,6,188,969,1,0,6,0.0,1077.3403,0.0,-4.844999999999919,0.0,-22.453163146972656,0.04827903863042593,0.07996401935815811,-105.9498405456543,0.0003
914,308553,971.0559,102,-28.944092,-28.944092,0.9162636,0.05,0,0.0,True,2.8944092,-0.017300433,-0.4142891314113111,170,101,1026,0,18,84,63.772865,2556.6863,-17.863731,-5.129999999999913,0.0,-22.45188570022583,0.01832505385391414,0.07996398955583572,-105.89766502380371,0.0003
915,309080,968.90497,81,-31.095032,-31.095032,0.9606697,0.05,0,0.0,True,3.1095033,-0.021281678,-0.6266271652518416,367,33,597,1,24,57,212.88005,1786.0896,-27.90522,-2.9849999999999586,0.0,-22.448501110076904,0.024535885080695152,0.07996398955583572,-106.00496482849121,0.0003
916,309603,981.3644,132,-18.63562,-18.63562,1.1195332,0.05,0,0.0,True,1.863562,-0.026383473,-0.7192475553980404,72,14,33,1,38,94,436.49692,2840.1147,-26.669792,-0.16500000000000006,0.0,-22.35054111480713,0.039830861147493124,0.07996402308344841,-105.45468521118164,0.0003
917,310134,960.84937,104,-39.150635,-39.150635,0.113090865,0.05,0,0.0,True,3.9150634,-0.01420095,-0.6776873898020105,115,57,468,0,26,78,366.4391,2600.6199,-17.408522,-2.3399999999999723,0.0,-22.40949249267578,0.036989201325923204,0.0799640417098999,-105.73037719726562,0.0003
918,310653,976.8204,40,-23.179626,-23.179626,0.042339824,0.05,0,0.0,True,2.3179626,-0.0032873442,-0.3794469066709279,100,15,122,1,6,34,32.308575,1467.8347,-2.293964,-0.6100000000000004,0.0,-22.42351198196411,0.021510655293241143,0.07996400259435177,-105.84102249145508,0.0003
919,311194,1018.8654,60,18.865417,18.865417,1.4373226,0.05,0,0.0,True,-1.8865417,-0.007760006,-0.35442592315375804,50,129,374,1,16,44,145.63808,1224.0702,-3.6091795,-1.8699999999999821,0.0,-22.435235023498535,0.03380393050611019,0.07996403053402901,-105.92827415466309,0.0003
920,311705,941.8428,117,-58.157227,-58.157227,0.95376396,0.05,0,0.0,True,5.815723,-0.011850782,-0.5691170012950896,83,6,22,0,46,71,968.0419,2243.0483,-11.484355,-0.11000000000000003,0.0,-22.45609140396118,0.014686558628454804,0.07996395975351334,-106.05811882019043,0.0003
921,312319,895.4434,399,-104.55658,-104.55658,1.0566609,0.05,0,0.0,True,10.455658,-0.05060511,-1.3203735572055013,418,95,987,0,86,313,659.937,9421.732,-72.9068,-4.934999999999917,0.0042278366,-22.379738807678223,0.033062980975955725,0.07996397837996483,-105.88439178466797,0.0003
922,312834,997.2544,16,-2.7456055,-2.7456055,0.36436847,0.05,0,0.0,True,0.27456054,-0.0033043076,-0.1883099484443665,27,39,1146,1,0,16,0.0,1005.5942,0.0,-5.7299999999999,0.0,-22.387749671936035,0.02301729191094637,0.07996400259435177,-105.83111381530762,0.0003
923,313378,1007.6349,53,7.6348877,7.6348877,0.65359265,0.05,0,0.0,True,-0.76348877,-0.004391499,-0.4477354169662476,68,138,537,0,8,45,17.66331,1347.6959,-3.7754555,-2.684999999999965,0.0,-22.40974521636963,0.04250297602266073,0.07996401377022266,-106.12868690490723,0.0003
924,313913,1005.0133,16,5.0133057,5.0133057,0.27323228,0.05,0,0.0,True,-0.50133055,-0.0030892778,-0.17067122012376787,16,69,1808,0,0,16,0.0,1026.2502,0.0,-9.040000000000013,0.0,-22.42252206802368,0.01823217491619289,0.07996401935815811,-105.77536201477051,0.0003
925,314423,1009.2493,250,9.249329,9.249329,4.873998,0.05,0,0.0,True,-0.92493284,-0.04140697,-1.0714791890233755,336,44,351,1,72,178,1148.7533,5538.0347,-59.3405,-1.7549999999999846,2.1423526e-05,-22.365350246429443,0.06748643121682107,0.07996398396790028,-105.98742866516113,0.0003
926,314485,813.1186,214,-186.88141,-186.88141,0.08211721,0.05,0,0.0,True,18.68814,-0.033019572,-0.36914229571819307,196,45,0,0,54,160,893.27057,8068.4434,-36.808926,0.0,0.0050883275,-22.45592212677002,0.019943133229389787,0.07996398955583572,-106.01360511779785,0.0003
927,315070,995.4701,25,-4.529907,-4.529907,0.004846067,0.05,0,0.0,True,0.45299074,-0.0031717315,-0.19498347699642182,12,75,1399,0,3,22,11.897583,1161.4258,-1.0341799,-6.994999999999873,0.0,-22.415927410125732,0.03622488281689584,0.07996401935815811,-105.76522445678711,0.0003
928,315616,986.96967,93,-13.030334,-13.030334,0.5493922,0.05,0,0.0,True,1.3030335,-0.014206889,-0.6279360423237084,148,64,699,0,19,74,88.81664,1771.5948,-15.77348,-3.4949999999999477,0.0,-22.36250400543213,0.030493062222376466,0.0799640454351902,-105.52493095397949,0.0003
929,316148,979.7652,16,-20.234802,-20.234802,0.30389693,0.05,0,0.0,True,2.0234802,-0.0033069714,-0.2025571621954441,37,60,233,0,2,14,32.987095,972.1278,-0.03182871,-1.1649999999999971,0.0,-22.453300952911377,0.03178383642807603,0.07996395975351334,-106.19388389587402,0.0003
930,316762,1009.15515,10,9.155151,9.155151,0.7276225,0.05,0,0.0,True,-0.9155151,-0.0022495394,-0.20342368606107436,55,186,700,0,0,10,0.0,994.93005,0.0,-3.4999999999999476,0.0,-22.431437969207764,0.22358558303676546,0.07996401935815811,-105.59345626831055,0.0003
931,317273,980.175,87,-19.825012,-19.825012,0.2945542,0.05,0,0.0,True,1.9825011,-0.012063524,-0.4675787645829756,83,41,1105,1,19,68,107.70564,2108.1953,-9.178844,-5.524999999999904,0.0,-22.399741649627686,0.04485900141298771,0.07996401935815811,-105.59526252746582,0.0003
932,317785,967.32043,35,-32.679565,-32.679565,0.08003571,0.05,0,0.0,True,3.2679565,-0.009860208,-0.2463397543877363,51,58,586,1,6,29,66.913895,1254.377,-6.796328,-2.9299999999999597,0.0,-22.440605640411377,0.01939044101163745,0.07996398955583572,-106.08007431030273,0.0003
933,318312,956.5973,44,-43.40271,-43.40271,0.18231587,0.05,0,0.0,True,4.340271,-0.0067480737,-0.38680584808703034,66,16,546,0,12,32,198.04913,1777.564,-6.9883285,-2.729999999999964,0.0,-22.40617275238037,0.40975818037986755,0.07996397465467453,-106.12346839904785,0.0003
934,318845,968.23804,9,-31.761963,-31.761963,0.1283271,0.05,0,0.0,True,3.1761963,-0.010533359,-0.13471532188355922,6,84,1614,0,1,8,18.264654,978.6912,0.0,-8.069999999999862,0.0,-22.43007802963257,0.04323888476938009,0.07996397092938423,-105.81414413452148,0.0003
935,319443,994.48303,35,-5.516968,-5.516968,0.09339464,0.05,0,0.0,True,0.5516968,-0.0035543682,-0.28391688443720337,54,81,1235,0,1,34,4.687411,1283.0127,-0.9830113,-6.174999999999891,0.0,-22.387035846710205,0.0454957140609622,0.07996397837996483,-106.00729560852051,0.0003
936,320008,952.8771,101,-47.122925,-47.122925,5.587197,0.05,0,0.0,True,4.7122927,-0.09923961,-0.6669922690266054,62,70,418,0,24,77,283.72195,2827.9614,-151.96317,-2.0899999999999777,0.0,-22.416874885559082,0.15570414112880826,0.07996395230293274,-105.91354179382324,0.0003
937,320539,941.18317,95,-58.816833,-58.816833,0.56554556,0.05,0,0.0,True,5.8816833,-0.033142135,-0.6346124959833925,94,98,462,0,28,67,144.15816,1857.6743,-27.412916,-2.309999999999973,0.0,-22.4107666015625,0.05540819279849529,0.07996398955583572,-106.00373077392578,0.0003
938,321071,1010.6243,64,10.624329,10.624329,1.9606696,0.05,0,0.0,True,-1.0624329,-0.006980477,-0.4196892162412405,52,58,217,0,17,47,348.05463,2025.5427,-7.614922,-1.0849999999999989,0.0,-22.388973236083984,0.04105028696358204,0.07996402308344841,-105.66039657592773,0.0003
939,321626,985.8129,11,-14.187073,-14.187073,0.020090909090909093,0.05,0,0.0,True,1.4187073,-0.0010579289,-0.16266863794812073,17,68,424,1,0,11,0.0,1503.7932,0.0,-2.119999999999977,0.0,-22.384778022766113,0.0623345086351037,0.07996401935815811,-105.74056816101074,0.0003
940,322174,1019.6563,106,19.656311,19.656311,2.1805398,0.05,0,0.0,True,-1.9656311,-0.017408393,-0.7610922913253311,77,95,366,0,22,84,119.945175,2178.1216,-21.774063,-1.829999999999983,0.0,-22.467955112457275,0.02663718583062291,0.07996400818228722,-105.98724937438965,0.0003
941,322682,971.9502,77,-28.049805,-28.049805,0.16972019,0.05,0,0.0,True,2.8049805,-0.026615487,-0.4167611799389125,77,48,61,1,26,51,401.15558,1770.1195,-14.662298,-0.30500000000000016,0.0,-22.364576816558838,0.17769044660963118,0.07996398955583572,-105.86681747436523,0.0003
942,323309,971.0906,144,-28.909424,-28.909424,0.72149473,0.05,0,0.0,True,2.8909423,-0.012802851,-0.7189467122405766,73,36,27,1,51,93,1048.6797,3603.314,-20.270657,-0.13500000000000004,0.0,-22.397296905517578,0.03220475814305246,0.07996401935815811,-105.95502853393555,0.0003
943,323815,842.69,229,-157.31,-157.31,0.0,0.05,0,0.0,True,15.730999,-0.06846372,-1.1732159022117454,217,119,495,0,51,178,945.61395,5375.6367,-86.68717,-2.4749999999999694,0.0,-22.43161964416504,0.03436024487018585,0.07996398955583572,-106.11313056945801,0.0003
944,324379,985.7844,20,-14.215576,-14.215576,0.15298362,0.05,0,0.0,True,1.4215577,-0.002738912,-0.2589336324657576,84,66,541,0,0,20,0.0,992.2735,0.0,-2.7049999999999645,0.0,-22.408297538757324,0.029167833272367716,0.07996402308344841,-105.7751350402832,0.0003
945,324910,1059.3351,14,59.335083,59.335083,3.6538715,0.05,0,0.0,True,-5.9335084,-0.0042558466,-0.1643768686212738,23,152,1095,1,3,11,83.59268,919.15704,0.0,-5.4749999999999055,0.0,-22.32769250869751,0.17997286841273308,0.07996398955583572,-105.82806205749512,0.0003
946,325097,994.0038,35,-5.996216,-5.996216,0.16541593,0.05,0,0.0,True,0.59962153,-0.0023045933,-0.33072756551206123,29,0,13,1,5,30,20.644444,1089.2935,-0.8693932,-0.06499999999999999,0.0,-22.412044048309326,0.08167810179293156,0.07996403239667416,-105.73724937438965,0.0003
947,325731,999.3328,14,-0.6671753,-0.6671753,1.1365168,0.05,0,0.0,True,0.06671753,-0.0038889567,-0.1286388719081879,8,91,205,0,4,10,236.04446,1127.4342,-0.7384615384615384,-1.0250000000000001,0.0,-22.441352367401123,0.017884415108710527,0.07996400259435177,-105.72308921813965,0.0003
948,326275,999.7267,61,-0.27331543,-0.27331543,0.71541846,0.05,0,0.0,True,0.027331544,-0.008707997,-0.46287676546210055,79,44,707,1,17,44,186.24274,1647.0261,-9.336995,-3.534999999999947,0.0,-22.422667980194092,0.024715694598853588,0.07996401935815811,-105.70756912231445,0.0003
949,326817,1011.7305,25,11.73053,11.73053,0.74788177,0.05,0,0.0,True,-1.1730529,-0.004534321,-0.2756375268846751,42,104,523,0,3,22,67.632706,1018.48474,-0.54015183,-2.6149999999999665,0.0,-22.42906618118286,0.031755761010572314,0.07996398955583572,-105.82798194885254,0.0003
950,327403,989.4686,63,-10.531372,-10.531372,0.12283777,0.05,0,0.0,True,1.0531372,-0.0047637993,-0.3679800583422183,53,84,1013,1,11,52,48.23146,2188.4822,-5.6325274,-5.064999999999914,0.0,-22.392125606536865,0.029798891860991716,0.07996398955583572,-106.02014541625977,0.0003
951,327917,996.4366,72,-3.5634155,-3.5634155,1.1377181,0.05,0,0.0,True,0.35634154,-0.0063242693,-0.42001066038742313,139,5,119,1,13,59,164.7917,1675.9004,-9.462912,-0.5950000000000004,0.0,-22.360249042510986,0.027992111165076494,0.07996399328112602,-105.62479591369629,0.0003
952,328456,993.77875,15,-6.2212524,-6.2212524,0.15633263,0.05,0,0.0,True,0.62212527,-0.003757208,-0.22229639962315564,23,120,884,0,2,13,76.19026,922.6224,0.0,-4.419999999999928,0.0,-22.43674373626709,0.03500544372946024,0.07996401377022266,-105.95109176635742,0.0003
953,329017,1000.50604,8,0.5060425,0.5060425,0.026633952,0.05,0,0.0,True,-0.05060425,-0.0020447408,-0.16161681264638902,14,175,2254,0,0,8,0.0,1054.9432,0.0,-11.270000000000362,0.0,-22.41749858856201,0.06508811144158244,0.07996401935815811,-105.96900749206543,0.0003
954,329547,993.60223,26,-6.397766,-6.397766,0.22190577,0.05,0,0.0,True,0.6397766,-0.0034328843,-0.3117571464069537,74,34,836,1,4,22,13.866131,1132.5306,-1.8740239,-4.179999999999933,0.0,-22.400209426879883,0.0471439603716135,0.07996403239667416,-105.6279525756836,0.0003
955,330058,1007.3964,15,7.3964233,7.3964233,0.7767559,0.05,0,0.0,True,-0.7396423,-0.00096244644,-0.2446611142903566,44,65,28,0,0,15,0.0,1016.763,0.0,-0.14000000000000004,0.0,-22.429030418395996,0.48334551183506846,0.07996402308344841,-105.86884307861328,0.0003
956,330674,988.88794,129,-11.112061,-11.112061,0.0,0.05,0,0.0,True,1.111206,-0.010798462,-0.8361599145490108,135,29,317,0,38,91,305.0866,1966.5913,-11.11209,-1.5849999999999882,0.0,-22.361099243164062,0.3534920960664749,0.07996397837996483,-106.03339576721191,0.0003
957,331210,972.34875,86,-27.651245,-27.651245,0.12726705,0.05,0,0.0,True,2.7651246,-0.0110086305,-0.9325757334381344,165,29,163,0,23,63,171.34032,2193.9268,-15.455026,-0.8150000000000006,0.0,-22.35088062286377,0.38890262390486896,0.07996400259435177,-105.73721122741699,0.0003
958,331748,990.4285,20,-9.571472,-9.571472,0.44039854,0.05,0,0.0,True,0.95714724,-0.005027488,-0.24340612933039663,19,101,167,0,2,18,75.59715,1315.7676,-5.4710855,-0.8350000000000006,0.0,-22.417424201965332,0.019352280534803867,0.07996398955583572,-105.91269302368164,0.0003
959,332187,992.4451,17,-7.5548706,-7.5548706,0.48460278,0.05,0,0.0,True,0.7554871,-0.0069945557,-0.22747087359428408,93,82,1526,0,2,15,33.20635,1108.6316,-1.6220055,-7.62999999999986,0.0,-22.375730514526367,0.4135571727529168,0.07996396534144878,-105.94351768493652,0.0003
960,332531,998.95483,21,-1.045166,-1.045166,0.1873065,0.05,0,0.0,True,0.1045166,-0.0016730906,-0.25036860749125484,25,22,66,1,2,19,13.529015,1059.6384,-0.6146413,-0.3300000000000002,0.0,-22.400234699249268,0.4608484972268343,0.07996398955583572,-105.90703010559082,0.0003
961,333067,1002.2254,20,2.2254028,2.2254028,0.20352487,0.05,0,0.0,True,-0.22254027,-0.0011789115,-0.28882630400359643,41,153,1774,0,2,18,23.544436,991.04816,0.0,-8.869999999999987,0.0,-22.440648078918457,0.054035257548093796,0.07996398955583572,-106.11826133728027,0.0003
962,333588,999.29016,52,-0.70983887,-0.70983887,1.9656445,0.05,0,0.0,True,0.07098389,-0.0047893533,-0.31316341355442984,27,9,378,0,10,42,95.065315,1211.8756,-2.0837176,-1.8899999999999817,0.0,-22.431062698364258,0.12110588094219565,0.07996401935815811,-105.93657684326172,0.0003
963,335695,996.7607,39,-3.2393188,-3.2393188,0.12801552,0.05,0,0.0,True,0.3239319,-0.002675498,-0.325809197136958,165,140,11323,1,7,32,18.02858,1564.5356,-2.7940679,-56.61500000001051,0.0,-22.381847858428955,0.3633470586501062,0.07996401935815811,-105.46883392333984,0.0003
964,336226,1000.9264,6,0.9263916,0.9263916,0.07130284301606925,0.05,0,0.0,True,-0.09263916,-0.0007450924,-0.13283639593493737,21,172,292,0,0,6,0.0,1085.7659,0.0,-1.4599999999999909,0.0,-22.41564416885376,0.021443458506837487,0.07996398955583572,-105.76541328430176,0.0003
965,336726,983.78845,15,-16.211548,-16.211548,0.0045785136,0.05,0,0.0,True,1.6211547,-0.0021883468,-0.23115861192776166,50,49,945,1,1,14,24.05966,1040.9054,0.0,-4.7249999999999215,0.0,-22.372475624084473,0.04692014306783676,0.07996401935815811,-105.63723373413086,0.0003
966,337259,959.6196,195,-40.38037,-40.38037,0.13216288,0.05,0,0.0,True,4.038037,-0.018195339,-0.8101247850247605,209,89,510,1,51,144,412.80557,5259.6895,-26.457056,-2.549999999999968,0.0,-22.398756980895996,0.07575136632658541,0.07996398955583572,-105.91398429870605,0.0003
967,337761,971.5449,98,-28.455078,-28.455078,0.04496374,0.05,0,0.0,True,2.8455079,-0.0083438475,-0.3526707958430051,76,75,638,0,23,75,287.55615,2550.246,-8.449636,-3.189999999999954,0.0,-22.400052547454834,0.09367646090686321,0.07996397465467453,-105.99723243713379,0.0003
968,338018,945.24835,16,-54.751648,-54.751648,0.07091196,0.05,0,0.0,True,5.475165,-0.0033280542,-0.18213088297944097,65,64,252,0,4,12,58.02656,960.4345,-0.29910833,-1.2599999999999951,0.0,-22.35449457168579,0.045964380726218224,0.07996409200131893,-105.60934448242188,0.0003
969,338542,992.7762,13,-7.223816,-7.223816,0.028768111,0.05,0,0.0,True,0.7223816,-0.0015820147,-0.2041262903064489,60,59,238,1,1,12,47.96651,1065.4153,-1.2707392,-1.1899999999999966,0.0,-22.39948081970215,0.03323844773694873,0.07996401935815811,-106.11110496520996,0.0003
970,339006,1024.0482,19,24.048218,24.048218,1.721199,0.05,0,0.0,True,-2.4048219,-0.009475647,-0.2960777484625578,25,3,192,0,1,18,19.620049,1342.4238,-6.3632593,-0.9600000000000007,0.0,-22.362041473388672,0.2536227237433195,0.07996407523751259,-105.77789306640625,0.0003
971,339537,977.10364,58,-22.896362,-22.896362,0.32017118,0.05,0,0.0,True,2.2896361,-0.011844752,-0.5824373635649684,138,33,700,0,18,40,71.66431,1250.0168,-6.8862596,-3.4999999999999476,0.0,-22.411328315734863,0.028033081209287047,0.07996401377022266,-105.85806083679199,0.0003
972,340040,852.95404,154,-147.04596,-147.04596,0.38986567,0.05,0,0.0,True,14.704596,-0.015466816,-0.5238580027222633,66,38,61,0,60,94,882.4231,3079.6958,-10.583453,-0.30500000000000016,0.0,-22.39822292327881,0.028671822510659695,0.07996398955583572,-105.75360488891602,0.0003
973,340593,967.93677,171,-32.063232,-32.063232,0.24205674,0.05,0,0.0,True,3.2063231,-0.017818961,-0.9523944126606796,170,36,142,1,40,131,354.2968,3585.754,-26.844267,-0.7100000000000005,0.0,-22.415133476257324,0.026174004189670086,0.07996403612196445,-105.81894874572754,0.0003
974,341349,995.2178,32,-4.7822266,-4.7822266,0.40653947,0.05,0,0.0,True,0.47822264,-0.002860962,-0.2700246588140725,35,45,255,0,7,25,135.66646,980.9026,-0.8027574,-1.2749999999999948,0.0,-22.410103797912598,0.3725423361174762,0.07996399700641632,-105.79101371765137,0.0003
975,341862,996.31146,19,-3.6885376,-3.6885376,0.07696283,0.05,0,0.0,True,0.36885375,-0.0025374219,-0.29638314791023745,63,118,792,1,0,19,0.0,1001.5258,0.0,-3.959999999999938,0.0,-22.417588233947754,0.20853755064308643,0.07996405102312565,-105.69565391540527,0.0003
976,342398,977.0281,21,-22.971924,-22.971924,0.14304191,0.05,0,0.0,True,2.2971923,-0.0089928815,-0.19059071660041813,57,134,1187,0,4,17,29.800766,1140.6434,-8.557723,-5.934999999999896,0.0,-22.448087215423584,0.02973006060346961,0.07996398955583572,-106.15569496154785,0.0003
977,342882,980.99207,11,-19.007935,-19.007935,0.20440988,0.05,0,0.0,True,1.9007934,-0.001381951,-0.1347610718008108,18,24,26,1,1,10,39.72102,994.7611,0.0,-0.13000000000000003,0.0,-22.397499561309814,0.16604916099458933,0.07996397465467453,-106.00556564331055,0.0003
978,343424,996.63574,25,-3.3642578,-3.3642578,0.35541916,0.05,0,0.0,True,0.33642578,-0.0036417665,-0.26067971397349005,79,63,564,1,3,22,20.684763,1266.7585,-1.3251792,-2.819999999999962,0.0,-22.436450481414795,0.06681229034438729,0.07996398955583572,-105.9561767578125,0.0003
979,343966,1005.24506,14,5.245056,5.245056,1.0536247,0.05,0,0.0,True,-0.5245056,-0.007922679,-0.19922517460386174,102,321,329,1,4,10,153.90474,840.0294,0.0,-1.644999999999987,0.0,-22.4298357963562,0.18116282392293215,0.07996398955583572,-106.12984657287598,0.0003
980,344521,997.1235,9,-2.8765259,-2.8765259,0.19553748,0.05,0,0.0,True,0.2876526,-0.0011158842,-0.13503896934823437,24,142,934,0,0,9,0.0,1157.5194,0.0,-4.669999999999923,0.0,-22.394585609436035,0.04172065667808056,0.07996402680873871,-105.74209403991699,0.0003
981,345094,1001.7408,16,1.7407837,1.7407837,0.09731836,0.05,0,0.0,True,-0.17407838,-0.00568184,-0.21322102911770338,67,169,1040,0,0,16,0.0,995.2504,0.0,-5.199999999999911,0.0,-22.35631036758423,0.6477223471738398,0.0799640454351902,-105.70710945129395,0.0003
982,345735,982.56036,148,-17.439636,-17.439636,0.0,0.05,0,0.0,True,1.7439636,-0.016725935,-0.674194687455892,138,72,924,1,26,122,206.6275,3313.7056,-17.439383,-4.619999999999924,0.0,-22.309845447540283,0.07384911645203829,0.07996397465467453,-105.4680233001709,0.0003
983,346258,976.195,13,-23.804993,-23.804993,0.20775259,0.05,0,0.0,True,2.3804994,-0.0029394035,-0.18376100182533261,13,59,81,1,2,11,218.14224,991.9882,-1.5539823,-0.40500000000000025,0.0,-22.398120403289795,0.24265128560364246,0.07996402680873871,-105.88591766357422,0.0003
984,346846,949.6439,89,-50.35608,-50.35608,0.35213557,0.05,0,0.0,True,5.035608,-0.01621702,-0.6520626981204493,123,20,231,0,23,66,325.9364,2691.0408,-23.888235,-1.1549999999999974,0.0,-22.44128179550171,0.034951039124280214,0.07996398396790028,-106.09726905822754,0.0003
985,347407,1014.3251,24,14.325073,14.325073,0.8660427,0.05,0,0.0,True,-1.4325073,-0.0019355859,-0.239945132881403,24,60,749,0,1,23,12.377813,1074.8754,-1.0314834,-3.7449999999999424,0.0,-22.342773914337158,0.03175856778398156,0.07996400818228722,-105.8177604675293,0.0003
986,347912,995.8947,17,-4.1052856,-4.1052856,0.2253775,0.05,0,0.0,True,0.41052857,-0.0035711078,-0.20021773487329483,24,44,165,1,2,15,99.91917,1417.597,-5.0248437,-0.8250000000000006,0.0,-22.37591314315796,0.016483458224684,0.07996403053402901,-105.91899108886719,0.0003
987,348531,954.6061,34,-45.39392,-45.39392,0.11808528,0.05,0,0.0,True,4.539392,-0.010497839,-0.21716762743890283,25,74,121,0,12,22,300.08777,1003.79865,-2.590441,-0.6050000000000004,0.0,-22.433594226837158,0.055191535502672195,0.07996400259435177,-105.95663642883301,0.0003
988,349031,928.4879,8,-71.512085,-71.512085,0.12928733,0.05,0,0.0,True,7.151209,-0.0012698943,-0.16338045798347908,5,36,13,1,2,6,364.8,733.25574,0.0,-0.06499999999999999,0.0,-22.40119218826294,0.05913481116294861,0.07996397837996483,-106.03823471069336,0.0003
989,349556,997.96234,20,-2.0376587,-2.0376587,0.06275955,0.05,0,0.0,True,0.20376585,-0.002801601,-0.2840800161659719,37,52,1712,0,0,20,0.0,1000.8116,0.0,-8.559999999999938,0.0,-22.39508056640625,0.17656017746776342,0.07996398955583572,-106.01717758178711,0.0003
990,350158,975.02966,227,-24.970337,-24.970337,0.93627125,0.05,0,0.0,True,2.4970338,-0.02630661,-0.7281944385063991,138,85,654,1,68,159,727.4569,5837.719,-32.033104,-3.2699999999999525,0.0,-22.393163681030273,0.2375505999661982,0.07996398955583572,-105.91224670410156,0.0003
991,350780,1000.8472,13,0.847229,0.847229,0.22287427,0.05,0,0.0,True,-0.0847229,-0.0010224043,-0.21060954475153867,28,71,295,1,2,11,24.578018,994.2839,0.0,-1.4749999999999905,0.0,-22.40552568435669,0.0539138806052506,0.07996399328112602,-105.89198112487793,0.0003
992,351247,1006.1812,42,6.1812134,6.1812134,0.7119174,0.05,0,0.0,True,-0.6181213,-0.0035305875,-0.28826220335387975,64,60,401,1,8,34,105.73285,1380.3572,-3.496608,-2.0049999999999795,0.0,-22.302090167999268,0.33018786646425724,0.07996402308344841,-105.62911987304688,0.0003
993,351790,966.9416,113,-33.05841,-33.05841,0.6025121,0.05,0,0.0,True,3.3058412,-0.017298594,-0.41566506460309016,165,106,463,1,13,100,63.952675,3697.235,-11.892871,-2.314999999999973,0.0,-22.375730991363525,0.34369686245918274,0.0799640454351902,-105.79688835144043,0.0003
994,352312,997.68726,58,-2.3127441,-2.3127441,0.5843952,0.05,0,0.0,True,0.2312744,-0.0056599304,-0.33224089927057354,29,108,21,1,16,42,262.1372,2835.6782,-5.10751,-0.10500000000000002,0.0,-22.398730754852295,0.15534173930063844,0.0799640454351902,-106.01763725280762,0.0003
995,352857,962.42773,38,-37.572266,-37.572266,0.033617985,0.05,0,0.0,True,3.7572265,-0.008754083,-0.3125532836482818,50,90,553,0,10,28,123.477516,1172.7303,-4.2524276,-2.7649999999999633,0.0,-22.414677619934082,0.19861292652785778,0.07996401935815811,-105.80030632019043,0.0003
996,353548,1005.03064,49,5.0306396,5.0306396,1.1906191,0.05,0,0.0,True,-0.5030639,-0.0064696237,-0.3341554481377013,68,28,594,1,11,38,172.8205,1548.4846,-4.3819165,-2.969999999999959,0.0,-22.457354068756104,0.026847838424146175,0.07996403053402901,-106.03652000427246,0.0003
997,354095,994.9495,15,-5.050476,-5.050476,0.0,0.05,0,0.0,True,0.5050476,-0.0025015583,-0.26598811812698847,43,69,696,1,0,15,0.0,997.096,0.0,-3.479999999999948,0.0,-22.4422926902771,0.02706798119470477,0.07996398955583572,-105.96758079528809,0.0003
998,354625,996.9256,29,-3.0744019,-3.0744019,0.92059386,0.05,0,0.0,True,0.30744016,-0.010788471,-0.2618889880936506,75,103,1308,0,3,26,47.257217,1342.0402,-4.2399216,-6.539999999999883,0.0,-22.41630983352661,0.043133022263646126,0.07996401935815811,-105.89644432067871,0.0003
999,355154,1000.61365,12,0.61364746,0.61364746,0.38287738,0.05,0,0.0,True,-0.061364744,-0.0012724738,-0.21038707141694118,23,36,353,1,0,12,0.0,993.8388,0.0,-1.7649999999999844,0.0,-22.38375949859619,0.38991353567689657,0.07996395975351334,-105.93685531616211,0.0003
1000,355667,972.0798,13,-27.920227,-27.920227,0.70072734,0.05,0,0.0,True,2.7920227,-0.0025758115,-0.15892490364417539,16,25,0,1,3,10,171.25168,1105.9252,-0.8695652173913043,0.0,0.0,-22.37527370452881,0.0620247321203351,0.07996403612196445,-105.50616645812988,0.0003
1001,357774,997.1243,29,-2.8756714,-2.8756714,0.08501089,0.05,0,0.0,True,0.28756714,-0.0016445704,-0.31664664804885645,83,126,10996,1,1,28,11.808386,1039.3627,-0.06472859,-54.980000000009674,0.0,-22.32196807861328,0.08636515634134412,0.07996398955583572,-106.12228393554688,0.0003
1002,358648,1017.0069,18,17.006897,17.006897,1.097474,0.05,0,0.0,True,-1.7006897,-0.005698119,-0.21335850156843664,64,200,1180,1,6,12,187.50963,807.0101,0.0,-5.899999999999896,0.0,-22.402145385742188,0.03696419717743993,0.07996406964957714,-105.88985824584961,0.0003
1003,359212,998.7932,14,-1.2067871,-1.2067871,0.022571731,0.05,0,0.0,True,0.12067871,-0.0013067902,-0.1805112057179213,26,120,1139,0,0,14,0.0,1014.14667,0.0,-5.694999999999901,0.0,-22.410680294036865,0.05094893462955952,0.07996399328112602,-105.7862777709961,0.0003
1004,359756,993.9196,16,-6.0803833,-6.0803833,0.018633083,0.05,0,0.0,True,0.60803837,-0.0013927689,-0.24681765997238772,44,65,168,1,1,15,12.649088,984.3252,0.0,-0.8400000000000006,0.0,-22.423369884490967,0.037724577356129885,0.07996400259435177,-106.13155174255371,0.0003
1005,360279,1026.0516,22,26.051636,26.051636,1.4129303,0.05,0,0.0,True,-2.6051636,-0.0026996671,-0.2337393900007009,36,187,313,0,5,17,59.58045,1037.5726,-0.38540795,-1.5649999999999886,0.0,-22.42791223526001,0.029245158191770315,0.07996403053402901,-106.0479793548584,0.0003
1006,360796,968.32806,85,-31.671936,-31.671936,0.01833552,0.05,0,0.0,True,3.1671937,-0.012118916,-0.4098598200827838,102,84,107,1,20,65,242.22482,3484.52,-13.20999,-0.5350000000000004,0.0,-22.409484386444092,0.0217008872423321,0.07996398955583572,-105.99069023132324,0.0003
1007,361351,1036.8705,114,36.870483,36.870483,2.921321,0.05,0,0.0,True,-3.6870484,-0.01625806,-0.5362642963230614,185,150,541,0,18,96,85.690384,2674.7944,-15.488119,-2.7049999999999645,0.0,-22.410030841827393,0.37122569885104895,0.07996398955583572,-105.97060203552246,0.0003
1008,361862,956.08014,180,-43.91986,-43.91986,0.15317811,0.05,0,0.0,True,4.391986,-0.02005815,-0.7506790729612111,271,159,325,0,38,142,460.2074,6087.237,-23.096693,-1.6249999999999873,0.0,-22.417319774627686,0.022987246979027987,0.07996402308344841,-105.65019035339355,0.0003
1009,362371,1007.63,207,7.630005,7.630005,1.5553279,0.05,0,0.0,True,-0.7630005,-0.013779668,-1.1557942923693765,108,24,0,1,62,145,971.7697,4262.2466,-16.04846,0.0,0.0013843073,-22.34647560119629,0.06622906681150198,0.07996403239667416,-105.7047061920166,0.0003
1010,362904,976.08905,23,-23.91095,-23.91095,0.0,0.05,0,0.0,True,2.391095,-0.007873694,-0.1937615834921598,29,107,1599,1,3,20,40.383495,1099.6515,-2.3036115,-7.994999999999852,0.0,-22.401772022247314,0.02414243808016181,0.07996401935815811,-105.86762428283691,0.0003
1011,363418,1035.7045,49,35.704468,35.704468,2.4459631,0.05,0,0.0,True,-3.5704467,-0.0053898217,-0.40618790797889226,42,71,542,1,10,39,208.14337,1369.0242,-2.6834235,-2.7099999999999644,0.0,-22.419002532958984,0.05363256856799126,0.07996400259435177,-105.8035831451416,0.0003
1012,363977,1045.7183,37,45.71826,45.71826,2.5611186,0.05,0,0.0,True,-4.571826,-0.0037288181,-0.3437041729013497,78,75,343,1,9,28,112.199524,1009.9815,-0.99497586,-1.7149999999999854,0.0,-22.45966672897339,0.03624582616612315,0.07996401935815811,-106.03145217895508,0.0003
1013,365130,939.4999,47,-60.500122,-60.500122,0.097038716,0.05,0,0.0,True,6.050012,-0.029592952,-0.25378430763608706,126,151,3158,1,10,37,102.63274,1547.1228,-33.306286,-15.790000000001069,0.0,-22.394014835357666,0.06932879146188498,0.07996401935815811,-105.83243751525879,0.0003
1014,365655,976.8175,25,-23.182495,-23.182495,0.20314,0.05,0,0.0,True,2.3182495,-0.008822302,-0.26419280543923374,101,101,865,0,4,21,64.03751,983.0377,-0.86907184,-4.32499999999993,0.0,-22.44614028930664,0.05761052900925279,0.07996400259435177,-105.98477554321289,0.0003
1015,366302,1020.6119,108,20.611877,20.611877,4.0772805,0.05,0,0.0,True,-2.0611877,-0.019754099,-0.43423633204502454,15,32,32,1,41,67,804.8021,3023.777,-13.381045,-0.16000000000000006,0.0,-22.405451774597168,0.03640107298269868,0.07996403239667416,-105.55684089660645,0.0003
1016,366894,985.6384,40,-14.361572,-14.361572,0.17962739,0.05,0,0.0,True,1.4361572,-0.0035802855,-0.2433407120406627,13,152,346,0,10,30,46.87946,1543.0024,-2.358779,-1.729999999999985,0.0,-22.379644870758057,0.17913163383491337,0.07996401935815811,-105.7103214263916,0.0003
1017,367433,1014.7112,24,14.711182,14.711182,0.80841357,0.05,0,0.0,True,-1.4711182,-0.0015253699,-0.31912823702725096,21,7,613,1,3,21,37.613834,1057.5294,-0.6486587,-3.064999999999957,0.0,-22.409217834472656,0.19006439112126827,0.07996398955583572,-106.09223175048828,0.0003
1018,367964,964.6906,74,-35.309387,-35.309387,1.5974976,0.05,0,0.0,True,3.5309386,-0.010611627,-0.5400171736403081,151,41,95,0,23,51,612.0826,1021.5352,-7.5614004,-0.4750000000000003,0.0,-22.410876750946045,0.03428337164223194,0.07996400818228722,-105.80285263061523,0.0003
1019,368521,1002.98376,15,2.9837646,2.9837646,0.32753316,0.05,0,0.0,True,-0.29837647,-0.0014379096,-0.2342479535670683,31,45,72,0,0,15,0.0,1069.7782,0.0,-0.3600000000000002,0.0,-22.40331745147705,0.021066308487206697,0.07996401935815811,-105.75224304199219,0.0003
1020,369028,1009.6462,14,9.646179,9.646179,0.68456846,0.05,0,0.0,True,-0.9646179,-0.0014255908,-0.17920698716762,101,166,257,0,0,14,0.0,1021.47003,0.0,-1.2849999999999946,0.0,-22.405128002166748,0.024454524274915457,0.07996400259435177,-106.07918548583984,0.0003
1021,369539,950.65247,35,-49.347534,-49.347534,1.250095,0.05,0,0.0,True,4.9347534,-0.004910579,-0.30896511931233844,17,27,0,0,19,16,728.23816,1098.9979,-2.8994615,0.0,0.0,-22.392592906951904,0.10256306827068329,0.07996399700641632,-105.85667991638184,0.0003
1022,370075,1001.43085,11,1.4308472,1.4308472,0.17404799,0.05,0,0.0,True,-0.14308472,-0.0006593558,-0.20617347914420758,28,45,98,1,0,11,0.0,1018.6741,0.0,-0.4900000000000003,0.0,-22.374284744262695,0.24596951063722372,0.07996403053402901,-105.86331367492676,0.0003
1023,370613,958.1981,15,-41.80188,-41.80188,0.7716667,0.05,0,0.0,True,4.180188,-0.003444923,-0.26898142457008345,48,4,11,0,2,13,31.822874,1213.4209,-0.88257086,-0.05499999999999999,0.0,-22.44924783706665,0.03156275465153158,0.07996401935815811,-105.9112377166748,0.0003
1024,371151,982.3397,34,-17.660278,-17.660278,0.09829714,0.05,0,0.0,True,1.7660279,-0.0075846477,-0.3354097443073989,77,108,1078,1,5,29,54.60348,1907.6342,-6.228879,-5.389999999999907,0.0,-22.402047157287598,0.038118177093565464,0.07996400259435177,-105.82875633239746,0.0003
1025,371708,1031.6995,20,31.699463,31.699463,2.2023754,0.05,0,0.0,True,-3.1699464,-0.01678883,-0.16943372860550876,24,230,1136,1,3,17,250.93042,910.4792,-3.0517318,-5.679999999999901,0.0,-22.41929531097412,0.05335180624388158,0.07996399328112602,-105.75652313232422,0.0003
1026,372355,1018.9599092561847,5,18.959909256184687,18.959909256184687,1.1113847095496965,0.05,0,0.0,True,-1.8959909256184688,-0.0016140451848024142,-0.11347371331114861,3,14,7,1,1,4,240.0,960.0,0.0,-0.035,0.0,-22.445555210113525,0.017407713923603296,0.07996398955583572,-106.1835994720459,0.0003
1027,372897,953.32275,111,-46.677246,-46.677246,0.5093276,0.05,0,0.0,True,4.6677246,-0.019178428,-0.713640649169683,72,12,427,1,36,75,618.3382,3092.6807,-23.622929,-2.1349999999999767,0.0,-22.417765617370605,0.017990921740420163,0.07996395975351334,-106.04339599609375,0.0003
1028,373415,1014.9988,23,14.998779,14.998779,0.94885886,0.05,0,0.0,True,-1.4998779,-0.0027083678,-0.21880653284490117,34,79,614,0,1,22,2.9740725,1034.0159,-1.066713,-3.0699999999999568,0.0,-22.331255435943604,0.5735413208603859,0.07996398955583572,-105.7756576538086,0.0003
1029,373927,1000.61194,42,0.6119385,0.6119385,0.6192531,0.05,0,0.0,True,-0.061193846,-0.005072395,-0.27241787865757955,26,62,456,0,10,32,176.55818,1476.5463,-2.5091884,-2.2799999999999736,0.0,-22.4356427192688,0.021301853470504284,0.07996406964957714,-105.87804985046387,0.0003
1030,374186,995.2925,41,-4.7075195,-4.7075195,0.24133503,0.05,0,0.0,True,0.47075194,-0.0027344467,-0.3715280324965715,41,3,177,1,9,32,62.637634,1483.116,-3.2409778,-0.8850000000000007,0.0,-22.40950345993042,0.170128925004974,0.07996400259435177,-105.8636531829834,0.0003
1031,374719,994.0522,12,-5.947815,-5.947815,0.168384,0.05,0,0.0,True,0.59478146,-0.002828482,-0.20120424948547738,24,134,630,1,2,10,22.222296,998.14813,0.0,-3.149999999999955,0.0,-22.442538261413574,0.06136078271083534,0.07996401935815811,-106.08728790283203,0.0003
1032,375308,1001.04724,22,1.0472412,1.0472412,0.5775028,0.05,0,0.0,True,-0.104724124,-0.0017141083,-0.23859840586781494,83,126,85,0,5,17,117.46294,1110.0458,-0.9621779,-0.42500000000000027,0.0,-22.406630516052246,0.024673335952684283,0.07996403612196445,-105.67036819458008,0.0003
1033,375912,1000.98157,8,0.9815674,0.9815674,0.20960505,0.05,0,0.0,True,-0.09815674,-0.0009421585,-0.1461937793543203,10,78,0,1,1,7,25.18157,981.0808,0.0,0.0,0.0,-22.422999382019043,0.04000665433704853,0.07996403612196445,-105.47888946533203,0.0003
1034,376433,774.1098,28,-225.8902,-225.8902,0.53585947,0.05,0,0.0,True,22.58902,-0.012950624,-0.2633122912794352,53,66,798,0,5,23,228.64075,1870.8275,-8.583298,-3.989999999999937,0.0,-22.42080307006836,0.03338981606066227,0.07996398396790028,-106.23534965515137,0.0003
1035,377167,966.78705,12,-33.21295,-33.21295,0.14202297,0.05,0,0.0,True,3.3212953,-0.017633315,-0.19836332671344278,173,61,1127,1,0,12,0.0,989.5731,0.0,-5.634999999999902,0.0,-22.420580863952637,0.17874047113582492,0.0799640454351902,-105.87421798706055,0.0003
1036,377718,1026.6404,49,26.64038,26.64038,1.8936304,0.05,0,0.0,True,-2.6640382,-0.011617694,-0.41279902257025247,108,91,981,0,9,40,33.09604,1236.217,-9.338661,-4.904999999999918,0.0,-22.440653800964355,0.09930422529578209,0.07996402308344841,-105.77295875549316,0.0003
1037,378233,939.4477,28,-60.552307,-60.552307,0.3791387,0.05,0,0.0,True,6.0552306,-0.004538276,-0.3644755399227143,44,10,118,0,4,24,25.913477,1131.4507,-1.9675798,-0.5900000000000004,0.0,-22.45403289794922,0.038031799253076315,0.07996398955583572,-105.96234321594238,0.0003
1038,378771,974.3689,23,-25.631104,-25.631104,0.06086845,0.05,0,0.0,True,2.5631104,-0.0016844458,-0.27417143657803533,111,105,174,1,1,22,8.985663,1039.4524,-0.13413402,-0.8700000000000007,0.0,-22.40845775604248,0.055817990796640515,0.07996401377022266,-105.65194702148438,0.0003
1039,379281,1012.299,11,12.299011,12.299011,0.92649686,0.05,0,0.0,True,-1.2299012,-0.0021861142,-0.19667320765554913,12,109,97,0,0,11,0.0,1096.9595,0.0,-0.4850000000000003,0.0,-22.411173343658447,0.0639062135014683,0.07996397465467453,-106.121337890625,0.0003
1040,379813,700.2135,307,-299.7865,-299.7865,0.4871007,0.05,0,0.0,True,29.978651,-0.0829719,-1.0685544266551732,347,86,1181,0,80,227,927.65265,7980.4727,-119.110466,-5.904999999999896,0.0,-22.44849920272827,0.01381454337388277,0.07996395975351334,-106.12043571472168,0.0003
1041,380497,961.9926,13,-38.007385,-38.007385,0.029933274,0.05,0,0.0,True,3.8007386,-0.0046780827,-0.16073856974834733,30,92,2375,0,1,12,36.663918,991.8566,0.0,-11.875000000000457,0.0,-22.382405281066895,0.7926107849925756,0.0799640454351902,-105.70374870300293,0.0003
1042,381008,994.7164,14,-5.2836304,-5.2836304,0.6083732,0.05,0,0.0,True,0.52836305,-0.0026472711,-0.16166173577308648,8,20,45,0,2,12,132.22064,1027.6461,-0.55483055,-0.22500000000000012,0.0,-22.430910110473633,0.039996365550905466,0.0799640454351902,-105.77853012084961,0.0003
1043,381527,1001.4799,27,1.4799194,1.4799194,0.5185687,0.05,0,0.0,True,-0.14799194,-0.0030194316,-0.26443526789545996,23,34,195,1,9,18,160.53339,1157.1742,-1.8809507,-0.9750000000000008,0.0,-22.39693784713745,0.03456382732838392,0.07996406964957714,-105.91712188720703,0.0003
1044,382081,1021.50244,15,21.502441,21.502441,1.1317059,0.05,0,0.0,True,-2.150244,-0.0155876465,-0.25306968793468615,74,40,667,0,4,11,224.76747,768.96246,0.0,-3.334999999999951,0.0,-22.4419527053833,0.03431573952548206,0.07996401935815811,-105.89360618591309,0.0003
1045,382723,995.9721,17,-4.027893,-4.027893,0.10944622,0.05,0,0.0,True,0.4027893,-0.0010140853,-0.18035847665502058,46,118,869,1,7,10,21.48172,989.10815,-0.10424758,-4.34499999999993,0.0,-22.375407695770264,0.052765388041734695,0.07996401935815811,-105.87061309814453,0.0003
1046,383239,1002.08905,20,2.0890503,2.0890503,1.3822606,0.05,0,0.0,True,-0.20890504,-0.0049627577,-0.2638108991831542,15,11,68,0,9,11,459.93234,665.8228,-0.6185694,-0.3400000000000002,0.0,-22.442533016204834,0.0210476164938882,0.07996398955583572,-106.08639717102051,0.0003
1047,383994,984.8658,29,-15.134216,-15.134216,0.18908897,0.05,0,0.0,True,1.5134217,-0.004109549,-0.2332882180064916,30,146,634,1,4,25,63.05328,1541.0972,-3.8327055,-3.1699999999999546,0.0,-22.396687030792236,0.03264143876731396,0.07996402308344841,-105.67059707641602,0.0003
1048,384518,1003.04254,95,3.0425415,3.0425415,2.8666148,0.05,0,0.0,True,-0.30425414,-0.02646483,-0.4089568297564983,88,107,706,1,27,68,440.2287,2338.0964,-17.936998,-3.529999999999947,0.0,-22.366092681884766,0.09276683698408306,0.07996401935815811,-105.90216064453125,0.0003
1049,385086,1015.32324,16,15.323242,15.323242,0.80648726,0.05,0,0.0,True,-1.5323242,-0.0054068905,-0.2885624136965681,68,105,370,0,0,16,0.0,1026.3267,0.0,-1.8499999999999825,0.0,-22.427684783935547,0.0941297528333962,0.07996401935815811,-105.92266654968262,0.0003
1050,385584,1005.99915,17,5.9991455,5.9991455,0.4162129,0.05,0,0.0,True,-0.59991455,-0.0053572995,-0.1884137954562903,23,93,965,0,3,14,64.36949,942.153,-0.19458912,-4.824999999999919,0.0,-22.35883617401123,0.06550023797899485,0.07996402680873871,-105.66736793518066,0.0003
1051,386108,994.025,23,-5.9749756,-5.9749756,0.2713486,0.05,0,0.0,True,0.5974975,-0.0034566233,-0.19762947954237464,11,21,50,1,3,20,53.1767,981.10565,-0.4286113,-0.2500000000000001,0.0,-22.372645378112793,0.2363656535744667,0.07996402680873871,-105.84361457824707,0.0003
1052,386698,1022.6385,31,22.638489,22.638489,1.3507662,0.05,0,0.0,True,-2.2638488,-0.0036958312,-0.3134363018721341,51,30,347,0,3,28,46.058872,1063.523,-1.0489982,-1.734999999999985,0.0,-22.37768840789795,0.05651872465386987,0.07996408827602863,-105.2933120727539,0.0003
1053,387288,991.451,63,-8.549011,-8.549011,0.8410795,0.05,0,0.0,True,0.85490113,-0.009446777,-0.4736579688638448,112,27,330,0,8,55,87.19459,2144.5115,-12.608138,-1.6499999999999868,0.0,-22.38465452194214,0.025306989904493093,0.07996397837996483,-106.04642105102539,0.0003
1054,387892,1000.6048099866554,9,0.6048099866553684,0.6048099866553684,0.25489419762908216,0.05,0,0.0,True,-0.06048099866553684,-0.0017461113090943203,-0.16176326989388654,7,77,0,1,1,8,67.2,1056.0000000000002,0.0,0.0,0.0,-22.387016773223877,0.025384359061717987,0.07996401935815811,-105.97927665710449,0.0003
1055,388392,990.3241,34,-9.675903,-9.675903,0.07462176,0.05,0,0.0,True,0.96759033,-0.0029815917,-0.3064459583908317,54,46,895,1,3,31,24.371151,1132.0092,-2.1491954,-4.474999999999927,0.0,-22.41209650039673,0.09120721835643053,0.07996400259435177,-105.96500968933105,0.0003
1056,388901,986.8903,81,-13.10968,-13.10968,0.3895005,0.05,0,0.0,True,1.310968,-0.008332507,-0.4413904624432326,164,205,488,1,27,54,226.94637,1327.4951,-4.1720557,-2.43999999999997,0.0,-22.403781414031982,0.08844284107908607,0.07996397465467453,-105.95700263977051,0.0003
1057,389411,1003.8497,37,3.8496704,3.8496704,1.0928046,0.05,0,0.0,True,-0.38496706,-0.0028642807,-0.3195756292483108,70,32,47,0,8,29,135.18379,1359.0856,-2.666248,-0.23500000000000013,0.0,-22.329204082489014,0.01931427768431604,0.07996399328112602,-105.61384963989258,0.0003
1058,389949,989.7469,24,-10.253113,-10.253113,0.18686152,0.05,0,0.0,True,1.0253112,-0.0041602226,-0.215432553589344,37,166,416,1,7,17,295.5361,1231.6439,-2.4588852,-2.079999999999978,0.0,-22.42329168319702,0.05249917972832918,0.07996395975351334,-106.0561637878418,0.0003
1059,390474,951.17664,90,-48.823364,-48.823364,0.31867883,0.05,0,0.0,True,4.8823366,-0.015601327,-0.6462922065229169,124,98,853,0,18,72,95.812325,1889.6323,-13.301591,-4.264999999999931,0.0,-22.395114421844482,0.18051334097981453,0.07996400259435177,-105.76165580749512,0.0003
1060,391026,974.7364,40,-25.26361,-25.26361,0.0,0.05,0,0.0,True,2.5263612,-0.0063159834,-0.2826649449765681,44,104,1631,1,7,33,193.70341,1244.0968,-4.836293,-8.154999999999875,0.0,-22.424288749694824,0.026223602471873164,0.07996398955583572,-106.19698333740234,0.0003
1061,391709,985.30994,10,-14.690063,-14.690063,0.08453829,0.05,0,0.0,True,1.4690064,-0.0018104216,-0.17963005423545841,36,110,350,0,0,10,0.0,1004.3025,0.0,-1.7499999999999847,0.0,-22.45198106765747,0.04529046034440398,0.0799640454351902,-106.10574150085449,0.0003
1062,392223,990.93304,18,-9.066956,-9.066956,0.047928438,0.05,0,0.0,True,0.90669554,-0.0024921845,-0.2846902012483173,46,100,882,1,1,17,14.697452,1020.2271,0.0,-4.409999999999928,0.0,-22.407329082489014,0.028204701840877533,0.07996401377022266,-106.06435585021973,0.0003
1063,392906,912.0063,140,-87.99371,-87.99371,0.53558546,0.05,0,0.0,True,8.799371,-0.02332622,-0.6564563305675986,273,107,361,0,22,118,151.74185,4319.0684,-28.929487,-1.8049999999999835,0.0,-22.356791019439697,0.03977821092121303,0.07996398955583572,-105.95908546447754,0.0003
1064,393494,998.28796,11,-1.7120361,-1.7120361,0.0,0.05,0,0.0,True,0.17120361,-0.0009187452,-0.15127026125788684,11,147,1830,0,0,11,0.0,1045.7705,0.0,-9.15000000000003,0.0,-22.436066150665283,0.027533828979358077,0.07996398396790028,-106.2030143737793,0.0003
1065,393998,943.4789,36,-56.52112,-56.52112,0.0,0.05,0,0.0,True,5.652112,-0.030421378,-0.21406790554523475,42,76,2678,1,12,24,125.786446,1468.646,-16.617176,-13.390000000000693,0.0,-22.365193367004395,0.07448150764685124,0.07996402308344841,-105.95218658447266,0.0003
1066,394520,989.05927,12,-10.940735,-10.940735,0.080822155,0.05,0,0.0,True,1.0940735,-0.0010081988,-0.1598957663029432,5,63,134,0,3,9,70.68848,1266.7925,-0.8390819,-0.6700000000000005,0.0,-22.39775276184082,0.8433227031491697,0.07996397465467453,-105.96704483032227,0.0003
1067,395081,981.5365,50,-18.463501,-18.463501,0.058396578,0.05,0,0.0,True,1.8463502,-0.009501845,-0.296951911970973,60,77,2580,1,7,43,51.52738,1957.055,-9.653522,-12.900000000000617,0.0,-22.427356243133545,0.4849938111146912,0.07996401935815811,-106.0509033203125,0.0003
1068,395602,983.74475,25,-16.255249,-16.255249,0.4065691,0.05,0,0.0,True,1.6255249,-0.0034093435,-0.2401508043706416,12,107,90,0,5,20,151.96878,1288.0406,-3.0285206,-0.4500000000000003,0.0,-22.386645793914795,0.269953366369009,0.07996400259435177,-105.7139835357666,0.0003
1069,396017,1012.2019,28,12.201904,12.201904,1.2020063,0.05,0,0.0,True,-1.2201904,-0.013343633,-0.24807323575019832,81,77,791,0,5,23,156.90788,1202.8107,-7.1317544,-3.954999999999938,0.0,-22.39356279373169,0.15421555237844586,0.07996398396790028,-106.03886795043945,0.0003
1070,396533,970.66174,74,-29.338257,-29.338257,1.2217762,0.05,0,0.0,True,2.9338257,-0.011046106,-0.42564161794066374,104,34,83,0,21,53,380.98663,1567.9438,-7.513684,-0.41500000000000026,0.0,-22.396552562713623,0.07309758034534752,0.07996400818228722,-105.88575553894043,0.0003
1071,397051,907.23804,59,-92.76196,-92.76196,0.20969218,0.05,0,0.0,True,9.2761965,-0.010046138,-0.36962672182478407,16,192,28,0,27,32,742.5216,1624.1182,-5.8357024,-0.14000000000000004,0.0,-22.375646591186523,0.031000503106042743,0.07996398955583572,-105.84835052490234,0.0003
1072,397232,971.0232,12,-28.976807,-28.976807,0.08865995,0.05,0,0.0,True,2.8976808,-0.0015816223,-0.24835565788905675,45,94,41,0,0,12,0.0,1084.7412,0.0,-0.2050000000000001,0.0,-22.44270086288452,0.04046727926470339,0.07996398955583572,-105.95863914489746,0.0003
1073,397764,909.1888,69,-90.81122,-90.81122,0.0,0.05,0,0.0,True,9.081121,-0.00521605,-0.3887071281671523,40,115,26,1,20,49,483.9103,2116.9597,-4.894939,-0.13000000000000003,0.0,-22.40598964691162,0.14427036745473742,0.07996397465467453,-105.70652389526367,0.0003
1074,398307,995.40015,53,-4.5998535,-4.5998535,0.91979843,0.05,0,0.0,True,0.45998535,-0.011357308,-0.31075689375400556,200,131,0,0,12,41,81.30112,1833.9668,-7.9453006,0.0,0.0,-22.45835590362549,0.02142528584226966,0.07996398955583572,-106.1045036315918,0.0003
1075,398771,995.463,50,-4.5369873,-4.5369873,1.5213962,0.05,0,0.0,True,0.45369872,-0.015220252,-0.5730766415828114,35,3,177,0,12,38,135.74472,1443.9319,-13.036312,-0.8850000000000007,0.0,-22.403789043426514,0.1714527951553464,0.0799640454351902,-105.70219230651855,0.0003
1076,399287,999.6937,20,-0.3062744,-0.3062744,0.30945888,0.05,0,0.0,True,0.030627443,-0.0022155966,-0.2949323525127622,43,17,376,1,1,19,18.686356,1089.4863,-0.28088465,-1.879999999999982,0.0,-22.42501449584961,0.3836547862738371,0.07996400818228722,-105.99792289733887,0.0003
1077,399834,1011.59644,26,11.596436,11.596436,1.4904643,0.05,0,0.0,True,-1.1596435,-0.011195393,-0.2630831716686867,159,29,276,0,3,23,63.7754,990.1886,-2.2449806,-1.3799999999999926,0.0,-22.396944046020508,0.05770180351100862,0.07996400259435177,-106.01304626464844,0.0003
1078,400372,985.8659,27,-14.134094,-14.134094,0.09850598,0.05,0,0.0,True,1.4134095,-0.0014861084,-0.293351267658649,38,78,194,0,5,22,37.078342,1031.236,-0.31151846,-0.9700000000000008,0.0,-30.56533193588257,0.9296064525842667,0.31995855271816254,-47.9325532913208,0.0003
1079,400919,1005.4484,9,5.4484253,5.4484253,0.30940837,0.05,0,0.0,True,-0.54484254,-0.0018171918,-0.15193513694705302,20,24,7,0,1,8,60.77448,932.8954,0.0,-0.035,0.0,-25.137897491455078,1.3470577225089073,0.1659441478550434,-75.5616626739502,0.0003
1080,401472,872.7675,73,-127.23248,-127.23248,0.8819369,0.05,0,0.0,True,12.723248,-0.013654704,-0.6290085922135992,76,1,27,0,26,47,721.8241,2486.5935,-16.75707,-0.13500000000000004,0.0,-22.45459747314453,1.7984857894480228,0.08549829758703709,-103.19381141662598,0.0003
1081,401991,994.70825,9,-5.291748,-5.291748,0.63658214,0.05,0,0.0,True,0.5291748,-0.00084900483,-0.14135232999920844,4,86,151,0,1,8,39.131634,993.26526,0.0,-0.7550000000000006,0.0,-22.472740650177002,0.2377193123102188,0.07996398955583572,-105.99794387817383,0.0003
1082,402506,977.977,26,-22.02301,-22.02301,0.16039905,0.05,0,0.0,True,2.202301,-0.0019257384,-0.27756136457370734,126,24,803,1,2,24,11.444161,1027.2762,-0.53228605,-4.014999999999937,0.0,-22.489397048950195,0.44595577381551266,0.07996398955583572,-106.09915542602539,0.0003
1083,403045,979.8087,18,-20.191284,-20.191284,0.25142932,0.05,0,0.0,True,2.0191283,-0.004974859,-0.19891815744340424,21,90,1274,0,1,17,16.903826,1077.4795,0.0,-6.369999999999886,0.0,-22.486796379089355,0.28306595608592033,0.07996401935815811,-106.03245544433594,0.0003
1084,403566,977.34924,54,-22.650757,-22.650757,0.8583838,0.05,0,0.0,True,2.2650757,-0.01792023,-0.6993104688115466,220,9,375,0,13,41,410.63852,1766.3706,-25.06513,-1.874999999999982,0.0,-22.468173503875732,0.06105236057192087,0.07996395975351334,-106.08821105957031,0.0003
1085,404077,986.8602,58,-13.1397705,-13.1397705,0.18815969,0.05,0,0.0,True,1.313977,-0.005608959,-0.503075501173735,49,19,248,1,14,44,125.84205,1620.1901,-6.170415,-1.2399999999999956,0.0,-22.35961389541626,0.8696410665288568,0.07996398955583572,-106.11927223205566,0.0003
1086,404621,976.53174,15,-23.468262,-23.468262,0.15160163,0.05,0,0.0,True,2.346826,-0.0037319977,-0.19366144731640814,17,19,265,1,3,12,186.94823,975.0654,-1.3411767,-1.3249999999999937,0.0,-22.398658275604248,0.34923485293984413,0.07996401935815811,-105.79622459411621,0.0003
1087,405182,1007.2826,18,7.282593,7.282593,0.41111475,0.05,0,0.0,True,-0.72825927,-0.011503434,-0.16750981721534286,160,135,876,0,1,17,20.36186,969.3659,0.0,-4.379999999999929,0.0,-22.446645736694336,0.06925162766128778,0.07996398955583572,-105.84053421020508,0.0003
1088,405601,938.8202,47,-61.17981,-61.17981,0.13443369,0.05,0,0.0,True,6.117981,-0.009347977,-0.2581167366031622,32,31,0,0,16,31,316.85013,1529.9985,-3.7178109,0.0,0.0,-22.381425857543945,0.11300347559154034,0.07996402308344841,-105.62238121032715,0.0003
1089,406020,993.3675,19,-6.6325073,-6.6325073,0.3579101,0.05,0,0.0,True,0.66325074,-0.0016584463,-0.21650385692715646,17,27,0,0,2,17,19.337057,1157.9711,-0.57418746,0.0,0.0,-22.40527868270874,0.45167333725839853,0.07996401935815811,-105.99437713623047,0.0003
1090,406556,1000.4723,19,0.47229004,0.47229004,0.42858893,0.05,0,0.0,True,-0.047229003,-0.0047720084,-0.24862362145527678,29,63,958,0,3,16,11.261833,999.3496,0.0,-4.78999999999992,0.0,-22.382111072540283,0.06788837630301714,0.07996403239667416,-105.57928657531738,0.0003
1091,407198,982.38416,17,-17.615845,-17.615845,0.06686554,0.05,0,0.0,True,1.7615845,-0.004073957,-0.19514248325328842,56,122,817,1,2,15,113.284,987.12775,0.0,-4.084999999999935,0.0,-22.386301517486572,0.22255399450659752,0.07996395975351334,-106.00282669067383,0.0003
1092,407720,1017.16473,9,17.164734,17.164734,1.1411457,0.05,0,0.0,True,-1.7164733,-0.0018676354,-0.11347371049225333,8,151,1465,1,1,8,109.04374,1688.4265,0.0,-7.324999999999866,0.0,-22.363744735717773,0.45446983980946243,0.07996395975351334,-106.1245059967041,0.0003
1093,408263,999.4967,9,-0.5032959,-0.5032959,0.07872979,0.05,0,0.0,True,0.050329592,-0.0009225488,-0.12701278246939185,7,126,0,0,1,8,24.806543,985.2289,0.0,0.0,0.0,-22.35154962539673,0.3148737493902445,0.07996401935815811,-105.91420364379883,0.0003
1094,408766,981.39954,36,-18.600464,-18.600464,1.3574549,0.05,0,0.0,True,1.8600464,-0.021442078,-0.27604215793311593,132,95,941,1,8,28,285.0526,1331.3083,-7.950964,-4.704999999999922,0.0,-22.377936363220215,0.5293607953935862,0.07996399328112602,-105.74757766723633,0.0003
1095,409289,979.1013,13,-20.898682,-20.898682,0.03051824,0.05,0,0.0,True,2.089868,-0.004603195,-0.16849880219725186,31,102,1102,1,0,13,0.0,1051.5521,0.0,-5.509999999999905,0.0,-22.36058807373047,0.11918465606868267,0.07996402308344841,-105.63639450073242,0.0003
1096,409805,990.52325,71,-9.476746,-9.476746,0.4945714,0.05,0,0.0,True,0.9476746,-0.009287308,-0.4946384505359977,254,39,500,0,11,60,79.43563,1577.7472,-11.375167,-2.499999999999969,0.0,-22.342153072357178,0.07246195897459984,0.07996410690248013,-104.94672584533691,0.0003
1097,410379,995.0888,21,-4.911194,-4.911194,0.103054576,0.05,0,0.0,True,0.49111935,-0.0008198294,-0.1923593384207541,13,230,216,1,1,20,16.239187,999.4558,-0.04489431,-1.079999999999999,0.0,-22.41478204727173,0.25637672655284405,0.07996403612196445,-105.65732955932617,0.0003
1098,400700,949.4834,56,-50.5166,-50.5166,0.0,0.05,0,0.0,True,5.05166,-0.0049915705,-0.3485801475006627,28,48,301,1,17,39,299.917,2030.9916,-5.8168716,-1.50499999999999,0.0,-22.452483654022217,0.1451045679859817,0.07996398955583572,-105.91536903381348,0.0003
1099,401200,987.1052,64,-12.894775,-12.894775,0.16128364,0.05,0,0.0,True,1.2894776,-0.008662895,-0.5673119360208512,86,16,848,0,16,48,158.37057,1605.3787,-6.737634,-4.239999999999932,0.0,-22.401047706604004,0.023532827850431204,0.07996403053402901,-106.26261520385742,0.0003
1100,401721,977.7534,50,-22.246582,-22.246582,0.53660166,0.05,0,0.0,True,2.2246583,-0.010219976,-0.38080223396654206,140,102,635,1,13,37,182.8086,1329.7799,-6.4212685,-3.1749999999999545,0.0,-22.366193771362305,0.04342452809214592,0.07996400259435177,-105.98498916625977,0.0003
1101,402234,993.78815,20,-6.211853,-6.211853,0.1531149,0.05,0,0.0,True,0.6211853,-0.0049211322,-0.26535687007009995,108,37,0,1,2,18,61.737442,1042.0183,-2.6411715,0.0,0.0,-22.3688645362854,0.03734247386455536,0.07996402308344841,-105.64933586120605,0.0003
1102,402790,1015.70905,79,15.709045,15.709045,2.686449,0.05,0,0.0,True,-1.5709046,-0.007964316,-0.43168204754590994,33,48,305,1,23,56,540.44745,1712.3702,-7.1855354,-1.5249999999999895,0.0,-22.400597095489502,0.11754341260530055,0.07996401935815811,-105.7735424041748,0.0003
1103,403325,991.7925100348913,12,-8.20748996510872,-8.20748996510872,0.08821034002738315,0.05,0,0.0,True,0.8207489965108721,-0.001966036780207762,-0.20006548931870397,34,111,672,1,0,12,0.0,1109.97504,0.0,-3.3599999999999506,0.0,-22.350290298461914,0.164084586314857,0.07996395975351334,-106.05997848510742,0.0003
1104,403830,1028.9375,16,28.9375,28.9375,1.5890646,0.05,0,0.0,True,-2.89375,-0.0029841773,-0.27197916053235527,50,32,791,0,0,16,0.0,1071.441,0.0,-3.954999999999938,0.0,-22.410438537597656,0.024084584321826696,0.07996407523751259,-105.70324325561523,0.0003
1105,404363,944.8801,15,-55.119873,-55.119873,0.17157997,0.05,0,0.0,True,5.511987,-0.008637386,-0.1835592962056397,127,61,480,0,4,11,55.444607,934.43976,0.0,-2.399999999999971,0.0,-22.443315505981445,0.015625700820237398,0.07996395975351334,-106.05545806884766,0.0003
1106,404879,1001.807,93,1.8070068,1.8070068,0.9572389,0.05,0,0.0,True,-0.18070069,-0.012829051,-0.6837747833670068,156,0,28,0,30,63,298.9531,1654.1532,-13.233165,-0.14000000000000004,0.0,-22.37984609603882,0.8237435417249799,0.07996398955583572,-105.90762519836426,0.0003
1107,405422,974.9456,64,-25.054382,-25.054382,0.2374514,0.05,0,0.0,True,2.5054383,-0.009814771,-0.3279645101278416,138,34,948,1,15,49,150.53587,1712.9742,-5.8499312,-4.739999999999921,0.0,-22.39741086959839,0.3110607033595443,0.07996400818228722,-105.99149513244629,0.0003
1108,405937,998.10175,22,-1.8982544,-1.8982544,0.36915725,0.05,0,0.0,True,0.18982545,-0.0029937539,-0.2922886017481162,47,37,1040,1,2,20,20.796715,1045.5735,-1.2591953,-5.199999999999911,0.0,-22.381240844726562,0.19315008958801627,0.07996398396790028,-105.88166999816895,0.0003
1109,406451,925.53546,24,-74.46454,-74.46454,0.52489877,0.05,0,0.0,True,7.4464536,-0.0038707075,-0.3506216894624803,77,5,577,0,2,22,45.88353,1187.2606,-2.4345436,-2.8849999999999607,0.0,-22.390352249145508,0.25371523341163993,0.07996398955583572,-105.91474533081055,0.0003
1110,407002,997.8847,14,-2.1152954,-2.1152954,0.043237068,0.05,0,0.0,True,0.21152955,-0.0014678624,-0.2621902472341997,185,90,1004,0,1,13,5.512151,984.6065,0.0,-5.019999999999915,0.0,-22.32575798034668,0.14963385555893183,0.07996401935815811,-105.91576957702637,0.0003
1111,407552,1000.0,6,0.0,0.0,0.0,0.05,0,0.0,True,0.0,-0.0017941612,-0.11347371265292172,5,160,1789,0,0,6,0.0,1403.2034,0.0,-8.944999999999999,0.0,-22.381253719329834,0.46076452638953924,0.07996397465467453,-106.08633422851562,0.0003
1112,408085,1000.319,14,0.31896973,0.31896973,0.0816254,0.05,0,0.0,True,-0.03189697,-0.0007377547,-0.21112523911181336,39,188,1018,1,0,14,0.0,1011.8149,0.0,-5.089999999999914,0.0,-22.372748374938965,0.05219570826739073,0.07996403053402901,-105.75243377685547,0.0003
1113,408620,1003.7033,11,3.703308,3.703308,0.19491199,0.05,0,0.0,True,-0.3703308,-0.0016691406,-0.20936815381050106,129,159,1385,0,0,11,0.0,993.58167,0.0,-6.924999999999875,0.0,-22.396889686584473,0.07395304040983319,0.07996403239667416,-105.50584602355957,0.0003
1114,409171,995.0374,11,-4.9625854,-4.9625854,0.14248887,0.05,0,0.0,True,0.49625853,-0.0013007191,-0.15608543447054032,17,89,55,1,1,10,69.99716,1033.1003,-0.36245883,-0.27500000000000013,0.0,-22.399239540100098,0.31437166361138225,0.07996399328112602,-105.90875434875488,0.0003
1115,409709,963.0474,43,-36.952576,-36.952576,0.44314238,0.05,0,0.0,True,3.6952577,-0.0073183198,-0.37498170530726926,113,69,442,0,9,34,123.69689,1431.6074,-7.455799,-2.209999999999975,0.0,-22.34073257446289,0.058560896664857864,0.07996398955583572,-105.94138717651367,0.0003
1116,410234,982.1096,44,-17.89038,-17.89038,0.61771697,0.05,0,0.0,True,1.7890381,-0.017637685,-0.4146211761992856,42,39,1062,1,16,28,208.04994,1230.4313,-20.665018,-5.309999999999909,0.0,-22.40152597427368,0.0910064335912466,0.07996401935815811,-106.02559661865234,0.0003
1117,410840,970.48505,45,-29.514954,-29.514954,0.47534525,0.05,0,0.0,True,2.9514954,-0.0071141454,-0.3596941339224575,73,10,460,0,12,33,243.02066,1401.6003,-6.5267735,-2.299999999999973,0.0,-22.405306816101074,0.07250681333243847,0.07996401935815811,-106.09292411804199,0.0003
1118,411363,973.0429,13,-26.957092,-26.957092,0.2100151,0.05,0,0.0,True,2.6957092,-0.0037393004,-0.18314390741288655,83,33,361,1,1,12,79.34019,910.7765,0.0,-1.8049999999999835,0.0,-22.385994911193848,0.03533168928697705,0.0799640417098999,-105.80657196044922,0.0003
1119,411894,1001.0096,14,1.0095825,1.0095825,0.37250713,0.05,0,0.0,True,-0.10095826,-0.001875638,-0.2257870796322823,33,25,420,1,1,13,34.193966,1062.689,0.0,-2.0999999999999774,0.0,-22.383745193481445,0.03859915537759662,0.07996401935815811,-105.99578475952148,0.0003
1120,412424,966.8995,13,-33.100525,-33.100525,0.0,0.05,0,0.0,True,3.3100524,-0.0048620356,-0.20041652729737952,36,24,1576,1,2,11,64.61704,928.8214,0.0,-7.879999999999854,0.0,-22.336734771728516,0.04278861312195659,0.07996398955583572,-106.20941352844238,0.0003
1121,413031,996.8935,15,-3.1065063,-3.1065063,0.38770145,0.05,0,0.0,True,0.31065062,-0.002390333,-0.1453190041333437,14,107,0,0,1,14,150.47186,981.33466,-0.82423604,0.0,0.0,-22.376123905181885,0.052017619367688894,0.07996401935815811,-105.89094352722168,0.0003
1122,413579,992.44824,12,-7.551758,-7.551758,0.06812096,0.05,0,0.0,True,0.75517577,-0.0016762852,-0.19997512333095066,19,145,264,1,1,11,38.79378,962.7175,0.0,-1.3199999999999938,0.0,-22.36171865463257,0.05354144098237157,0.07996400259435177,-106.0349178314209,0.0003
1123,414110,1007.0129,17,7.0128784,7.0128784,0.3795262,0.05,0,0.0,True,-0.70128787,-0.0017749821,-0.261682344079729,33,95,831,1,1,16,3.490886,1002.1414,0.0,-4.154999999999934,0.0,-22.335015773773193,0.1677082940004766,0.07996400818228722,-105.73527145385742,0.0003
1124,414678,988.921,16,-11.0789795,-11.0789795,0.22741866,0.05,0,0.0,True,1.107898,-0.0028321145,-0.1550485032941998,30,147,401,1,2,14,85.32236,1144.5853,-1.0366801,-2.0049999999999795,0.0,-22.365774154663086,0.40715431794524193,0.07996401935815811,-105.91638565063477,0.0003
1125,415189,945.05664,104,-54.94336,-54.94336,0.17579575,0.05,0,0.0,True,5.494336,-0.025400432,-0.8876013835457447,436,5,500,0,32,72,499.68063,2431.8894,-32.459236,-2.499999999999969,0.0,-22.40050220489502,0.06861182674765587,0.07996401935815811,-106.1154727935791,0.0003
1126,415712,956.8861,54,-43.11389,-43.11389,0.07796373,0.05,0,0.0,True,4.311389,-0.0040572966,-0.3324918761849403,39,55,283,0,14,40,284.054,1542.3284,-4.0764656,-1.4149999999999918,0.0,-22.336334705352783,0.4399903314188123,0.07996401935815811,-105.91320991516113,0.0003
1127,416231,997.61346,11,-2.3865356,-2.3865356,0.035323918,0.05,0,0.0,True,0.23865357,-0.00079784926,-0.15826901726424691,21,154,734,1,0,11,0.0,996.7717,0.0,-3.669999999999944,0.0,-22.388198375701904,0.07062459737062454,0.07996398955583572,-106.04910087585449,0.0003
1128,416784,972.3734,81,-27.626587,-27.626587,0.08157407,0.05,0,0.0,True,2.7626586,-0.011199808,-0.5017723347991705,71,18,103,2,26,55,228.57007,3098.0764,-17.147768,-0.5150000000000003,0.0,-22.402140617370605,0.4546622191555798,0.07996401935815811,-106.06278419494629,0.0003
1129,417313,888.8401,9,-111.15991,-111.15991,0.03311874,0.05,0,0.0,True,11.115992,-0.0046412237,-0.20277845559034363,24,43,303,0,1,8,91.71331,1093.762,0.0,-1.5149999999999897,0.0,-22.41827630996704,0.03430408472195268,0.07996398955583572,-105.99762916564941,0.0003
1130,417688,962.0629,69,-37.937073,-37.937073,0.049898066,0.05,0,0.0,True,3.7937071,-0.013726093,-0.5927238822728393,38,6,44,1,19,50,620.8636,2636.8848,-20.718107,-0.2200000000000001,0.0,-22.38733959197998,0.41011206479743123,0.07996397465467453,-106.16304969787598,0.0003
1131,418206,987.6199,40,-12.380127,-12.380127,0.10993813,0.05,0,0.0,True,1.2380127,-0.002767352,-0.36671718380606894,63,26,333,1,9,31,52.28546,1380.1151,-2.554278,-1.6649999999999865,0.0,-22.41263484954834,0.4672815138474107,0.07996408641338348,-105.88953590393066,0.0003
1132,418738,996.9998,15,-3.000183,-3.000183,0.12889226,0.05,0,0.0,True,0.3000183,-0.00396486,-0.212530301660712,31,84,687,1,0,15,0.0,1003.7925,0.0,-3.434999999999949,0.0,-22.299296855926514,0.21645001135766506,0.07996401935815811,-105.95716857910156,0.0003
1133,419352,988.1086,15,-11.891418,-11.891418,0.07934316,0.05,0,0.0,True,1.1891419,-0.00289479,-0.23067021780765465,332,79,910,0,0,15,0.0,988.06213,0.0,-4.549999999999925,0.0,-22.3365216255188,0.06313143065199256,0.07996401377022266,-105.65949821472168,0.0003
1134,419908,991.8648,46,-8.135193,-8.135193,0.5102899,0.05,0,0.0,True,0.8135193,-0.004088796,-0.25670506156981004,47,21,123,1,14,32,175.5338,1368.7048,-3.6191497,-0.6150000000000004,0.0,-22.422986030578613,0.04009228339418769,0.07996403053402901,-106.00343132019043,0.0003
1135,420458,973.7438753781312,8,-26.25612462186882,-26.25612462186882,0.004543607338426491,0.05,0,0.0,True,2.6256124621868824,-0.0025760457902334966,-0.14741648948467892,6,100,2245,0,1,7,67.2,988.8000000000002,0.0,-11.225000000000355,0.0,-22.36769723892212,0.21166621334850788,0.07996395975351334,-106.05879592895508,0.0003
1136,420989,971.5571,29,-28.442871,-28.442871,1.5435014,0.05,0,0.0,True,2.8442872,-0.0067624766,-0.3653465562951755,202,39,89,0,10,19,467.9554,634.91833,-1.696248,-0.4450000000000003,0.0,-22.411502838134766,0.22704770043492317,0.07996398955583572,-106.09566307067871,0.0003
1137,421512,1009.73425,15,9.734253,9.734253,0.5123304,0.05,0,0.0,True,-0.97342527,-0.001010548,-0.22886195408683477,30,75,1086,0,0,15,0.0,1017.1406,0.0,-5.4299999999999065,0.0,-22.404329299926758,0.0473182862624526,0.07996399328112602,-105.89506721496582,0.0003
1138,422039,839.90814,15,-160.09186,-160.09186,0.120028235,0.05,0,0.0,True,16.009186,-0.006842451,-0.20714570447802547,18,108,1261,0,3,12,193.38058,824.9764,0.0,-6.304999999999888,0.0,-22.382599353790283,0.12299919710494578,0.07996398955583572,-105.94266128540039,0.0003
1139,422601,1151.2288,14,151.22876,151.22876,7.962384,0.05,0,0.0,True,-15.122875,-0.0047921473,-0.3513165049089855,50,25,627,0,0,14,0.0,995.12354,0.0,-3.1349999999999554,0.0,-22.295652866363525,0.23961683548986912,0.07996399328112602,-105.90027236938477,0.0003
1140,423111,994.47986,38,-5.5201416,-5.5201416,0.62025005,0.05,0,0.0,True,0.5520142,-0.004576211,-0.32200347982347005,52,58,405,0,11,27,144.4632,1177.7665,-2.561079,-2.024999999999979,0.0,-22.42155122756958,0.05767240095883608,0.07996403053402901,-106.01127815246582,0.0003
1141,423632,1003.96277,21,3.9627686,3.9627686,0.5749744,0.05,0,0.0,True,-0.39627686,-0.0037343192,-0.31533930822035827,48,42,400,0,7,14,99.94296,989.6469,-1.1832588,-1.9999999999999793,0.0,-22.367280960083008,0.027534309308975935,0.0799640454351902,-105.82006645202637,0.0003
1142,424177,965.02106,123,-34.978943,-34.978943,0.99470645,0.05,0,0.0,True,3.497894,-0.018071221,-0.6107470509874925,117,29,117,1,40,83,639.281,2635.3625,-20.336218,-0.5850000000000004,0.0,-22.416685581207275,0.08862900151871145,0.07996398396790028,-105.99876594543457,0.0003
1143,424726,999.3354710307912,10,-0.6645289692088454,-0.6645289692088454,0.0,0.05,0,0.0,True,0.06645289692088455,-0.0006322079296094086,-0.1566630059721794,11,222,955,0,1,9,9.6,1008.0000000000001,0.0,-4.77499999999992,0.0,-22.367693424224854,0.04437452228739858,0.07996398955583572,-105.88652038574219,0.0003
1144,425254,1047.045,30,47.045044,47.045044,2.8650463,0.05,0,0.0,True,-4.7045045,-0.0059139957,-0.4671148464381301,145,6,61,0,4,26,20.805773,1031.9495,-2.2669127,-0.30500000000000016,0.0,-22.435214519500732,0.04067862220108509,0.07996400818228722,-105.79626655578613,0.0003
1145,425805,965.89557,88,-34.10443,-34.10443,2.1246893,0.05,0,0.0,True,3.4104433,-0.016262928,-0.4372256194800137,42,16,245,1,39,49,709.8291,1325.3278,-5.6923456,-1.2249999999999959,0.0,-22.40569543838501,0.0388224795460701,0.07996399328112602,-105.73311805725098,0.0003
1146,426351,945.1709,85,-54.8291,-54.8291,0.3566556,0.05,0,0.0,True,5.48291,-0.026070649,-0.2857587932050227,69,104,369,0,19,66,147.96872,1917.3257,-34.912834,-1.8449999999999827,0.0,-22.357465267181396,0.40437391959130764,0.07996398955583572,-105.85490608215332,0.0003
1147,426877,988.7469,15,-11.253113,-11.253113,0.011481288,0.05,0,0.0,True,1.1253113,-0.0029556097,-0.24550883919000632,34,127,1155,1,2,13,44.59925,952.2212,0.0,-5.774999999999899,0.0,-22.414759159088135,0.027681263629347086,0.07996400259435177,-105.91185188293457,0.0003
1148,427623,981.82825,21,-18.171753,-18.171753,0.0003920185,0.05,0,0.0,True,1.8171754,-0.0019104938,-0.2872579501236239,52,121,548,1,1,20,11.927666,995.81995,0.0,-2.739999999999964,0.0,-22.37555503845215,0.2757925530895591,0.07996401935815811,-106.0226879119873,0.0003
1149,428161,981.21387,49,-18.786133,-18.786133,0.6058576,0.05,0,0.0,True,1.8786132,-0.005829462,-0.3536112734545425,30,68,40,1,17,32,295.43652,1180.0763,-2.0869567,-0.2000000000000001,0.0,-22.376676559448242,0.8095325040630996,0.0799639355391264,-105.92559242248535,0.0003
1150,428679,976.2122,52,-23.78778,-23.78778,0.47802955,0.05,0,0.0,True,2.3787782,-0.0069164354,-0.3406738571822643,27,28,256,1,13,39,337.5362,2102.004,-9.00825,-1.2799999999999947,0.0,-22.31168222427368,0.6336429044604301,0.07996398955583572,-106.08663558959961,0.0003
1151,429209,1006.1849965937671,9,6.184996593767096,6.184996593767096,0.34062812902404216,0.05,0,0.0,True,-0.6184996593767096,-0.007281321481383057,-0.18013480361779932,29,61,943,0,0,9,0.0,993.5308800000003,0.0,-4.714999999999922,0.0,-22.45858383178711,0.032112618908286095,0.07996401935815811,-105.80529022216797,0.0003
1152,429740,998.0502,13,-1.9498291,-1.9498291,0.18438143,0.05,0,0.0,True,0.1949829,-0.00085019134,-0.22395058683196795,43,18,419,1,0,13,0.0,1058.6097,0.0,-2.0949999999999775,0.0,-22.448241233825684,0.2120153857395053,0.07996398955583572,-106.0488452911377,0.0003
1153,430346,970.91064,44,-29.089355,-29.089355,0.0068967426,0.05,0,0.0,True,2.9089355,-0.0061672525,-0.33220932611187415,71,42,72,0,11,33,146.91217,1278.9874,-4.7074013,-0.3600000000000002,0.0,-22.394678115844727,0.0622726078145206,0.07996401935815811,-105.9729175567627,0.0003
1154,430853,994.08514,49,-5.914856,-5.914856,0.56987995,0.05,0,0.0,True,0.59148556,-0.0051368177,-0.4664593778215814,76,11,151,0,10,39,122.55601,1247.1656,-5.034604,-0.7550000000000006,0.0,-22.398463249206543,0.04988301917910576,0.07996400259435177,-105.82779502868652,0.0003
1155,431371,1002.83264,21,2.8326416,2.8326416,0.5226187,0.05,0,0.0,True,-0.28326416,-0.0012520519,-0.2588198328859647,39,35,1051,1,2,19,9.425497,1025.5411,-0.28124428,-5.25499999999991,0.0,-22.381356716156006,0.024426382035017014,0.0799640454351902,-105.91062927246094,0.0003
1156,431923,996.3226,17,-3.6774292,-3.6774292,0.15193857,0.05,0,0.0,True,0.36774293,-0.0018720772,-0.2139045535027981,34,157,1469,1,0,17,0.0,1042.969,0.0,-7.344999999999866,0.0,-22.375924587249756,0.6536641982384026,0.07996401377022266,-106.01390266418457,0.0003
1157,432431,995.3783,59,-4.621704,-4.621704,0.630576,0.05,0,0.0,True,0.46217042,-0.0046575717,-0.4288895485696109,47,25,0,1,9,50,127.06305,1760.4905,-5.7109375,0.0,0.0,-22.401185035705566,0.03407669719308615,0.0799640454351902,-105.8723201751709,0.0003
1158,432956,1003.60266,10,3.6026611,3.6026611,0.29392248,0.05,0,0.0,True,-0.36026612,-0.00029211002,-0.22671717643737793,57,51,1062,0,0,10,0.0,993.8832,0.0,-5.309999999999909,0.0,-22.393574237823486,0.30785274505615234,0.07996400259435177,-105.73828315734863,0.0003
1159,433481,995.06494,12,-4.9350586,-4.9350586,0.5464064,0.05,0,0.0,True,0.49350587,-0.0056942753,-0.16957617913678508,92,77,1203,1,1,11,78.82818,912.26105,0.0,-6.014999999999894,0.0,-22.445217609405518,0.05628500320017338,0.07996401377022266,-106.09927558898926,0.0003
1160,435738,995.49194,6,-4.5080566,-4.5080566,0.1375583681494225,0.05,0,0.0,True,0.45080566,-0.004306032,-0.11347371280193333,5,216,16003,0,0,6,0.0,1111.0178,0.0,-80.01499999999972,0.0,-22.407262802124023,0.04965660092420876,0.07996401935815811,-105.73426246643066,0.0003
1161,436394,1007.78357,7,7.7835693,7.7835693,0.42252168,0.05,0,0.0,True,-0.7783569,-0.0009092797,-0.11347371220588683,4,107,42,1,0,7,0.0,1654.1332,0.0,-0.2100000000000001,0.0,-22.38954448699951,0.23454534262418747,0.07996398955583572,-106.04595756530762,0.0003
1162,436913,975.8085,19,-24.191528,-24.191528,0.38234922,0.05,0,0.0,True,2.4191527,-0.0049388977,-0.20603221814151368,10,16,0,1,5,14,199.6384,1072.2727,-1.3689069,0.0,0.0,-22.396739959716797,0.02746023377403617,0.07996395975351334,-106.0659122467041,0.0003
1163,437437,959.2375,37,-40.762512,-40.762512,0.06000199,0.05,0,0.0,True,4.0762515,-0.025722291,-0.286446030559204,151,103,2100,0,11,26,77.53693,1076.0343,-5.4365525,-10.500000000000242,0.0,-22.35365867614746,0.04695575963705778,0.07996403239667416,-105.8397388458252,0.0003
1164,437902,973.11664,18,-26.883362,-26.883362,0.5116245,0.05,0,0.0,True,2.6883361,-0.004320649,-0.2638539087772369,29,65,790,0,3,15,65.89702,932.01514,0.0,-3.949999999999938,0.0,-22.448383808135986,0.051684887148439884,0.07996398955583572,-106.03766441345215,0.0003
1165,438431,985.2351,38,-14.764893,-14.764893,0.06835419,0.05,0,0.0,True,1.4764893,-0.006623735,-0.21732977931631803,334,125,1521,1,6,32,39.48902,1581.7733,-6.684665,-7.60499999999986,0.0,-22.418500900268555,0.029422865249216557,0.0799640417098999,-105.73253631591797,0.0003
1166,438972,991.9378,12,-8.062195,-8.062195,0.05989615,0.05,0,0.0,True,0.8062195,-0.0012040389,-0.21195201885874101,32,90,966,1,0,12,0.0,1008.1708,0.0,-4.829999999999919,0.0,-22.433585166931152,0.024640141054987907,0.07996399328112602,-105.82507133483887,0.0003
1167,439482,1004.5263,20,4.526306,4.526306,0.5137338,0.05,0,0.0,True,-0.45263058,-0.0020751704,-0.373864699277177,157,38,329,1,3,17,38.278625,987.25024,-0.6278396,-1.644999999999987,0.0,-22.3988299369812,0.4347365633584559,0.07996401935815811,-105.88185691833496,0.0003
1168,439988,990.30597,10,-9.694031,-9.694031,0.025294265,0.05,0,0.0,True,0.969403,-0.0016076306,-0.17308154165744782,23,94,376,0,1,9,27.541525,967.86816,0.0,-1.879999999999982,0.0,-22.44240093231201,0.03486242610961199,0.07996399700641632,-105.98286628723145,0.0003
1169,440303,1000.7244,26,0.72442627,0.72442627,0.44992822,0.05,0,0.0,True,-0.07244263,-0.0036575564,-0.2550893080234528,31,74,57,0,3,23,37.161263,1149.2754,-0.49596047,-0.28500000000000014,0.0,-22.418943405151367,0.07504959031939507,0.07996401935815811,-105.67903137207031,0.0003
1170,440611,992.3955,10,-7.604492,-7.604492,0.079251416,0.05,0,0.0,True,0.76044923,-0.0031317296,-0.20214706097261861,40,21,702,1,0,10,0.0,994.6524,0.0,-3.5099999999999474,0.0,-22.450917720794678,0.021626818459481,0.07996401935815811,-106.07386589050293,0.0003
1171,441152,989.3921,7,-10.60791,-10.60791,0.0013256309,0.05,0,0.0,True,1.060791,-0.0021911936,-0.16249854377541836,20,97,1157,1,0,7,0.0,1106.2615,0.0,-5.784999999999899,0.0,-22.338350772857666,0.19403150398284197,0.07996401935815811,-105.96687889099121,0.0003
1172,441684,983.96533,35,-16.034668,-16.034668,0.17399375,0.05,0,0.0,True,1.6034669,-0.0026133559,-0.31957570402195734,53,65,576,0,6,29,47.131596,1197.7521,-1.3422412,-2.879999999999961,0.0,-22.426563262939453,0.04469106253236532,0.07996398955583572,-105.96794509887695,0.0003
1173,442207,1015.8896,19,15.889587,15.889587,0.8461053,0.05,0,0.0,True,-1.5889587,-0.0006467296,-0.27020991787314413,43,76,1055,0,1,18,8.760997,1040.0898,-0.18640491,-5.27499999999991,0.0,-22.40498924255371,0.4740255940705538,0.07996401935815811,-105.92609214782715,0.0003
1174,442731,991.1835,14,-8.816528,-8.816528,0.13024293,0.05,0,0.0,True,0.88165283,-0.0083575705,-0.23062693402171136,19,206,662,0,1,13,4.092188,1092.9045,-5.1597157,-3.3099999999999516,0.0,-22.42948007583618,0.25993590569123626,0.07996397465467453,-106.04287338256836,0.0003
1175,443295,970.6081,22,-29.391907,-29.391907,0.0,0.05,0,0.0,True,2.9391906,-0.012155084,-0.17727693192660807,30,56,545,1,3,19,32.66534,1261.0413,-9.158714,-2.724999999999964,0.0,-22.39578628540039,0.2279267837293446,0.07996398955583572,-105.97749328613281,0.0003
1176,445402,993.39575,31,-6.604248,-6.604248,0.02894211,0.05,0,0.0,True,0.6604248,-0.0013374873,-0.2675272602587938,60,115,9963,1,1,30,4.2587204,1052.0317,-0.2027966,-49.81500000000703,0.0,-22.437220573425293,0.07692878693342209,0.07996398955583572,-106.01556968688965,0.0003
1177,445949,950.75073,9,-49.249268,-49.249268,0.025428979,0.05,0,0.0,True,4.9249268,-0.0030676597,-0.22968197507513885,38,40,488,1,0,9,0.0,1068.831,0.0,-2.43999999999997,0.0,-22.389814376831055,0.12062173895537853,0.07996401935815811,-105.7898006439209,0.0003
1178,446733,996.5398,16,-3.460205,-3.460205,0.022737077,0.05,0,0.0,True,0.34602052,-0.0014347673,-0.20534198839250392,22,85,1192,0,2,14,13.509903,998.874,0.0,-5.959999999999895,0.0,-22.45114040374756,0.07491941889747977,0.07996398955583572,-105.98575019836426,0.0003
1179,447276,1002.50366,32,2.503662,2.503662,0.7425983,0.05,0,0.0,True,-0.2503662,-0.012079485,-0.321718503087759,229,60,514,0,6,26,194.00606,1483.4276,-10.851916,-2.5699999999999674,0.0,-22.36794090270996,0.09906217874959111,0.07996403239667416,-105.56140327453613,0.0003
1180,447414,993.6622857837679,5,-6.337714216232143,-6.337714216232143,0.23008378083164652,0.05,0,0.0,True,0.6337714216232143,-0.000752869747190852,-0.1134737133111486,8,53,0,1,0,5,0.0,1200.0,0.0,0.0,0.0,-22.375131607055664,0.05662557948380709,0.07996398955583572,-105.93867874145508,0.0003
1181,447735,997.64923,16,-2.350769,-2.350769,0.073339015,0.05,0,0.0,True,0.2350769,-0.0011991858,-0.262503137282858,29,25,436,1,0,16,0.0,1046.5038,0.0,-2.1799999999999757,0.0,-22.42098045349121,0.04548294795677066,0.07996401935815811,-105.94336318969727,0.0003
1182,448145,1003.15106,18,3.151062,3.151062,0.4275276,0.05,0,0.0,True,-0.31510618,-0.00269223,-0.21656691124793975,37,35,0,1,2,16,10.878412,1009.12964,0.0,0.0,0.0,-22.345276355743408,0.040055268444120884,0.07996398955583572,-105.91095542907715,0.0003
1183,448672,983.2134,127,-16.786621,-16.786621,1.4757987,0.05,0,0.0,True,1.6786622,-0.017909897,-0.41095293782651426,121,39,215,1,34,93,414.68372,3034.1824,-17.82897,-1.074999999999999,0.0,-22.36749505996704,0.1324346913024783,0.07996401935815811,-105.89067268371582,0.0003
1184,448745,969.3743,27,-30.625671,-30.625671,0.007868527,0.05,0,0.0,True,3.0625672,-0.0045603625,-0.23632676186110405,96,33,0,0,3,24,27.624603,1447.6724,-2.390487,0.0,0.0,-22.40660524368286,0.03923789691179991,0.07996401935815811,-105.93750381469727,0.0003
1185,449436,986.6185,34,-13.38147,-13.38147,0.16930498,0.05,0,0.0,True,1.338147,-0.004349937,-0.22839903456620725,48,24,545,1,4,30,42.177315,1302.5771,-2.020689,-2.724999999999964,0.0,-22.411373615264893,0.12646012846380472,0.07996399328112602,-105.98028945922852,0.0003
1186,450288,1020.6099,27,20.609924,20.609924,1.1995535,0.05,0,0.0,True,-2.0609925,-0.0033196984,-0.29608460240066053,29,27,116,0,6,21,132.37172,956.84796,-0.5130793,-0.5800000000000004,0.0,-22.435882091522217,0.03424436179921031,0.0799640454351902,-105.95665740966797,0.0003
1187,450796,1001.1218,14,1.1218262,1.1218262,0.26665306,0.05,0,0.0,True,-0.11218261,-0.0029538502,-0.1679696740024635,43,55,375,0,2,12,52.124428,972.6176,-0.17362821,-1.874999999999982,0.0,-22.412248611450195,0.052609460428357124,0.07996397465467453,-106.00237274169922,0.0003
1188,451309,982.51917,40,-17.480835,-17.480835,0.31160715,0.05,0,0.0,True,1.7480836,-0.0054667383,-0.40530512660741796,87,11,327,0,10,30,310.09616,1590.4524,-4.3319783,-1.6349999999999871,0.0,-22.41456174850464,0.029191976878792048,0.07996397465467453,-105.97319412231445,0.0003
1189,451851,971.8247,31,-28.175293,-28.175293,0.057375953,0.05,0,0.0,True,2.8175292,-0.00516505,-0.29042435116192594,287,50,339,1,9,22,171.4968,1133.9866,-3.0383646,-1.6949999999999859,0.0,-22.40607452392578,0.06109071057289839,0.07996403053402901,-105.90625,0.0003
1190,452397,1012.9104,22,12.9104,12.9104,0.67949396,0.05,0,0.0,True,-1.2910401,-0.011559161,-0.2974349675641748,113,35,1216,0,6,16,250.99434,741.00037,0.0,-6.079999999999893,0.0,-22.413683891296387,0.0419883297290653,0.07996397465467453,-106.02123260498047,0.0003
1191,452909,952.09406,26,-47.905945,-47.905945,0.08592958,0.05,0,0.0,True,4.7905946,-0.003270246,-0.26831929162144663,55,11,352,0,3,23,54.47764,1177.8257,-1.3487968,-1.7599999999999845,0.0,-22.372072219848633,0.3983990550041199,0.07996402680873871,-105.85215950012207,0.0003
1192,453447,985.00836,20,-14.991638,-14.991638,0.26763538,0.05,0,0.0,True,1.4991639,-0.0014736977,-0.29953498646616933,50,95,162,1,1,19,8.805659,1004.47656,0.0,-0.8100000000000006,0.0,-22.42683458328247,0.4294023655820638,0.07996400259435177,-106.03282928466797,0.0003
1193,453970,984.27106,24,-15.728943,-15.728943,0.5340267,0.05,0,0.0,True,1.5728943,-0.0032290951,-0.2889351335167885,18,14,295,1,6,18,78.63583,1152.5282,-1.342028,-1.4749999999999905,0.0,-22.394514560699463,0.16882051760330796,0.07996397837996483,-106.00958442687988,0.0003
1194,454500,947.27405,37,-52.725952,-52.725952,0.4991424,0.05,0,0.0,True,5.2725954,-0.024559282,-0.28029775193337336,62,61,925,0,7,30,74.243126,1622.9736,-27.898796,-4.624999999999924,0.0,-22.324027061462402,0.09228388965129852,0.07996405847370625,-105.69721412658691,0.0003
1195,455031,1002.76776,20,2.7677612,2.7677612,0.40266675,0.05,0,0.0,True,-0.27677613,-0.004777317,-0.38953698445457996,181,24,592,0,2,18,10.272856,989.53284,-0.34347305,-2.959999999999959,0.0,-22.38797426223755,0.2324943859130144,0.07996398955583572,-105.77359390258789,0.0003
1196,455573,964.07935,27,-35.920654,-35.920654,0.38643467,0.05,0,0.0,True,3.5920653,-0.01742294,-0.25308246389031414,30,74,978,0,4,23,24.33826,1521.9896,-14.572332,-4.889999999999918,0.0,-22.360235691070557,0.03241204540245235,0.07996398955583572,-105.86886024475098,0.0003
1197,456131,993.15424,31,-6.845764,-6.845764,0.5704795,0.05,0,0.0,True,0.68457645,-0.004140217,-0.23360151924192904,15,117,264,1,6,25,128.99919,1411.5945,-1.291722,-1.3199999999999938,0.0,-22.383083820343018,0.2894933521747589,0.07996398955583572,-105.9501895904541,0.0003
1198,456656,994.97626,13,-5.0237427,-5.0237427,0.23278512,0.05,0,0.0,True,0.50237423,-0.0009490914,-0.15067946746945388,9,78,132,1,0,13,0.0,1177.7797,0.0,-0.6600000000000005,0.0,-22.333641529083252,0.20733843464404345,0.07996401935815811,-105.76365852355957,0.0003
1199,457278,990.4621,25,-9.537903,-9.537903,0.29846808,0.05,0,0.0,True,0.95379025,-0.0022063411,-0.21701478473842145,32,163,285,1,3,22,101.19861,1053.4119,-1.3193567,-1.4249999999999916,0.0,-22.41887140274048,0.19066227413713932,0.07996398955583572,-105.86332702636719,0.0003
1200,457790,968.24384,17,-31.756165,-31.756165,0.015649825,0.05,0,0.0,True,3.1756167,-0.006668103,-0.31032522337464713,73,79,210,0,6,11,274.84222,761.3631,-0.5279626,-1.0499999999999996,0.0,-22.422147274017334,0.05299145169556141,0.07996399328112602,-105.77508354187012,0.0003
1201,458312,1005.66846,37,5.668457,5.668457,2.782206,0.05,0,0.0,True,-0.5668457,-0.007383238,-0.27748517729341987,33,50,120,0,7,30,189.32889,1716.45,-5.5042,-0.6000000000000004,0.0,-22.401758193969727,0.03811003779992461,0.07996395975351334,-105.96227836608887,0.0003
1202,458858,983.85114,15,-16.148865,-16.148865,0.06867983,0.05,0,0.0,True,1.6148865,-0.0029510013,-0.22688216775655742,23,87,520,1,0,15,0.0,1046.601,0.0,-2.599999999999967,0.0,-22.329790592193604,0.47515980154275894,0.07996407896280289,-105.34723472595215,0.0003
1203,459435,990.4044861863438,13,-9.595513813656225,-9.595513813656225,0.03967859025824652,0.05,0,0.0,True,0.9595513813656226,-0.0014886133921903544,-0.17907722968994966,19,37,85,1,3,10,101.23776000000001,932.0755199999999,0.0,-0.42500000000000027,0.0,-22.337141513824463,0.19564060680568218,0.07996401935815811,-105.79375076293945,0.0003
1204,459946,1008.6509,24,8.650879,8.650879,1.25208,0.05,0,0.0,True,-0.86508787,-0.004727739,-0.2818880619419449,32,11,30,1,8,16,310.07394,1004.02673,-1.8010466,-0.15000000000000005,0.0,-22.374159336090088,0.045270271599292755,0.07996400259435177,-105.57868576049805,0.0003
1205,460499,987.77344,21,-12.2265625,-12.2265625,0.043638747,0.05,0,0.0,True,1.2226562,-0.0014571829,-0.24785391278564933,39,138,1725,1,0,21,0.0,1022.516,0.0,-8.624999999999948,0.0,-22.38027858734131,0.14715065341442823,0.07996401935815811,-105.89519882202148,0.0003
1206,461024,983.34283,14,-16.657166,-16.657166,0.055833768,0.05,0,0.0,True,1.6657166,-0.0010540346,-0.20336444638669493,39,30,19,1,2,12,32.0038,986.13776,-0.35355893,-0.09500000000000001,0.0,-22.423293113708496,0.037839710246771574,0.07996401935815811,-105.95170593261719,0.0003
1207,461543,1000.7194400420959,5,0.7194400420959255,0.7194400420959255,0.09514585725650422,0.05,0,0.0,True,-0.07194400420959254,-0.0006406909093979515,-0.11347371331114858,8,168,48,1,0,5,0.0,1200.0,0.0,-0.24000000000000013,0.0,-22.38179302215576,0.2286791242659092,0.07996398955583572,-105.9986686706543,0.0003
1208,462056,978.34766,31,-21.652344,-21.652344,1.1584592,0.05,0,0.0,True,2.1652346,-0.0025405793,-0.22705973424017428,24,24,0,1,12,19,234.88545,1132.6355,-0.96756893,0.0,0.0,-22.381386756896973,0.19995552487671375,0.07996403612196445,-105.7723274230957,0.0003
1209,462604,1006.23914,10,6.2391357,6.2391357,0.42416167,0.05,0,0.0,True,-0.6239136,-0.0024523912,-0.20982857447312628,269,76,313,0,0,10,0.0,986.50854,0.0,-1.5649999999999886,0.0,-22.39495038986206,0.039877033326774836,0.07996400259435177,-106.05566024780273,0.0003
1210,463140,982.2524,20,-17.74762,-17.74762,0.0992685,0.05,0,0.0,True,1.774762,-0.011320183,-0.25002541126803424,47,53,408,1,4,16,56.30072,1020.86304,-6.942388,-2.0399999999999787,0.0,-22.431175708770752,0.05639027478173375,0.07996395975351334,-106.00488662719727,0.0003
1211,463785,1000.2996,15,0.29962158,0.29962158,0.12815328,0.05,0,0.0,True,-0.029962158,-0.0013085201,-0.2771601502257498,58,102,871,1,0,15,0.0,1016.0669,0.0,-4.354999999999929,0.0,-22.387073040008545,0.0912688048556447,0.07996398955583572,-105.88656044006348,0.0003
1212,464296,988.0118,31,-11.98822,-11.98822,0.42990342,0.05,0,0.0,True,1.198822,-0.004603208,-0.28541503670805946,16,59,15,1,12,19,253.90265,1156.842,-2.1822658,-0.075,0.0,-22.382112503051758,0.059090280905365944,0.07996401935815811,-105.73694229125977,0.0003
1213,464822,961.174,33,-38.82599,-38.82599,0.6633104,0.05,0,0.0,True,3.8825989,-0.0055293133,-0.2922544613480567,35,49,322,0,8,25,116.627815,1009.82355,-0.97255754,-1.6099999999999877,0.0,-22.38634443283081,0.044001970207318664,0.07996398955583572,-105.62698554992676,0.0003
1214,465451,979.77185,10,-20.22815,-20.22815,0.0,0.05,0,0.0,True,2.022815,-0.0030269744,-0.20065407067537305,28,76,1433,1,0,10,0.0,993.5359,0.0,-7.1649999999998695,0.0,-22.34622573852539,0.11389339622110128,0.07996407896280289,-105.63314056396484,0.0003
1215,466052,999.593,11,-0.40698242,-0.40698242,0.1511594,0.05,0,0.0,True,0.040698245,-0.003908154,-0.1670490240305663,119,81,1826,0,0,11,0.0,988.79285,0.0,-9.130000000000027,0.0,-22.40855121612549,0.10322137176990509,0.07996399328112602,-105.94140625,0.0003
1216,466567,950.77966,20,-49.220337,-49.220337,0.18603379,0.05,0,0.0,True,4.922034,-0.0069206874,-0.25114367641508584,274,91,679,1,2,18,22.178343,990.9708,-0.5157612,-3.39499999999995,0.0,-22.403944492340088,0.22411984112113714,0.07996401377022266,-106.01000022888184,0.0003
1217,467262,1002.4224,11,2.4224243,2.4224243,0.40049013,0.05,0,0.0,True,-0.24224243,-0.001826976,-0.1795573098957538,6,66,20,1,4,7,208.81027,788.39355,0.0,-0.10000000000000002,0.0,-22.406001091003418,0.08589944010600448,0.07996401377022266,-105.68652153015137,0.0003
1218,467773,1017.7869,28,17.786926,17.786926,1.0427532,0.05,0,0.0,True,-1.7786926,-0.0020683606,-0.29345888260881003,129,43,72,0,5,23,62.046417,1202.1825,-2.0254247,-0.3600000000000002,0.0,-22.37332248687744,0.07768071908503771,0.07996401377022266,-105.90094566345215,0.0003
1219,468284,983.94855,40,-16.051453,-16.051453,0.22874108,0.05,0,0.0,True,1.6051452,-0.0035094323,-0.32533443607167173,51,46,74,0,10,30,142.0597,1457.2546,-2.1430829,-0.3700000000000002,0.0,-22.396190643310547,0.05216950550675392,0.07996400818228722,-105.81355667114258,0.0003
1220,468827,985.6931,17,-14.306885,-14.306885,0.017304359,0.05,0,0.0,True,1.4306885,-0.002612802,-0.19256228832818437,28,29,876,1,3,14,110.92189,916.13,-0.22488455,-4.379999999999929,0.0,-22.403907299041748,0.03980516130104661,0.07996399328112602,-105.89455604553223,0.0003
1221,469365,967.55,22,-32.450012,-32.450012,0.6994916,0.05,0,0.0,True,3.2450013,-0.0041607036,-0.19711256369948393,21,61,107,1,8,14,416.4965,1497.7456,-3.3313482,-0.5350000000000004,0.0,-22.403077125549316,0.02878874819725752,0.07996401377022266,-105.97929191589355,0.0003
1222,469901,959.5296,26,-40.470398,-40.470398,0.028387723,0.05,0,0.0,True,4.04704,-0.0043639517,-0.14998500515935867,31,116,282,1,5,21,156.703,915.2588,-0.27539384,-1.409999999999992,0.0,-22.422245979309082,0.033739532344043255,0.0799639355391264,-105.90679550170898,0.0003
1223,470439,1000.4127,21,0.41271973,0.41271973,0.23459244,0.05,0,0.0,True,-0.041271973,-0.0021268243,-0.2660691810132307,40,58,960,0,2,19,28.140736,1052.7546,-2.038212,-4.79999999999992,0.0,-22.38653039932251,0.06251135841012001,0.07996400818228722,-105.7287712097168,0.0003
1224,470965,999.1005640358283,12,-0.8994359641717438,-0.8994359641717438,0.22230006229400603,0.05,0,0.0,True,0.08994359641717437,-0.0015903428566056603,-0.15768988202690382,14,29,133,1,1,11,34.94400000000003,1064.064,-1.9968000000000037,-0.6650000000000005,0.0,-22.40184736251831,0.04310374381020665,0.07996401377022266,-105.88351249694824,0.0003
1225,471465,994.96783,13,-5.0321655,-5.0321655,0.22029908,0.05,0,0.0,True,0.50321656,-0.0028116584,-0.19682587586343284,16,113,488,1,2,11,69.50975,940.18823,0.0,-2.43999999999997,0.0,-22.35133695602417,0.5735920937731862,0.07996401935815811,-105.81110382080078,0.0003
1226,472011,974.8431,26,-25.156921,-25.156921,0.16371745,0.05,0,0.0,True,2.515692,-0.007999135,-0.2723203575252806,409,142,1190,0,3,23,57.371166,1028.8464,-5.50413,-5.949999999999895,0.0,-22.43014669418335,0.03942333022132516,0.07996401377022266,-105.8896369934082,0.0003
1227,472567,965.84265,130,-34.15735,-34.15735,0.16085382,0.05,0,0.0,True,3.4157348,-0.013015705,-0.4942188970307756,118,76,305,1,38,92,302.20172,2547.0623,-9.224277,-1.5249999999999895,0.0,-22.34103012084961,0.04658617591485381,0.07996400259435177,-105.85445404052734,0.0003
1228,473103,987.7724,20,-12.2276,-12.2276,0.11391027,0.05,0,0.0,True,1.2227601,-0.0021973061,-0.20133279174566265,9,5,8,1,4,16,66.16993,1297.7146,-2.603907,-0.04,0.0,-22.311948776245117,0.13807710725814104,0.07996400259435177,-105.8047924041748,0.0003
1229,473628,975.92224,37,-24.077759,-24.077759,0.13055886,0.05,0,0.0,True,2.4077759,-0.010473137,-0.32485815096385645,66,36,892,0,5,32,148.14943,1438.5667,-6.6366587,-4.459999999999927,0.0,-22.403302669525146,0.10497411526739597,0.07996398955583572,-105.90042686462402,0.0003
1230,474038,1011.522,21,11.521973,11.521973,0.77295804,0.05,0,0.0,True,-1.1521972,-0.007107107,-0.19872459709644316,28,31,0,1,5,16,188.44829,828.59827,-0.07012142,0.0,0.0,-22.394010543823242,0.11363374907523394,0.07996397465467453,-105.75428581237793,0.0003
1231,474254,993.6016,23,-6.3983765,-6.3983765,0.058555756,0.05,0,0.0,True,0.6398377,-0.005748116,-0.21098431523181943,86,19,42,1,3,20,26.187859,1596.2318,-2.73823,-0.2100000000000001,0.0,-22.444908618927002,0.04901501722633839,0.07996398955583572,-105.74556922912598,0.0003
1232,474795,1063.7714,24,63.771362,63.771362,3.831565,0.05,0,0.0,True,-6.3771358,-0.00660182,-0.2945765527255295,64,24,468,1,6,18,348.24622,878.4126,-2.3740284,-2.3399999999999723,0.0,-22.416378021240234,0.032604243606328964,0.0799640454351902,-105.67727470397949,0.0003
1233,475339,998.94946,18,-1.0505371,-1.0505371,0.5918851,0.05,0,0.0,True,0.10505371,-0.0040201135,-0.2740251249074937,17,32,565,1,0,18,0.0,996.5221,0.0,-2.824999999999962,0.0,-22.351506233215332,0.45527894352562726,0.07996398955583572,-105.83030700683594,0.0003
1234,475904,994.68225,22,-5.317749,-5.317749,0.100916475,0.05,0,0.0,True,0.5317749,-0.0014805223,-0.23104272697546996,34,38,398,1,2,20,33.740818,1141.5155,-0.8715918,-1.9899999999999796,0.0,-22.390053272247314,0.017317673191428185,0.07996401935815811,-105.68007469177246,0.0003
1235,476386,982.9728,25,-17.027222,-17.027222,0.20064609,0.05,0,0.0,True,1.7027222,-0.0021326307,-0.2778074340522291,164,54,142,1,1,24,6.782353,1005.0158,-0.8612508,-0.7100000000000005,0.0,-22.40506362915039,0.050629867473617196,0.07996400259435177,-106.01122665405273,0.0003
1236,476588,998.9179976273598,11,-1.0820023726402042,-1.0820023726402042,0.008986639282236603,0.05,0,0.0,True,0.10820023726402042,-0.0015277089210981747,-0.2001240134311287,18,82,15,1,0,11,0.0,1004.6208000000004,0.0,-0.075,0.0,-22.35237979888916,0.18026918405666947,0.07996398955583572,-105.94500732421875,0.0003
1237,477138,997.3296,5,-2.6704102,-2.6704102,0.0,0.05,0,0.0,True,0.267041,-0.0012493393,-0.11347371615469456,5,103,1369,1,0,5,0.0,1040.8239,0.0,-6.844999999999876,0.0,-22.324613571166992,0.06062306370586157,0.07996405102312565,-105.74565696716309,0.0003
1238,477676,968.30414,15,-31.695862,-31.695862,0.0042891162,0.05,0,0.0,True,3.1695862,-0.0037868377,-0.2570548073202373,108,145,688,1,4,11,141.50888,850.89215,0.0,-3.439999999999949,0.0,-22.39157485961914,0.04718399327248335,0.07996398955583572,-105.89565849304199,0.0003
1239,478172,1031.9672,23,31.967163,31.967163,2.134906,0.05,0,0.0,True,-3.1967163,-0.0036668153,-0.32777218152382215,30,5,3,2,6,17,138.45662,1007.70355,-1.2615247,-0.015,0.0,-22.432059288024902,0.1331493752077222,0.07996398955583572,-106.03750419616699,0.0003
1240,478748,988.20105,13,-11.79895,-11.79895,0.78659093,0.05,0,0.0,True,1.179895,-0.005503569,-0.18738407120108608,34,78,828,0,0,13,0.0,1015.57086,0.0,-4.139999999999934,0.0,-22.439403533935547,0.2031125407665968,0.07996400259435177,-106.09029006958008,0.0003
1241,479329,1001.3334,20,1.333374,1.333374,0.09505754,0.05,0,0.0,True,-0.13333741,-0.00058918184,-0.3510531840695061,86,55,502,1,1,19,5.6589556,987.7391,0.0,-2.5099999999999687,0.0,-22.360917568206787,0.13193983351811767,0.07996400818228722,-105.50687026977539,0.0003
1242,479883,985.11304,13,-14.886963,-14.886963,0.0,0.05,0,0.0,True,1.4886963,-0.0027443264,-0.222724294513464,291,103,1078,1,1,12,15.466465,972.11804,0.0,-5.389999999999907,0.0,-22.3975510597229,0.1734332754276693,0.07996398396790028,-106.20115852355957,0.0003
1243,480070,984.2736,12,-15.726379,-15.726379,0.0054198424,0.05,0,0.0,True,1.572638,-0.0032779665,-0.16881570944314275,7,13,288,1,2,10,134.96404,907.2173,0.0,-1.4399999999999913,0.0,-22.404855728149414,0.06285423412919044,0.07996401377022266,-105.94267463684082,0.0003
1244,480575,974.5029,22,-25.49707,-25.49707,0.28214347,0.05,0,0.0,True,2.549707,-0.011570925,-0.2107572638887614,57,79,956,1,2,20,44.35093,1201.8826,-5.5004716,-4.77999999999992,0.0,-22.425825595855713,0.029815486166626215,0.07996398955583572,-105.89591598510742,0.0003
1245,481108,995.49713,12,-4.5028687,-4.5028687,0.21080287,0.05,0,0.0,True,0.45028687,-0.0013401525,-0.18395904236196436,26,42,640,1,0,12,0.0,1164.9531,0.0,-3.199999999999954,0.0,-22.412321090698242,0.22777041606605053,0.07996401377022266,-105.88516235351562,0.0003
1246,481697,1002.91455,73,2.9145508,2.9145508,2.3463197,0.05,0,0.0,True,-0.29145506,-0.008609708,-0.5133930660039185,41,26,104,1,18,55,643.2879,4093.8042,-11.342665,-0.5200000000000004,0.0,-22.38899564743042,0.48745875619351864,0.0799640454351902,-105.65239715576172,0.0003
1247,482213,1001.00116,28,1.0011597,1.0011597,0.452903,0.05,0,0.0,True,-0.10011597,-0.0028578734,-0.4535483600199223,209,36,461,0,2,26,13.430064,1054.9827,-1.83865,-2.304999999999973,0.0,-22.322925567626953,0.4833979713730514,0.07996401935815811,-105.82564163208008,0.0003
1248,482779,991.8157,17,-8.184326,-8.184326,0.55768585,0.05,0,0.0,True,0.81843257,-0.009083318,-0.23445926733314992,23,157,1403,1,3,14,116.235306,880.45605,0.0,-7.014999999999873,0.0,-22.34541940689087,0.04308287613093853,0.0799640454351902,-105.67619323730469,0.0003
1249,483289,1015.6395,23,15.639526,15.639526,1.0512381,0.05,0,0.0,True,-1.5639527,-0.0030803452,-0.2790131860471118,74,54,205,0,2,21,15.890951,1040.7251,-0.6213347,-1.0250000000000001,0.0,-22.356963634490967,0.04992144973948598,0.07996405847370625,-105.57144355773926,0.0003
1250,483643,994.71027,26,-5.289734,-5.289734,0.35836387,0.05,0,0.0,True,0.5289734,-0.0022076939,-0.28264574598887815,36,35,614,1,0,26,0.0,1018.12683,0.0,-3.0699999999999568,0.0,-22.41117238998413,0.048210937064141035,0.07996402680873871,-105.85648155212402,0.0003
1251,484198,994.74255,12,-5.2574463,-5.2574463,0.10761644,0.05,0,0.0,True,0.5257446,-0.0014270539,-0.21397228322923184,21,29,231,1,0,12,0.0,995.6781,0.0,-1.1549999999999974,0.0,-22.405076503753662,0.07356605399399996,0.0799640417098999,-106.03306579589844,0.0003
1252,484727,995.83716,26,-4.162842,-4.162842,0.3500247,0.05,0,0.0,True,0.4162842,-0.0021139276,-0.30028719872977744,33,55,121,1,6,20,55.264423,1071.4266,-0.9252058,-0.6050000000000004,0.0,-22.35317039489746,0.16265639662742615,0.07996405102312565,-105.66256523132324,0.0003
1253,485026,991.2755,31,-8.724487,-8.724487,0.29337773,0.05,0,0.0,True,0.87244874,-0.0073268935,-0.2543189560572903,21,30,5,1,10,21,173.8225,1158.7217,-2.1118782,-0.025,0.0,-22.4425368309021,0.031235771719366312,0.07996400259435177,-105.95069885253906,0.0003
1254,485559,956.8209,109,-43.179077,-43.179077,1.2203436,0.05,0,0.0,True,4.317908,-0.013133692,-0.6355629023909565,42,10,33,0,38,71,575.0608,2991.8274,-11.67217,-0.16500000000000006,0.0,-22.360947132110596,0.23709413688629866,0.07996398955583572,-105.93514251708984,0.0003
1255,485716,1009.5426,13,9.542603,9.542603,0.5022414,0.05,0,0.0,True,-0.95426023,-0.0010820914,-0.22300525590777387,23,101,60,0,0,13,0.0,1032.8483,0.0,-0.30000000000000016,0.0,-22.28601598739624,0.1035822443664074,0.07996400259435177,-105.64389228820801,0.0003
1256,486277,956.5127,40,-43.487305,-43.487305,0.28121686,0.05,0,0.0,True,4.34873,-0.016508488,-0.3029481415333765,57,56,866,1,7,33,53.241665,1519.3036,-14.765617,-4.32999999999993,0.0,-22.394386291503906,0.0445553339086473,0.07996400259435177,-105.79674339294434,0.0003
1257,486891,988.454,17,-11.5460205,-11.5460205,0.1434653,0.05,0,0.0,True,1.154602,-0.0025680205,-0.23856699190313407,28,156,578,0,3,14,32.119453,966.0786,0.0,-2.8899999999999606,0.0,-22.382911682128906,0.10178130585700274,0.07996407523751259,-105.84528541564941,0.0003
1258,487432,999.2631,9,-0.73687744,-0.73687744,0.16017415,0.05,0,0.0,True,0.07368775,-0.0010297206,-0.20164413057267663,53,28,496,0,0,9,0.0,990.0075,0.0,-2.4799999999999693,0.0,-22.29050064086914,0.08000169973820448,0.07996403239667416,-105.54862403869629,0.0003
1259,487975,1003.1984,14,3.1984253,3.1984253,0.30010325,0.05,0,0.0,True,-0.31984252,-0.003475904,-0.3054100769341264,97,60,507,0,1,13,34.27115,957.1897,0.0,-2.534999999999968,0.0,-22.355409145355225,0.4317279728129506,0.07996402308344841,-105.73841094970703,0.0003
1260,488577,995.4557,9,-4.5443115,-4.5443115,0.15435633,0.05,0,0.0,True,0.45443118,-0.0006021967,-0.1618293876200914,13,51,763,1,0,9,0.0,1124.481,0.0,-3.814999999999941,0.0,-22.38637924194336,0.05925736576318741,0.07996401935815811,-106.16315269470215,0.0003
1261,489091,989.7433,46,-10.256714,-10.256714,0.44135675,0.05,0,0.0,True,1.0256714,-0.0047830027,-0.5240089960255246,91,39,299,1,8,38,75.77552,1361.0609,-5.05074,-1.4949999999999901,0.0,-22.37981605529785,0.2091031731106341,0.07996401935815811,-105.84412384033203,0.0003
1262,489606,999.44745,26,-0.55255127,-0.55255127,0.67379683,0.05,0,0.0,True,0.05525513,-0.0016504633,-0.3188219568332214,63,34,1321,0,2,24,26.026363,1031.2882,-0.48562607,-6.604999999999881,0.0,-22.42479181289673,0.04578637797385454,0.07996401935815811,-105.94297218322754,0.0003
1263,490116,997.3318,14,-2.668213,-2.668213,0.076512344,0.05,0,0.0,True,0.2668213,-0.0018056921,-0.2265237645778804,55,36,281,1,1,13,35.25082,1245.0746,-1.7030354,-1.404999999999992,0.0,-22.358030319213867,0.3624683618545532,0.07996401377022266,-106.00377464294434,0.0003
1264,490722,970.59576,31,-29.404236,-29.404236,0.054741256,0.05,0,0.0,True,2.9404235,-0.0040416373,-0.2785330789236188,79,31,65,0,7,24,137.15752,1006.95135,-0.60307527,-0.3250000000000002,0.0,-22.349872589111328,0.6270411745645106,0.0799640454351902,-105.80474853515625,0.0003
1265,491276,1000.2005,11,0.20050049,0.20050049,0.0847777,0.05,0,0.0,True,-0.020050049,-0.0012126116,-0.21464352414011953,103,59,1088,1,1,10,9.796189,980.0613,0.0,-5.439999999999906,0.0,-22.422604084014893,0.11244260286912322,0.07996401935815811,-105.9990062713623,0.0003
1266,491858,979.3345,31,-20.665527,-20.665527,0.05144652,0.05,0,0.0,True,2.0665529,-0.004167262,-0.29136799119412915,44,78,482,1,5,26,68.682144,1218.3556,-1.233114,-2.409999999999971,0.0,-22.37991952896118,0.4326068591326475,0.07996401935815811,-105.96196556091309,0.0003
1267,492452,992.3977,14,-7.602295,-7.602295,0.05110676,0.05,0,0.0,True,0.76022947,-0.001031014,-0.15024624655628868,15,71,553,1,0,14,0.0,1066.204,0.0,-2.7649999999999633,0.0,-22.44811487197876,0.06642825435847044,0.07996398955583572,-105.58667182922363,0.0003
1268,493002,991.3731,14,-8.626892,-8.626892,0.045984495,0.05,0,0.0,True,0.8626892,-0.003939928,-0.22122475340962408,23,68,362,0,1,13,14.429128,982.33435,0.0,-1.8099999999999834,0.0,-22.344525814056396,0.5035329600796103,0.07996398955583572,-105.98464775085449,0.0003
1269,493548,1006.4605,19,6.4605103,6.4605103,0.64643306,0.05,0,0.0,True,-0.64605105,-0.005344686,-0.3509480716995303,164,53,563,0,1,18,9.168708,994.615,-0.47071794,-2.814999999999962,0.0,-22.40740394592285,0.07640251331031322,0.07996398955583572,-106.01534843444824,0.0003
1270,494080,972.5617,11,-27.438293,-27.438293,0.03515961,0.05,0,0.0,True,2.7438295,-0.0016061323,-0.14892257029924466,321,72,983,0,1,10,28.325836,952.5288,0.0,-4.914999999999917,0.0,-22.313058853149414,0.3500044485554099,0.07996400259435177,-105.78430557250977,0.0003
1271,494215,986.64343,32,-13.356567,-13.356567,0.23366858,0.05,0,0.0,True,1.3356568,-0.0042725983,-0.34860313057899467,82,28,0,1,5,27,66.62015,1708.2874,-7.516124,0.0,0.0,-22.390433311462402,0.2265282366424799,0.07996395975351334,-105.99974632263184,0.0003
1272,494744,996.5761,12,-3.4238892,-3.4238892,0.17215234,0.05,0,0.0,True,0.34238893,-0.0022140099,-0.22007391840219498,24,88,216,0,0,12,0.0,996.2228,0.0,-1.079999999999999,0.0,-22.346485137939453,0.027242064476013184,0.07996402680873871,-105.81051826477051,0.0003
1273,495059,999.6246,19,-0.37542725,-0.37542725,0.16998759,0.05,0,0.0,True,0.037542723,-0.0014407844,-0.24365336605317392,30,70,57,0,0,19,0.0,1024.606,0.0,-0.28500000000000014,0.0,-22.383323669433594,0.023637898731976748,0.0799640454351902,-105.84705924987793,0.0003
1274,495619,997.89404,17,-2.105957,-2.105957,0.39683735,0.05,0,0.0,True,0.21059571,-0.0092731835,-0.2772283343094041,30,80,804,0,1,16,19.68394,992.89575,0.0,-4.0199999999999365,0.0,-22.398768424987793,0.06122963968664408,0.07996400259435177,-105.96260833740234,0.0003
1275,496242,973.25006,10,-26.749939,-26.749939,0.097718544,0.05,0,0.0,True,2.674994,-0.0010019944,-0.18207625210285186,23,41,379,0,0,10,0.0,1111.3916,0.0,-1.8949999999999816,0.0,-22.387014865875244,0.03614201955497265,0.07996395975351334,-105.9968090057373,0.0003
1276,496770,987.84247,55,-12.157532,-12.157532,0.5279454,0.05,0,0.0,True,1.2157532,-0.0065598674,-0.5329910499555308,56,37,176,0,10,45,198.78218,2011.3761,-9.512329,-0.8800000000000007,0.0,-22.34725570678711,0.07045891508460045,0.07996395975351334,-105.85891914367676,0.0003
1277,497106,998.9274891474686,7,-1.0725108525314226,-1.0725108525314226,0.19570923891043454,0.05,0,0.0,True,0.10725108525314227,-0.0005029496176682398,-0.1134737133111486,4,34,27,1,0,7,0.0,1680.0,0.0,-0.13500000000000004,0.0,-22.404794692993164,0.043538342230021954,0.07996397837996483,-105.78027534484863,0.0003
1278,497695,998.0998,10,-1.9002075,-1.9002075,0.0631696,0.05,0,0.0,True,0.19002075,-0.004927581,-0.17820715539157395,17,106,743,0,0,10,0.0,995.41895,0.0,-3.714999999999943,0.0,-22.419206619262695,0.09425564762204885,0.07996398955583572,-105.6901683807373,0.0003
1279,498235,996.2237,40,-3.7763062,-3.7763062,0.28995466,0.05,0,0.0,True,0.3776306,-0.0054306285,-0.2540683247368345,42,78,699,1,8,32,73.35103,1288.5035,-2.8290038,-3.4949999999999477,0.0,-22.445298194885254,0.06784628564491868,0.07996400259435177,-105.77460479736328,0.0003
1280,498749,938.43994,88,-61.56006,-61.56006,0.090252556,0.05,0,0.0,True,6.156006,-0.013965945,-0.7475891974609761,193,26,638,0,22,66,328.20642,1879.6647,-17.954105,-3.189999999999954,0.0,-22.40081548690796,0.12802008166909218,0.07996402680873871,-105.58535766601562,0.0003
1281,499325,1002.8325470628542,7,2.832547062854246,2.832547062854246,0.15150806942634015,0.05,0,0.0,True,-0.2832547062854246,-0.005544901957826079,-0.1234363345311153,239,130,858,0,0,7,0.0,988.8000000000002,0.0,-4.289999999999931,0.0,-22.40267515182495,0.24726224411278963,0.07996398955583572,-105.90958595275879,0.0003
1282,499838,1015.7552,14,15.755188,15.755188,1.3099339,0.05,0,0.0,True,-1.5755187,-0.0028778862,-0.19781488092585997,15,20,73,0,2,12,63.339622,978.9961,-0.17184599,-0.3650000000000002,0.0,-22.41294527053833,0.058076183311641216,0.07996400259435177,-105.81042861938477,0.0003
1283,500356,960.39075,40,-39.609253,-39.609253,0.07189948,0.05,0,0.0,True,3.9609253,-0.00944534,-0.3453820099875408,122,7,29,1,8,32,107.9572,1246.6953,-4.0026975,-0.14500000000000005,0.0,-22.412248611450195,0.037318806163966656,0.07996398955583572,-105.99773597717285,0.0003
1284,500955,978.39667,10,-21.603333,-21.603333,0.36713693,0.05,0,0.0,True,2.1603334,-0.002380572,-0.1191695670752939,12,84,278,0,2,8,205.15881,1335.7244,0.0,-1.3899999999999924,0.0,-22.385698318481445,0.03173660859465599,0.07996397465467453,-105.85760879516602,0.0003
1285,501527,1003.6362,33,3.6362305,3.6362305,0.6165511,0.05,0,0.0,True,-0.36362305,-0.0035112097,-0.2209356858427996,543,83,944,0,3,30,23.699749,1167.6212,-1.4628476,-4.719999999999922,0.0,-22.39251947402954,0.3602594151161611,0.07996399328112602,-105.75871276855469,0.0003
1286,502044,967.8661,13,-32.13391,-32.13391,0.20447174,0.05,0,0.0,True,3.213391,-0.0015481419,-0.23503128871430792,236,100,19,0,0,13,0.0,979.2969,0.0,-0.09500000000000001,0.0,-22.409340858459473,0.02958916686475277,0.07996409758925438,-105.8133659362793,0.0003
1287,502586,985.8899,34,-14.110107,-14.110107,0.27141255,0.05,0,0.0,True,1.4110107,-0.01456861,-0.29872703104674886,32,71,489,0,2,32,13.299541,1262.2811,-14.630088,-2.44499999999997,0.0,-22.39827060699463,0.20119547192007303,0.07996398955583572,-106.03780364990234,0.0003
1288,503138,1000.2396,12,0.23962402,0.23962402,0.012610847,0.05,0,0.0,True,-0.023962403,-0.0028396023,-0.17182625308632854,335,82,625,0,0,12,0.0,987.0384,0.0,-3.1249999999999556,0.0,-22.367881774902344,0.46295772725716233,0.07996401935815811,-105.87312889099121,0.0003
1289,503656,979.3521,61,-20.647888,-20.647888,0.18469551,0.05,0,0.0,True,2.0647888,-0.010355752,-0.5007382340337493,104,19,290,1,24,37,438.79044,1122.8364,-8.634029,-1.449999999999991,0.0,-22.388399124145508,0.04915445111691952,0.07996400259435177,-105.94013214111328,0.0003
1290,504248,991.3938,22,-8.606201,-8.606201,0.3289377,0.05,0,0.0,True,0.8606201,-0.0022783019,-0.2765481562912464,33,31,1258,0,2,20,37.650715,1052.5858,-0.45961607,-6.289999999999888,0.0,-22.448975086212158,0.0635928325355053,0.07996398955583572,-105.87775611877441,0.0003
1291,500539,1001.1439,35,1.1439209,1.1439209,0.32802346,0.05,0,0.0,True,-0.114392094,-0.0029804963,-0.31362385303444557,259,81,367,1,4,31,53.454308,1710.2092,-3.476977,-1.8349999999999829,0.0,-22.382174491882324,0.05375451780855656,0.0799640603363514,-105.68465232849121,0.0003
1292,500943,987.0448,23,-12.9552,-12.9552,0.2974176,0.05,0,0.0,True,1.29552,-0.0020585658,-0.24398937961229034,230,91,235,1,6,17,84.88341,1118.7697,-1.1292895,-1.174999999999997,0.0,-22.417437076568604,0.09877741895616055,0.07996398955583572,-106.18001556396484,0.0003
1293,501619,1015.9096,26,15.909607,15.909607,0.9294166,0.05,0,0.0,True,-1.5909606,-0.0049590426,-0.29479482912225685,411,55,491,0,1,25,22.896427,1011.34467,-1.7493048,-2.45499999999997,0.0,-22.364654064178467,0.42604655446484685,0.07996401377022266,-105.82476806640625,0.0003
1294,502135,917.10406,88,-82.895935,-82.895935,0.48977658,0.05,0,0.0,True,8.289594,-0.008884905,-0.5286437174677852,34,18,13,1,31,57,890.81683,2166.5151,-6.975687,-0.06499999999999999,0.0,-22.36876678466797,0.046696319244802,0.07996403053402901,-106.03349685668945,0.0003
1295,502653,986.9861,16,-13.013916,-13.013916,0.14489263,0.05,0,0.0,True,1.3013916,-0.0016611004,-0.2960280791670083,36,112,563,1,0,16,0.0,1008.6257,0.0,-2.814999999999962,0.0,-22.400661945343018,0.28527577174827456,0.07996402680873871,-105.9090747833252,0.0003
1296,503372,1000.0,12,0.0,0.0,0.0,0.05,0,0.0,True,0.0,-0.0032124529,-0.15547945512482217,196,32,263,0,4,8,109.18556,874.67505,0.0,-1.314999999999994,0.0,-22.40872049331665,0.28205145709216595,0.07996401935815811,-105.73101806640625,0.0003
1297,503878,975.63324,14,-24.36676,-24.36676,0.015827468,0.05,0,0.0,True,2.436676,-0.003628947,-0.170587407344354,171,86,343,0,2,12,77.707535,910.5389,0.0,-1.7149999999999854,0.0,-22.446234226226807,0.05660655442625284,0.07996400259435177,-106.15400123596191,0.0003
1298,504421,998.0138714632867,9,-1.986128536713295,-1.986128536713295,0.3442647912290028,0.05,0,0.0,True,0.1986128536713295,-0.0009941477338677586,-0.15210275247807598,8,69,126,1,0,9,0.0,1123.2000000000003,0.0,-0.6300000000000004,0.0,-22.38671350479126,0.10907139629125595,0.07996398955583572,-105.91019248962402,0.0003
1299,504933,995.4955209776708,11,-4.504479022329178,-4.504479022329178,0.4034266416878911,0.05,0,0.0,True,0.4504479022329178,-0.001737712626909583,-0.20474429947650902,13,60,0,0,1,10,34.94400000000003,953.64096,0.0,0.0,0.0,-22.454623222351074,0.04098298400640488,0.07996395975351334,-106.07850646972656,0.0003
1300,505717,1002.3169,17,2.3168945,2.3168945,0.13616867,0.05,0,0.0,True,-0.23168945,-0.0011561988,-0.2505082419680373,59,77,1103,0,1,16,7.32961,1006.1078,-0.11363725,-5.514999999999905,0.0,-22.38554334640503,0.07308546639978886,0.07996400259435177,-105.78198432922363,0.0003
1301,506226,971.87164,14,-28.128357,-28.128357,0.3680204,0.05,0,0.0,True,2.8128357,-0.00116499,-0.27344533008630856,19,4,44,0,1,13,11.931915,986.07935,0.0,-0.2200000000000001,0.0,-22.379244327545166,0.028654026333242655,0.07996403053402901,-105.90299606323242,0.0003
1302,508140,997.8902,18,-2.1098022,-2.1098022,0.42794245,0.05,0,0.0,True,0.21098024,-0.0061882036,-0.24905033595859993,187,32,3344,1,3,15,46.068428,1172.021,-3.5774086,-16.720000000000958,0.0,-22.43747615814209,0.25189318787306547,0.07996394671499729,-106.10330200195312,0.0003
1303,508651,995.8354,43,-4.164612,-4.164612,0.88802147,0.05,0,0.0,True,0.4164612,-0.012609343,-0.3338309233407886,177,59,710,1,11,32,97.87755,1312.5675,-5.9007487,-3.5499999999999465,0.0,-22.395750999450684,0.036752136424183846,0.07996398955583572,-106.00766181945801,0.0003
1304,509250,989.0314,11,-10.968628,-10.968628,0.016100127,0.05,0,0.0,True,1.0968628,-0.0022451282,-0.19938333269414477,29,21,727,1,0,11,0.0,1053.0944,0.0,-3.6349999999999447,0.0,-22.417086601257324,0.11033402802422643,0.07996397465467453,-106.1192455291748,0.0003
1305,509827,1054.4436,9,54.443604,54.443604,2.8683357,0.05,0,0.0,True,-5.4443607,-0.0011024881,-0.13726897113025188,229,99,73,0,2,7,242.12556,751.519,-0.05481521,-0.3650000000000002,0.0,-22.330379962921143,1.1971454108133912,0.07996399700641632,-105.98861312866211,0.0003
1306,510196,1009.66156,54,9.66156,9.66156,1.1798408,0.05,0,0.0,True,-0.966156,-0.0066705095,-0.3942398008451667,45,36,38,0,13,41,200.02332,1606.0734,-8.834236,-0.19000000000000009,0.0,-22.420729160308838,0.46568919625133276,0.07996400259435177,-106.04490852355957,0.0003
1307,510843,956.9745,83,-43.025513,-43.025513,1.0017843,0.05,0,0.0,True,4.3025513,-0.016688937,-0.3685931397269866,39,27,27,1,21,62,724.57574,4447.142,-20.320261,-0.13500000000000004,0.0,-22.41469430923462,0.08745175506919622,0.0799639318138361,-106.08007049560547,0.0003
1308,511438,988.41425,39,-11.585754,-11.585754,0.21269542,0.05,0,0.0,True,1.1585754,-0.004946186,-0.24321489388836276,42,59,374,1,11,28,102.74983,1152.1747,-1.4847167,-1.8699999999999821,0.0,-22.43461322784424,0.060300329234451056,0.07996398955583572,-105.98940086364746,0.0003
1309,512114,1048.5759,156,48.575928,48.575928,3.7388706,0.05,0,0.0,True,-4.8575926,-0.017287007,-0.8055894785088723,176,60,52,1,43,113,949.1771,4468.9453,-20.125689,-0.2600000000000001,0.0018718166,-22.40128993988037,0.23915748670697212,0.07996399328112602,-105.8465404510498,0.0003
1310,512716,997.3927,16,-2.6072998,-2.6072998,0.06882909,0.05,0,0.0,True,0.26072997,-0.0011584843,-0.16810205772519118,474,92,973,1,1,15,8.823762,1173.3956,-1.5837522,-4.8649999999999185,0.0,-22.468233108520508,0.02686867257580161,0.07996401935815811,-106.00774574279785,0.0003
1311,513250,996.53564,38,-3.4643555,-3.4643555,0.31124833,0.05,0,0.0,True,0.34643555,-0.007837559,-0.3033695690333844,185,55,694,1,4,34,27.808895,1444.1937,-3.5808978,-3.4699999999999482,0.0,-22.390089511871338,0.07259199628606439,0.07996401377022266,-106.00374221801758,0.0003
1312,513886,1000.7658,12,0.7658081,0.7658081,2.1485734225026,0.05,0,0.0,True,-0.07658081,-0.018418266,-0.11347371317446235,3,33,0,2,7,5,1664.206,1200.0,0.0,0.0,0.0,-22.379616737365723,0.05068441480398178,0.07996401935815811,-105.70582580566406,0.0003
1313,514465,1018.42664,22,18.426636,18.426636,1.3790182,0.05,0,0.0,True,-1.8426636,-0.0025717109,-0.2547924515765239,32,47,110,1,2,20,46.802063,1021.43665,0.0,-0.5500000000000004,0.0,-22.45552158355713,0.0765922178979963,0.07996400259435177,-106.1460132598877,0.0003
1314,515004,994.0291092496724,14,-5.970890750327612,-5.970890750327612,0.12566614768994963,0.05,0,0.0,True,0.5970890750327612,-0.0023839353759729366,-0.2384940869748514,26,138,1080,0,1,13,10.86812160000004,1009.0567679999998,0.0,-5.399999999999907,0.0,-22.388330459594727,0.05617244075983763,0.07996401935815811,-105.8734245300293,0.0003
1315,515580,997.7396,19,-2.260376,-2.260376,0.13724658,0.05,0,0.0,True,0.2260376,-0.002302384,-0.34677833065390606,62,44,629,1,1,18,10.033536,988.2941,0.0,-3.144999999999955,0.0,-22.33156156539917,0.43710985500365496,0.0799640454351902,-105.67415809631348,0.0003
1316,516092,999.75586,15,-0.24414062,-0.24414062,0.32834896,0.05,0,0.0,True,0.024414062,-0.0020169215,-0.19308558866381653,15,60,361,0,1,14,65.327354,1233.905,0.0,-1.8049999999999835,0.0,-22.405386924743652,0.07737251790240407,0.07996401935815811,-105.93855667114258,0.0003
1317,516609,987.0135,28,-12.986511,-12.986511,0.24528702,0.05,0,0.0,True,1.2986511,-0.0016975236,-0.34419337491409774,34,13,614,0,7,21,55.373737,1016.5086,-0.62395287,-3.0699999999999568,0.0,-22.449052333831787,0.055127860978245735,0.07996400818228722,-106.02920341491699,0.0003
1318,517175,974.79395,24,-25.206055,-25.206055,0.57275856,0.05,0,0.0,True,2.5206056,-0.004816906,-0.3410281857081799,128,6,328,0,6,18,125.01515,1186.7498,-3.8758705,-1.639999999999987,0.0,-22.39686346054077,0.025091982446610928,0.07996401377022266,-105.9017162322998,0.0003
1319,517685,993.4902,16,-6.5098267,-6.5098267,0.2467894,0.05,0,0.0,True,0.6509827,-0.002660759,-0.2843081706762314,82,53,207,0,1,15,25.775352,962.4972,0.0,-1.035,0.0,-22.364108085632324,0.29792030714452267,0.07996396534144878,-105.96347045898438,0.0003
1320,518204,997.72925,34,-2.270752,-2.270752,0.35594437,0.05,0,0.0,True,0.22707519,-0.0048317807,-0.44512451097369166,221,26,622,0,4,30,44.189774,1310.775,-1.4554459,-3.109999999999956,0.0,-22.380020141601562,0.0371702560223639,0.07996401935815811,-105.53305244445801,0.0003
1321,520066,985.3580211771263,9,-14.641978822873739,-14.641978822873739,0.08432013114754099,0.05,0,0.0,True,1.464197882287374,-0.0046618559827301285,-0.13874431660394,36,67,9155,0,1,8,72.08448,987.98592,0.0,-45.775000000004965,0.0,-22.359519004821777,0.25933927204459906,0.07996403239667416,-105.4359073638916,0.0003
1322,520627,1016.4178,20,16.417786,16.417786,1.0270535,0.05,0,0.0,True,-1.6417787,-0.006259012,-0.22754704403241816,200,59,1371,0,3,17,118.08757,907.116,-0.8222963,-6.854999999999876,0.0,-22.391963481903076,0.12014388851821423,0.07996401377022266,-106.0206413269043,0.0003
1323,521144,725.95593,110,-274.04407,-274.04407,0.01790879,0.05,0,0.0,True,27.404408,-0.01794056,-0.6844181749005922,82,50,23,1,39,71,1174.4244,2497.9534,-9.871473,-0.11500000000000003,0.0,-22.384856700897217,0.05801392486318946,0.07996395975351334,-105.90195274353027,0.0003
1324,521647,978.0104,82,-21.989624,-21.989624,1.8272547,0.05,0,0.0,True,2.1989625,-0.011657513,-0.6934032135513102,214,11,207,0,19,63,314.19937,2739.4956,-19.138304,-1.035,3.281884e-05,-22.33148431777954,0.05119027802720666,0.07996401935815811,-105.42460441589355,0.0003
1325,522178,982.659,51,-17.341003,-17.341003,0.23334897,0.05,0,0.0,True,1.7341003,-0.007573555,-0.4500109142437628,143,8,254,1,9,42,149.01685,1406.8876,-4.7175107,-1.269999999999995,0.0,-22.369290828704834,0.07785994373261929,0.07996398955583572,-105.96488571166992,0.0003
1326,522697,992.2439,22,-7.7561035,-7.7561035,0.11201055,0.05,0,0.0,True,0.7756103,-0.0021629257,-0.29017924921717614,36,37,110,1,3,19,36.23072,1176.4503,-1.9846667,-0.5500000000000004,0.0,-22.420735836029053,0.10268831765279174,0.07996401935815811,-105.76860046386719,0.0003
1327,523353,1002.4527,18,2.4526978,2.4526978,0.23430395,0.05,0,0.0,True,-0.24526979,-0.001137822,-0.3042527849227192,153,57,705,0,2,16,19.041142,1012.42706,-0.36602283,-3.524999999999947,0.0,-22.37491273880005,0.1088626142591238,0.07996401935815811,-105.83282089233398,0.0003
1328,523942,1013.3572532006904,7,13.357253200690366,13.357253200690366,1.2525884733411443,0.05,0,0.0,True,-1.3357253200690364,-0.0005236607979560407,-0.15596955534323517,7,28,99,1,0,7,0.0,1103.9999999999998,0.0,-0.49500000000000033,0.0,-22.363147258758545,0.02973445923998952,0.07996401935815811,-105.83209037780762,0.0003
1329,524257,1008.06665,10,8.06665,8.06665,0.49503738,0.05,0,0.0,True,-0.80666506,-0.0031308427,-0.19756055938365408,24,68,48,0,1,9,17.676065,994.1759999999997,0.0,-0.24000000000000013,0.0,-22.422441482543945,0.04491180181503296,0.0799640454351902,-105.75367546081543,0.0003
1330,524796,982.4538,18,-17.546204,-17.546204,0.19807912,0.05,0,0.0,True,1.7546203,-0.0048264903,-0.1647068625126069,48,34,989,0,2,16,57.72172,1085.446,-2.2227628,-4.944999999999917,0.0,-22.290403366088867,1.3291157446801662,0.07996403239667416,-105.65994262695312,0.0003
1331,525333,992.6683,20,-7.331726,-7.331726,0.020279434,0.05,0,0.0,True,0.7331726,-0.0035743918,-0.2570357913105219,29,86,869,0,2,18,51.385326,964.70044,0.0,-4.34499999999993,0.0,-22.358341693878174,0.2130450182594359,0.07996397465467453,-105.91477394104004,0.0003
1332,525892,993.7138,40,-6.286194,-6.286194,0.18964005,0.05,0,0.0,True,0.6286194,-0.0072914036,-0.29830778747797004,69,71,1018,1,6,34,54.17257,1915.175,-3.338239,-5.089999999999914,0.0,-22.349509239196777,0.42797816544771194,0.0799640454351902,-105.61672592163086,0.0003
1333,526415,988.9691,31,-11.030884,-11.030884,0.3537776,0.05,0,0.0,True,1.1030884,-0.004669437,-0.33079237952828394,49,33,1042,1,3,28,31.090607,1261.5505,-2.840178,-5.209999999999911,0.0,-22.33328342437744,0.27940204832702875,0.07996398955583572,-105.99923324584961,0.0003
1334,526970,1007.4163830582474,6,7.4163830582474475,7.4163830582474475,0.4017869990364056,0.05,0,0.0,True,-0.7416383058247447,-0.0021039550048802427,-0.15061780494210725,370,49,79,0,0,6,0.0,979.1999999999998,0.0,-0.39500000000000024,0.0,-22.367523670196533,0.1989597612991929,0.07996398955583572,-106.0333480834961,0.0003
1335,527479,968.7014,55,-31.298584,-31.298584,1.5819091,0.05,0,0.0,True,3.1298585,-0.007900669,-0.34467814013787873,57,64,24,0,15,40,478.17184,2398.9585,-8.125957,-0.12000000000000004,0.0,-22.41328191757202,0.08023193618282676,0.07996402308344841,-105.80247497558594,0.0003
1336,527708,991.97974,53,-8.020264,-8.020264,0.44365686,0.05,0,0.0,True,0.8020264,-0.0048598624,-0.3174690037220715,85,35,29,1,13,40,183.3616,2167.3293,-3.486581,-0.14500000000000005,0.0,-22.36761236190796,0.26623433269560337,0.07996398955583572,-105.8321762084961,0.0003
1337,528238,1003.39825,21,3.3982544,3.3982544,0.35202646,0.05,0,0.0,True,-0.33982542,-0.0053314427,-0.22606364575976398,43,60,1856,1,2,19,28.216011,996.0039,0.0,-9.28000000000005,0.0,-22.390709400177002,0.08596245618537068,0.07996400259435177,-105.89848899841309,0.0003
1338,528807,1004.3462,20,4.3461914,4.3461914,0.41113895,0.05,0,0.0,True,-0.43461913,-0.002818718,-0.34118114224157575,79,47,386,1,2,18,27.814318,1017.3833,-1.0232663,-1.9299999999999808,0.0,-22.453465938568115,0.06189194414764643,0.07996401377022266,-105.99113082885742,0.0003
1339,529349,1003.8167,26,3.8167114,3.8167114,0.4045207,0.05,0,0.0,True,-0.38167116,-0.0031896676,-0.2647774283678498,216,52,463,1,1,25,10.204662,993.832,-0.19229944,-2.314999999999973,0.0,-22.37077283859253,0.051498668268322945,0.07996400259435177,-105.91550254821777,0.0003
1340,529869,990.1455,31,-9.854492,-9.854492,0.9593853,0.05,0,0.0,True,0.9854492,-0.015994225,-0.261335815522187,42,179,728,0,3,28,26.933603,1144.6555,-11.583231,-3.6399999999999446,0.0,-22.396159172058105,0.11154083791188896,0.07996400259435177,-106.00393486022949,0.0003
1341,530372,995.2006,13,-4.7993774,-4.7993774,0.1048523,0.05,0,0.0,True,0.47993776,-0.0011477496,-0.188536915443982,39,40,1156,0,1,12,14.850327,1027.843,0.0,-5.779999999999899,0.0,-22.369715213775635,0.06549232639372349,0.07996401935815811,-105.66864013671875,0.0003
1342,530881,1018.6556,8,18.655579,18.655579,0.98187274,0.05,0,0.0,True,-1.8655579,-0.0010514236,-0.16922958428926863,17,177,1267,0,1,7,138.624,1052.1693,0.0,-6.334999999999887,0.0,-22.455986976623535,0.06161735998466611,0.07996398955583572,-106.0400333404541,0.0003
1343,531361,996.0387,18,-3.9613037,-3.9613037,0.08716073,0.05,0,0.0,True,0.39613038,-0.0019791415,-0.19903191566467285,20,95,1223,1,1,17,6.96776,1023.9795,0.0,-6.114999999999892,0.0,-22.35222339630127,0.2658385378308594,0.0799640417098999,-106.03645324707031,0.0003
1344,532071,999.4974438807056,8,-0.5025561192943542,-0.5025561192943542,0.26945447587930627,0.05,0,0.0,True,0.050255611929435416,-0.0012044322752546403,-0.1547760243117762,8,92,606,0,1,7,67.2,988.8000000000002,0.0,-3.0299999999999576,0.0,-22.342478275299072,0.09542449563741684,0.07996403239667416,-105.4344711303711,0.0003
1345,532579,1002.8459,28,2.8458862,2.8458862,1.128999,0.05,0,0.0,True,-0.2845886,-0.0032271198,-0.34435814696720624,27,90,164,1,5,23,147.21765,1244.0316,-2.5961597,-0.8200000000000006,0.0,-22.36636209487915,0.17416691640391946,0.07996398955583572,-105.95466041564941,0.0003
1346,533109,790.2923,151,-209.7077,-209.7077,0.5698454,0.05,0,0.0,True,20.97077,-0.020221202,-0.6066880304783508,78,19,14,0,57,94,1223.3062,3606.1726,-21.655655,-0.06999999999999999,0.0,-22.439096450805664,0.18892905861139297,0.07996398955583572,-105.92528915405273,0.0003
1347,533647,992.2425,15,-7.7575073,-7.7575073,0.041798785,0.05,0,0.0,True,0.77575076,-0.004378268,-0.1564102135925179,22,118,1111,0,1,14,7.112698,995.6959,0.0,-5.554999999999904,0.0,-22.398810863494873,0.46958376839756966,0.07996398955583572,-105.85794258117676,0.0003
1348,534214,966.3677,20,-33.632324,-33.632324,0.018834304,0.05,0,0.0,True,3.3632324,-0.0026269364,-0.30332873735500865,72,29,342,0,1,19,24.579296,1034.7432,-0.18241811,-1.7099999999999855,0.0,-22.314520359039307,0.4933180408552289,0.07996398955583572,-105.81988525390625,0.0003
1349,534693,992.5142,17,-7.485779,-7.485779,0.21799076,0.05,0,0.0,True,0.7485779,-0.0017722958,-0.26565025062986825,303,16,447,0,0,17,0.0,981.73566,0.0,-2.2349999999999746,0.0,-22.371775150299072,0.08199367020279169,0.07996396534144878,-105.94448280334473,0.0003
1350,535282,994.4747,18,-5.5253296,-5.5253296,0.1532314,0.05,0,0.0,True,0.552533,-0.010379322,-0.23853115394711488,348,79,511,0,2,16,10.777588,1058.58,-3.5011098,-2.5549999999999677,0.0,-22.351616382598877,0.07888009585440159,0.07996407523751259,-105.41671562194824,0.0003
1351,535822,970.04126,46,-29.95874,-29.95874,0.235766,0.05,0,0.0,True,2.995874,-0.008742538,-0.3833553273975847,57,24,333,1,14,32,111.00306,1095.3173,-2.9029417,-1.6649999999999865,0.0,-22.40327024459839,0.07688577938824892,0.07996395975351334,-106.01114654541016,0.0003
1352,536360,987.5635,21,-12.436523,-12.436523,0.052602287,0.05,0,0.0,True,1.2436523,-0.0040237736,-0.26703534229641546,20,88,923,1,4,17,80.96094,971.11255,0.0,-4.614999999999924,0.0,-22.397263050079346,0.0639779232442379,0.0799640454351902,-105.93081474304199,0.0003
1353,536896,986.6003,5,-13.399719,-13.399719,0.0,0.05,0,0.0,True,1.3399719,-0.0078955535,-0.11347371593117717,4,134,1210,0,0,5,0.0,1133.9441,0.0,-6.049999999999893,0.0,-22.391390800476074,0.05024150665849447,0.07996400259435177,-105.84199523925781,0.0003
1354,537335,992.7172,21,-7.282776,-7.282776,0.39939678,0.05,0,0.0,True,0.72827756,-0.0013859952,-0.30643032235377177,97,20,0,0,2,19,17.28094,1015.84064,-0.43934548,0.0,0.0,-22.35841941833496,0.7056644782423973,0.07996403053402901,-106.15528678894043,0.0003
1355,537801,996.64624,20,-3.3537598,-3.3537598,0.18365993,0.05,0,0.0,True,0.335376,-0.0018223554,-0.21733194455504418,22,28,335,1,2,18,17.24839,1115.7782,-0.6850466,-1.6749999999999863,0.0,-22.356969833374023,0.04188982117921114,0.07996398955583572,-106.1384334564209,0.0003
1356,538170,964.5493,71,-35.450684,-35.450684,0.85224855,0.05,0,0.0,True,3.5450683,-0.0062303967,-0.5557128505826997,68,36,36,0,14,57,143.88159,1996.9979,-7.051773,-0.18000000000000008,0.0,-22.379918098449707,0.06319978274405003,0.07996397465467453,-105.95390510559082,0.0003
1357,538701,973.8214,16,-26.178589,-26.178589,0.21688199,0.05,0,0.0,True,2.617859,-0.0032179425,-0.2117436558008194,24,125,414,0,1,15,19.160038,995.3314,0.0,-2.069999999999978,0.0,-22.34471368789673,0.4296599458903074,0.07996399328112602,-105.94493675231934,0.0003
1358,539305,991.8699,10,-8.130127,-8.130127,0.072679535,0.05,0,0.0,True,0.81301266,-0.00070780696,-0.17948372691869732,14,68,0,1,0,10,0.0,1042.8622,0.0,0.0,0.0,-22.333723068237305,0.04057932551950216,0.07996401935815811,-105.69956588745117,0.0003
1359,539813,996.51715,12,-3.4828491,-3.4828491,0.014128039,0.05,0,0.0,True,0.3482849,-0.0008942471,-0.22619960265094477,138,53,599,0,0,12,0.0,988.5579,0.0,-2.9949999999999584,0.0,-22.378451824188232,0.08523978013545275,0.07996401935815811,-106.11231994628906,0.0003
1360,540316,1021.4432882815343,7,21.44328828153425,21.44328828153425,1.2050451546440115,0.05,0,0.0,True,-2.144328828153425,-0.0016814020287044332,-0.15476202339421924,7,36,0,1,1,6,94.84800000000003,889.3440000000002,0.0,0.0,0.0,-22.37646770477295,0.09336506156250834,0.07996395975351334,-105.92518424987793,0.0003
1361,540872,990.0944,19,-9.905579,-9.905579,0.0086682355,0.05,0,0.0,True,0.99055785,-0.0021737288,-0.30938250981271265,57,136,587,1,0,19,0.0,1016.2837,0.0,-2.9349999999999596,0.0,-22.398091793060303,0.4821186922490597,0.07996400818228722,-105.87715148925781,0.0003
1362,541410,982.3741,9,-17.625916,-17.625916,0.0,0.05,0,0.0,True,1.7625915,-0.0028307321,-0.12909581661224365,281,75,2224,1,0,9,0.0,981.9323,0.0,-11.120000000000339,0.0,-22.336731433868408,0.05868474580347538,0.07996405102312565,-105.5112533569336,0.0003
1363,541746,990.2199,8,-9.78009,-9.78009,0.35185632,0.05,0,0.0,True,0.97800905,-0.00745941,-0.11478990696037131,8,33,36,1,2,6,201.19415,805.34186,0.0,-0.18000000000000008,0.0,-22.396065711975098,0.1900763469748199,0.07996397092938423,-105.95533180236816,0.0003
1364,542281,1003.4592,13,3.4592285,3.4592285,0.23184755,0.05,0,0.0,True,-0.34592286,-0.0040338584,-0.2730120332539082,181,61,332,0,0,13,0.0,988.2506,0.0,-1.6599999999999866,0.0,-22.37532901763916,0.1824695086106658,0.07996398955583572,-106.16747283935547,0.0003
1365,542816,995.38715,27,-4.612854,-4.612854,0.08040332,0.05,0,0.0,True,0.4612854,-0.0016115875,-0.24001561015844336,108,51,205,1,3,24,27.634834,1049.6881,-0.6647017,-1.0250000000000001,0.0,-22.378904819488525,0.22980431746691465,0.07996398396790028,-106.10982704162598,0.0003
1366,543353,977.36914,54,-22.63086,-22.63086,0.3957008,0.05,0,0.0,True,2.2630858,-0.007227995,-0.4553478195518256,170,6,672,1,9,45,86.1456,1589.391,-7.683075,-3.3599999999999506,0.0,-22.399001598358154,0.05447041429579258,0.07996400259435177,-105.90644264221191,0.0003
1367,543883,995.4151,15,-4.5849,-4.5849,0.3330977,0.05,0,0.0,True,0.45849,-0.0015431143,-0.26190241534639336,260,84,678,0,2,13,20.118488,968.14575,0.0,-3.38999999999995,0.0,-22.340993881225586,0.10539312660694122,0.07996402308344841,-105.58589935302734,0.0003
1368,544421,985.8719,17,-14.128113,-14.128113,0.3487417,0.05,0,0.0,True,1.4128113,-0.004075187,-0.236216107159853,220,49,913,0,3,14,107.34047,966.68713,-2.313633,-4.564999999999925,0.0,-22.350753784179688,0.0469135707244277,0.07996399328112602,-105.72677040100098,0.0003
1369,544968,1008.5094,13,8.509399,8.509399,0.5325212,0.05,0,0.0,True,-0.8509399,-0.004064161,-0.21061229102663678,26,66,901,0,0,13,0.0,1090.5024,0.0,-4.504999999999926,0.0,-22.35017156600952,0.6913720509037375,0.07996400818228722,-105.85822677612305,0.0003
1370,545502,998.5512,10,-1.4487915,-1.4487915,0.037774824,0.05,0,0.0,True,0.14487915,-0.0027849032,-0.15596885785460468,3,182,1138,0,1,9,75.89577,1063.2465,0.0,-5.689999999999901,0.0,-22.363576412200928,0.0665062228217721,0.07996398955583572,-105.87408256530762,0.0003
1371,546010,1013.2369,32,13.236877,13.236877,2.4173033,0.05,0,0.0,True,-1.3236878,-0.00763754,-0.28917211785912506,33,34,22,1,11,21,456.97546,1769.0834,-5.8054385,-0.11000000000000003,0.0,-22.435280799865723,0.04348422307521105,0.07996401935815811,-106.05398178100586,0.0003
1372,546521,996.77246,15,-3.227539,-3.227539,0.04519968,0.05,0,0.0,True,0.3227539,-0.002108969,-0.27418310800454604,33,70,1149,1,0,15,0.0,1064.0818,0.0,-5.7449999999999,0.0,-22.368762016296387,0.30701994709670544,0.07996395975351334,-105.77375030517578,0.0003
1373,547106,965.41125,15,-34.588745,-34.588745,0.0,0.05,0,0.0,True,3.4588747,-0.00727437,-0.19970441909591558,249,46,879,0,1,14,150.73596,928.7781,-3.1906385,-4.3949999999999285,0.0,-22.36421775817871,0.5050072814337909,0.07996403053402901,-105.96916580200195,0.0003
1374,547591,996.40045,10,-3.5995483,-3.5995483,0.20064859,0.05,0,0.0,True,0.35995483,-0.000553375,-0.15075750716030592,5,88,165,0,0,10,0.0,1026.959,0.0,-0.8250000000000006,0.0,-22.389325618743896,0.07269535167142749,0.07996395975351334,-105.94765853881836,0.0003
1375,548198,1000.01904,17,0.019042969,0.019042969,0.2518495,0.05,0,0.0,True,-0.0019042969,-0.0019700665,-0.21003291986882672,21,61,96,1,1,16,17.70359,1071.1354,0.0,-0.4800000000000003,0.0,-22.36157464981079,0.12414431944489479,0.07996398955583572,-105.82313346862793,0.0003
1376,548704,967.2654,14,-32.73462,-32.73462,0.006102964,0.05,0,0.0,True,3.2734618,-0.0040130904,-0.2054209106269442,50,94,338,0,2,12,87.11753,906.32153,0.0,-1.689999999999986,0.0,-22.410950183868408,0.5754934535361826,0.07996400818228722,-105.8666934967041,0.0003
1377,549246,1007.20593,10,7.2059326,7.2059326,0.9125986,0.05,0,0.0,True,-0.7205932,-0.002731696,-0.12978541970252985,6,75,52,1,2,8,299.08618,1066.9996,-1.0083779,-0.2600000000000001,0.0,-22.403435230255127,0.15241671353578568,0.07996400259435177,-105.98722076416016,0.0003
1378,549807,989.12054,21,-10.879456,-10.879456,0.0080676535,0.05,0,0.0,True,1.0879455,-0.0018273542,-0.2739045090973376,67,45,258,1,2,19,33.11399,1201.3473,-1.6662619,-1.2899999999999945,0.0,-22.255335807800293,0.4016830902546644,0.07996401935815811,-106.07146263122559,0.0003
1379,550326,990.6597,11,-9.340271,-9.340271,0.030866088,0.05,0,0.0,True,0.93402714,-0.00096661854,-0.2532351812720298,56,20,1309,0,0,11,0.0,1027.6906,0.0,-6.544999999999883,0.0,-22.35444927215576,0.0834392411634326,0.0799640417098999,-105.97739028930664,0.0003
1380,550872,994.4532,20,-5.546814,-5.546814,0.1847883,0.05,0,0.0,True,0.55468136,-0.0022058329,-0.35763574651699737,150,21,540,0,0,20,0.0,987.17896,0.0,-2.6999999999999647,0.0,-22.36028480529785,0.31328362971544266,0.07996398955583572,-105.84617042541504,0.0003
1381,551410,1014.85693,50,14.856934,14.856934,1.2192919,0.05,0,0.0,True,-1.4856933,-0.010334497,-0.3364883404970168,16,23,26,1,14,36,293.11765,1571.3999,-4.8830643,-0.13000000000000003,0.0,-22.262250900268555,0.13878420181572437,0.0799640454351902,-105.80797958374023,0.0003
1382,552500,980.592,19,-19.40802,-19.40802,0.043314077,0.05,0,0.0,True,1.940802,-0.0027325198,-0.2085141674387138,241,69,897,1,3,16,106.47092,894.768,-0.14489837,-4.484999999999927,0.0,-22.365466594696045,0.4213957954198122,0.0799640454351902,-105.77248954772949,0.0003
1383,553088,985.5045,29,-14.495483,-14.495483,0.31494093,0.05,0,0.0,True,1.4495484,-0.005016214,-0.36025422399978,166,20,197,0,7,22,105.08975,1098.3928,-3.4469123,-0.9850000000000008,0.0,-22.26304054260254,0.3620159802958369,0.07996399700641632,-105.86119270324707,0.0003
1384,553619,937.21875,40,-62.78125,-62.78125,0.11769489,0.05,0,0.0,True,6.2781253,-0.014673977,-0.34665004976093766,267,73,357,0,8,32,77.34659,1161.8704,-8.372572,-1.784999999999984,0.0,-22.341512203216553,0.09341644309461117,0.07996399328112602,-105.78997421264648,0.0003
1385,554161,992.8118,34,-7.1881714,-7.1881714,0.37161767,0.05,0,0.0,True,0.7188172,-0.006403494,-0.26151363443566245,549,74,670,1,4,30,114.85024,1165.6008,-2.8609395,-3.349999999999951,0.0,-22.334397315979004,0.3475975771434605,0.07996407523751259,-105.65006828308105,0.0003
1386,554676,971.1856,13,-28.814392,-28.814392,0.12035251,0.05,0,0.0,True,2.8814392,-0.0028308171,-0.2351058624010077,34,22,302,1,0,13,0.0,1016.7834,0.0,-1.5099999999999898,0.0,-22.329076766967773,0.06587141891941428,0.07996398955583572,-105.95566749572754,0.0003
1387,555489,1007.0847,51,7.084717,7.084717,0.82246464,0.05,0,0.0,True,-0.70847166,-0.00429855,-0.38803630948829837,45,114,297,1,8,43,91.817154,1494.8663,-6.1072497,-1.4849999999999903,0.0,-22.34347629547119,0.461189491674304,0.07996401935815811,-105.87093162536621,0.0003
1388,556061,996.0965895083772,11,-3.9034104916228216,-3.9034104916228216,0.07676001910044129,0.05,0,0.0,True,0.3903410491622821,-0.000930561627670636,-0.14773827305766046,19,196,1592,1,0,11,0.0,1013.3760000000002,0.0,-7.9599999999998525,0.0,-22.248098850250244,0.1041964627802372,0.07996398955583572,-105.9451961517334,0.0003
1389,556580,993.73114,15,-6.26886,-6.26886,0.109030746,0.05,0,0.0,True,0.626886,-0.0020403427,-0.3060984544125538,100,31,544,1,0,15,0.0,1048.9027,0.0,-2.7199999999999642,0.0,-22.31865692138672,0.30029602721333504,0.07996402680873871,-105.88405418395996,0.0003
1390,557182,982.8815,17,-17.11853,-17.11853,0.13345665,0.05,0,0.0,True,1.711853,-0.0033306305,-0.3010297179222108,63,78,967,0,0,17,0.0,1053.7501,0.0,-4.834999999999919,0.0,-22.362164974212646,0.060936031863093376,0.07996395975351334,-106.11886596679688,0.0003
1391,557822,920.9854,83,-79.01459,-79.01459,0.2208951,0.05,0,0.0,True,7.9014583,-0.025486847,-0.7044903234392409,73,3,401,0,24,59,574.51965,2380.501,-37.953735,-2.0049999999999795,0.0,-22.330775260925293,0.2228639768436551,0.07996398955583572,-105.83782768249512,0.0003
1392,558382,1000.4595,8,0.45947266,0.45947266,0.13904892,0.05,0,0.0,True,-0.045947265,-0.0008615991,-0.17180989608168612,113,131,195,0,0,8,0.0,991.36957,0.0,-0.9750000000000008,0.0,-22.231013774871826,0.46609291434288025,0.07996406964957714,-105.936279296875,0.0003
1393,558914,990.04144,21,-9.958557,-9.958557,0.02430617,0.05,0,0.0,True,0.9958557,-0.0038312417,-0.22630132153630267,31,59,1496,1,1,20,5.588742,1198.3955,-1.9628597,-7.479999999999863,0.0,-22.395206928253174,0.06276370398700237,0.07996395975351334,-106.02751350402832,0.0003
1394,559444,927.4923,56,-72.50769,-72.50769,0.5042182,0.05,0,0.0,True,7.2507687,-0.0047463938,-0.4701332229375841,31,20,15,0,16,40,228.18677,2038.5394,-5.808674,-0.075,0.0,-22.3640456199646,0.09017036063596606,0.07996398955583572,-105.96268463134766,0.0003
1395,559963,1013.8712,29,13.871216,13.871216,1.076238,0.05,0,0.0,True,-1.3871217,-0.0033298566,-0.2814501890050655,19,17,173,1,6,23,146.01668,1207.5674,-1.9766884,-0.8650000000000007,0.0,-22.296163082122803,0.06838144175708294,0.07996401935815811,-105.86623191833496,0.0003
1396,560399,1013.8287,17,13.828674,13.828674,0.7582909,0.05,0,0.0,True,-1.3828675,-0.0011089508,-0.2549720480293034,20,56,381,0,0,17,0.0,997.6387,0.0,-1.9049999999999814,0.0,-22.37855625152588,0.4245206490159035,0.07996397092938423,-105.90896987915039,0.0003
1397,560971,1038.9238,16,38.92383,38.92383,2.1010602,0.05,0,0.0,True,-3.892383,-0.0044729775,-0.2576291012763977,415,44,269,0,0,16,0.0,982.2848,0.0,-1.3449999999999933,0.0,-22.39607048034668,0.06132758175954223,0.07996399700641632,-105.85944366455078,0.0003
1398,561478,995.59515,10,-4.404846,-4.404846,0.2821856,0.05,0,0.0,True,0.4404846,-0.0009987305,-0.16961720985940187,27,32,9,1,1,9,63.95369,925.3873,0.0,-0.045,0.0,-22.37526798248291,0.10742809437215328,0.07996398396790028,-105.98062515258789,0.0003
1399,562048,991.9592,31,-8.0407715,-8.0407715,1.0679654,0.05,0,0.0,True,0.8040772,-0.00461898,-0.26633699491541846,32,36,196,0,10,21,233.19583,1192.6511,-2.512114,-0.9800000000000008,0.0,-22.388311862945557,0.03547324612736702,0.0799640417098999,-105.87371635437012,0.0003
1400,562555,1006.5239,13,6.523926,6.523926,0.42478544,0.05,0,0.0,True,-0.65239257,-0.0016129903,-0.1878609724995446,211,86,40,1,5,8,267.2401,725.39526,-0.06606461,-0.2000000000000001,0.0,-22.388240814208984,0.05503062903881073,0.07996399700641632,-106.11099052429199,0.0003
1401,563083,934.2295,38,-65.77051,-65.77051,0.09764706,0.05,0,0.0,True,6.5770507,-0.0055053295,-0.2725580837709593,102,31,636,0,5,33,81.859474,1207.7534,-5.6244035,-3.1799999999999544,0.0,-22.37374448776245,0.032820599153637886,0.07996401935815811,-105.84361457824707,0.0003
1402,563649,1014.64984,22,14.649841,14.649841,0.97262025,0.05,0,0.0,True,-1.464984,-0.0026286377,-0.22100819303780014,31,102,965,0,2,20,19.84507,1050.5917,-0.8120422,-4.824999999999919,0.0,-22.37350368499756,0.08418888878077269,0.07996401935815811,-105.90829467773438,0.0003
1403,564174,967.86096,22,-32.139038,-32.139038,0.07856543,0.05,0,0.0,True,3.2139037,-0.019824086,-0.1961655420219122,300,143,1244,1,4,18,137.78549,1286.8057,-6.6860514,-6.21999999999989,0.0,-22.352948665618896,0.1283550877124071,0.07996397465467453,-105.80694198608398,0.0003
1404,564677,998.24133,11,-1.758667,-1.758667,0.051654495,0.05,0,0.0,True,0.1758667,-0.0020715583,-0.14582828328013422,14,40,1147,0,0,11,0.0,1018.2833,0.0,-5.7349999999999,0.0,-22.38108205795288,0.05783618241548538,0.07996401935815811,-105.76560592651367,0.0003
1405,565185,979.5985,16,-20.40149,-20.40149,0.7312443,0.05,0,0.0,True,2.040149,-0.0019091757,-0.2099173408001661,9,80,148,1,2,14,85.31506,1035.8457,-0.9223867,-0.7400000000000005,0.0,-22.298147678375244,0.5691842390224338,0.07996403612196445,-105.39725112915039,0.0003
1406,565902,922.96564,98,-77.03436,-77.03436,1.9506826,0.05,0,0.0,True,7.7034364,-0.04935863,-0.5699068261351956,126,86,699,0,25,73,280.20428,2001.4037,-32.54744,-3.4949999999999477,0.0,-22.34785509109497,0.08369707595556974,0.07996401935815811,-105.89587593078613,0.0003
1407,566438,999.1682,9,-0.8317871,-0.8317871,0.11677044,0.05,0,0.0,True,0.083178714,-0.002893477,-0.256264784394125,167,60,1297,1,0,9,0.0,987.20416,0.0,-6.484999999999884,0.0,-22.376227855682373,0.2981881592422724,0.07996401935815811,-105.81478118896484,0.0003
1408,566981,1002.659,17,2.6589966,2.6589966,0.4031726,0.05,0,0.0,True,-0.26589966,-0.0019285927,-0.144358986877988,18,30,259,0,0,17,0.0,1039.6403,0.0,-1.2949999999999944,0.0,-22.383501529693604,0.24971086019650102,0.07996401935815811,-106.08688163757324,0.0003
1409,500561,1006.8586,16,6.8585815,6.8585815,0.6824126,0.05,0,0.0,True,-0.6858582,-0.0013674765,-0.22171357452999668,286,198,499,1,2,14,21.638176,994.0305,-0.30476302,-2.494999999999969,0.0,-22.36815309524536,0.5703512062318623,0.07996397837996483,-105.94163131713867,0.0003
1410,501146,997.46,22,-2.539978,-2.539978,0.010606298,0.05,0,0.0,True,0.2539978,-0.0042917654,-0.24743937782943254,21,56,1063,0,3,19,18.842316,1021.2166,-0.82762325,-5.314999999999909,0.0,-22.352986335754395,0.4831793438643217,0.0799640603363514,-105.62596130371094,0.0003
1411,501680,965.6322,73,-34.367798,-34.367798,0.19292659,0.05,0,0.0,True,3.4367795,-0.006795885,-0.5242207466404765,137,32,460,1,20,53,316.0577,1544.107,-5.696251,-2.299999999999973,0.0,-22.418221473693848,0.029621809720993042,0.07996398955583572,-105.9636402130127,0.0003
1412,502184,984.9417494828188,12,-15.05825051718125,-15.05825051718125,0.17592579937278668,0.05,0,0.0,True,1.5058250517181249,-0.004845320993534454,-0.2497734408597731,34,45,269,1,1,11,19.491643391999997,977.2597493760001,0.0,-1.3449999999999933,0.0,-22.37880563735962,0.6889796294271946,0.07996401935815811,-105.78703880310059,0.0003
1413,502727,989.33044,14,-10.669556,-10.669556,0.0981684,0.05,0,0.0,True,1.0669556,-0.0017184044,-0.1798185126483441,15,450,392,1,1,13,27.115278,968.7538,0.0,-1.9599999999999802,0.0,-22.33081865310669,0.39816757244989276,0.07996402308344841,-105.8405990600586,0.0003
1414,505432,976.93866,52,-23.06134,-23.06134,0.27936828,0.05,0,0.0,True,2.306134,-0.009469786,-0.4654491458708581,647,68,10224,1,12,40,186.3235,1404.7523,-11.865847,-51.1200000000077,0.0,-22.379318237304688,0.17499898001551628,0.07996396534144878,-105.70547866821289,0.0003
1415,505970,976.04694,83,-23.953064,-23.953064,0.4884758,0.05,0,0.0,True,2.3953063,-0.010773822,-0.5829907886622079,70,15,140,1,21,62,291.78268,1839.4839,-11.089033,-0.7000000000000005,0.0,-22.374892234802246,0.4174776808358729,0.07996403612196445,-105.80986213684082,0.0003
1416,506483,1006.81,6,6.8099976,6.8099976,0.52725506,0.05,0,0.0,True,-0.68099976,-0.0011622058,-0.11347371540963654,4,55,9,0,0,6,0.0,1218.9727,0.0,-0.045,0.0,-22.42720890045166,0.07246467564254999,0.07996398955583572,-106.01905632019043,0.0003
1417,507014,993.84503,16,-6.1549683,-6.1549683,0.073821254,0.05,0,0.0,True,0.6154968,-0.0029846744,-0.22697353728115566,30,49,381,1,2,14,59.729153,1028.4622,-0.71487695,-1.9049999999999814,0.0,-22.277557849884033,0.31393133103847504,0.07996399328112602,-105.73733520507812,0.0003
1418,507591,979.8259,24,-20.174072,-20.174072,0.19967806,0.05,0,0.0,True,2.0174074,-0.0035329314,-0.18678214907646185,93,40,78,1,4,20,234.69878,1350.8522,-3.45288,-0.39000000000000024,0.0,-22.378737926483154,0.1077137952670455,0.0799640454351902,-105.7596492767334,0.0003
1419,508130,961.11346,19,-38.886536,-38.886536,0.09985257,0.05,0,0.0,True,3.8886535,-0.004312611,-0.20123302176594723,79,69,148,1,4,15,142.94997,985.8319,-1.2742897,-0.7400000000000005,0.0,-22.382739067077637,0.07536701578646898,0.07996395975351334,-105.89070701599121,0.0003
1420,508387,987.4581,29,-12.54187,-12.54187,1.3632725,0.05,0,0.0,True,1.254187,-0.0030599632,-0.2109542658443104,44,53,201,0,3,26,45.166077,1087.7466,-0.23789448,-1.0050000000000006,0.0,-22.355430603027344,0.08298770524561405,0.07996400259435177,-105.6849536895752,0.0003
1421,508915,998.7576,23,-1.2423706,-1.2423706,0.40918794,0.05,0,0.0,True,0.12423706,-0.0062362063,-0.24690356377157363,265,102,305,0,3,20,40.791534,1177.3011,-3.8793283,-1.5249999999999895,0.0,-22.39230728149414,0.39401714969426394,0.0799640454351902,-105.85672950744629,0.0003
1422,509460,989.9564,24,-10.043579,-10.043579,0.6846565,0.05,0,0.0,True,1.0043579,-0.017273653,-0.2133881020796684,70,80,631,1,2,22,19.241533,1346.5437,-12.710007,-3.154999999999955,0.0,-22.40395975112915,0.041294282767921686,0.07996400259435177,-105.71540069580078,0.0003
1423,510024,982.04694,28,-17.953064,-17.953064,0.0019198233,0.05,0,0.0,True,1.7953064,-0.0024124417,-0.33913230769265484,111,8,141,1,5,23,65.04979,1027.0729,-0.82804614,-0.7050000000000005,0.0,-22.416502952575684,0.03283566515892744,0.07996400259435177,-105.60752296447754,0.0003
1424,510540,1006.54254,20,6.5425415,6.5425415,0.8442009,0.05,0,0.0,True,-0.65425414,-0.005196157,-0.3706878035553609,144,0,28,0,4,16,40.730976,949.21423,-0.06716466,-0.14000000000000004,0.0,-22.430260181427002,0.21612642658874393,0.07996396534144878,-106.0571060180664,0.0003
1425,511081,1044.4766,34,44.476562,44.476562,2.851336,0.05,0,0.0,True,-4.447656,-0.008335446,-0.2995527301728726,53,29,439,1,8,26,317.4548,1114.7019,-4.0314484,-2.1949999999999754,0.0,-22.307719230651855,0.5462332209572196,0.07996401935815811,-105.81351661682129,0.0003
1426,511698,977.50604,9,-22.493958,-22.493958,0.03599376,0.05,0,0.0,True,2.2493956,-0.0012373152,-0.17469612173736093,18,64,440,1,0,9,0.0,1054.9445,0.0,-2.1999999999999753,0.0,-22.41316509246826,0.483194493688643,0.07996401935815811,-105.73324012756348,0.0003
1427,512205,996.6478,14,-3.3521729,-3.3521729,0.13033715,0.05,0,0.0,True,0.3352173,-0.0015676544,-0.2859859419747834,58,97,221,1,0,14,0.0,997.4586,0.0,-1.1049999999999984,0.0,-22.36921215057373,0.03553569782525301,0.07996398955583572,-105.84844589233398,0.0003
1428,512730,992.0212,20,-7.978821,-7.978821,0.12394486,0.05,0,0.0,True,0.79788214,-0.0024330183,-0.19568972930312156,131,87,0,0,3,17,20.141676,1179.831,-0.23948774,0.0,0.0,-22.33664321899414,0.036348466761410236,0.0799640454351902,-105.70859909057617,0.0003
1429,513246,939.9973,31,-60.002686,-60.002686,6.563062e-05,0.05,0,0.0,True,6.0002685,-0.011519601,-0.3748500947820764,148,45,663,1,7,24,156.85168,1041.564,-8.917443,-3.3149999999999515,0.0,-22.37969160079956,0.058112879283726215,0.07996398955583572,-105.93840599060059,0.0003
1430,513756,996.9549,46,-3.045105,-3.045105,0.50964755,0.05,0,0.0,True,0.3045105,-0.0031920692,-0.4112837504992319,45,32,48,0,7,39,111.38052,1548.8517,-4.6260076,-0.24000000000000013,0.0,-22.3616886138916,0.07917400589212775,0.07996401935815811,-105.77261161804199,0.0003
1431,514274,1004.7017,12,4.701721,4.701721,0.36367336,0.05,0,0.0,True,-0.4701721,-0.004187748,-0.2654951822073633,70,49,635,0,0,12,0.0,995.86115,0.0,-3.1749999999999545,0.0,-22.428959369659424,0.4557469147257507,0.07996401935815811,-105.9440746307373,0.0003
1432,515095,1030.6876,54,30.687622,30.687622,3.7276223,0.05,0,0.0,True,-3.0687623,-0.007870642,-0.3701934895664453,617,203,1475,1,15,39,288.3842,1380.3977,-7.3461137,-7.374999999999865,0.0,-22.341300010681152,0.3250959285069257,0.0799640454351902,-105.74304389953613,0.0003
1433,515615,1005.38245,28,5.3824463,5.3824463,1.1647954,0.05,0,0.0,True,-0.5382446,-0.0029139759,-0.27796603282644816,21,10,0,0,7,21,193.07849,1144.1,-1.2858931,0.0,0.0,-22.33033275604248,0.25578174996189773,0.07996401377022266,-106.00848960876465,0.0003
1434,516142,989.63434,14,-10.365662,-10.365662,0.04667254,0.05,0,0.0,True,1.0365661,-0.0016545054,-0.22055982160596796,27,113,514,1,0,14,0.0,1031.4243,0.0,-2.5699999999999674,0.0,-22.401972770690918,0.0673199612647295,0.07996400259435177,-106.05595970153809,0.0003
1435,516650,994.73505,14,-5.2649536,-5.2649536,0.0030917365,0.05,0,0.0,True,0.5264954,-0.0011115079,-0.30928318033872104,35,53,238,1,1,13,8.011202,990.6537,0.0,-1.1899999999999966,0.0,-22.372780799865723,0.07452757842838764,0.07996398955583572,-105.92728042602539,0.0003
1436,516938,997.4968,44,-2.5031738,-2.5031738,0.7540066,0.05,0,0.0,True,0.26940644,-0.0045927134,-0.38603662890432255,54,70,26,0,15,29,199.77118,1511.2642,-3.5632122,-0.13000000000000003,0.0009569853,-22.35822868347168,0.4135528220795095,0.0799640454351902,-105.8353271484375,0.0003
1437,517474,1006.7719,19,6.7719116,6.7719116,0.60380745,0.05,0,0.0,True,-0.67719114,-0.0049812538,-0.2874685002661251,46,80,331,0,3,16,38.33706,1019.566,-4.7004485,-1.6549999999999867,0.0,-22.40765953063965,0.06892727874219418,0.07996402867138386,-105.52201652526855,0.0003
1438,518001,964.8236,13,-35.17639,-35.17639,0.24654543,0.05,0,0.0,True,3.5176392,-0.0027838151,-0.1746493414789438,22,100,1130,0,1,12,45.921593,992.3463,0.0,-5.649999999999902,0.0,-22.406392097473145,0.05287203844636679,0.0799640454351902,-106.03687477111816,0.0003
1439,518543,920.21594,19,-79.78406,-79.78406,0.033078473,0.05,0,0.0,True,7.978406,-0.06285997,-0.17249644776170842,321,80,900,0,7,12,285.048,786.64233,-9.28883,-4.499999999999926,0.0,-22.36610507965088,0.0661616763100028,0.07996401935815811,-105.69513320922852,0.0003
1440,519065,1001.36395,14,1.3639526,1.3639526,0.1482672,0.05,0,0.0,True,-0.13639526,-0.00066827063,-0.16051233462417727,62,53,121,0,1,13,5.3214407,999.113,-0.13303588,-0.6050000000000004,0.0,-22.395347595214844,0.3565021138638258,0.07996401935815811,-106.0450496673584,0.0003
1441,519579,971.2926,47,-28.707397,-28.707397,0.5302643,0.05,0,0.0,True,2.8707397,-0.0052596815,-0.49949009789290105,71,8,0,0,10,37,229.6762,1932.3268,-5.4961076,0.0,0.0,-22.35116195678711,0.12253197468817234,0.07996398955583572,-105.93599128723145,0.0003
1442,520086,970.6642,29,-29.335815,-29.335815,0.39222708,0.05,0,0.0,True,2.9335816,-0.008766178,-0.4359371913432235,218,70,679,1,5,24,63.244045,1149.671,-3.7345424,-3.39499999999995,0.0,-22.415451526641846,0.04187797708436847,0.07996398955583572,-106.07284736633301,0.0003
1443,520619,999.5585,10,-0.44152832,-0.44152832,0.047167946,0.05,0,0.0,True,0.044152834,-0.00082539656,-0.18057863853871828,15,159,892,1,0,10,0.0,1001.6903,0.0,-4.459999999999927,0.0,-22.45948076248169,0.06334130000323057,0.07996401935815811,-105.92181205749512,0.0003
1444,521201,996.87085,27,-3.1291504,-3.1291504,0.18978028,0.05,0,0.0,True,0.31291506,-0.0028987261,-0.3067406363785265,86,63,889,1,2,25,19.749924,1105.8262,-1.1161252,-4.4449999999999275,0.0,-22.30939531326294,0.28507633600383997,0.07996400259435177,-105.8884506225586,0.0003
1445,521683,1026.315,12,26.314941,26.314941,1.4693995,0.05,0,0.0,True,-2.6314943,-0.010201402,-0.16364260318416435,142,45,145,1,1,11,97.30129,891.4837,0.0,-0.7250000000000005,0.0,-22.435587882995605,0.05379412788897753,0.07996401935815811,-105.9300365447998,0.0003
1446,522232,958.50934,24,-41.49066,-41.49066,0.047610775,0.05,0,0.0,True,4.1490664,-0.0058472403,-0.24916043583571454,38,70,282,1,4,20,143.24101,1014.38666,-2.8736618,-1.409999999999992,0.0,-22.298312664031982,0.629049688577652,0.07996401935815811,-105.88215446472168,0.0003
1447,522843,997.63336,12,-2.3666382,-2.3666382,0.04265035,0.05,0,0.0,True,0.23666383,-0.0028805244,-0.2861125989846487,100,34,289,0,0,12,0.0,994.3435,0.0,-1.4449999999999912,0.0,-22.40651273727417,0.05661657964810729,0.07996397092938423,-106.11027145385742,0.0003
1448,523560,1025.199,14,25.198975,25.198975,1.326265,0.05,0,0.0,True,-2.5198975,-0.0081917,-0.20059434324502942,17,96,721,0,0,14,0.0,998.65753,0.0,-3.6049999999999454,0.0,-22.364074230194092,0.040739407762885094,0.07996401935815811,-105.8415699005127,0.0003
1449,523794,990.6403,61,-9.35968,-9.35968,0.34556404,0.05,0,0.0,True,0.93596804,-0.01141144,-0.5708591940253972,141,17,8,1,16,45,224.39326,1517.5562,-14.136987,-0.04,0.0,-22.366862297058105,0.5624336209148169,0.07996400259435177,-105.70971870422363,0.0003
1450,524364,997.9572,18,-2.0427856,-2.0427856,0.12554964,0.05,0,0.0,True,0.20427857,-0.0022045728,-0.21177039149548926,151,121,915,0,2,16,16.483212,975.35144,0.0,-4.574999999999925,0.0,-22.33142328262329,0.13284747675061226,0.07996400259435177,-105.71989631652832,0.0003
1451,524873,999.2092,23,-0.7907715,-0.7907715,0.17183408,0.05,0,0.0,True,0.07907715,-0.0022737829,-0.27201221665434455,283,162,435,1,4,19,59.932922,1118.5267,-1.7316426,-2.174999999999976,0.0,-22.384765625,0.14486066065728664,0.07996398955583572,-106.06903076171875,0.0003
1452,525382,996.1008,18,-3.89917,-3.89917,0.21251264,0.05,0,0.0,True,0.389917,-0.002895726,-0.2539678013909852,59,73,980,1,3,15,59.215286,1026.865,-0.70014334,-4.899999999999918,0.0,-22.40552520751953,0.34875539131462574,0.07996396534144878,-105.95979118347168,0.0003
1453,526023,1000.8512106328704,11,0.8512106328704476,0.8512106328704476,0.08434756262800093,0.05,0,0.0,True,-0.08512106328704476,-0.0011435750542956036,-0.2543105648195739,38,45,107,1,0,11,0.0,995.7255167999999,0.0,-0.5350000000000004,0.0,-22.39028549194336,0.17866130452603102,0.07996401377022266,-105.83480072021484,0.0003
1454,527927,1007.1424,14,7.142395,7.142395,0.45493925,0.05,0,0.0,True,-0.71423954,-0.0066540055,-0.23118514842727492,543,41,4231,0,0,14,0.0,984.4126,0.0,-21.155000000000076,0.0,-22.37835931777954,0.03489848366007209,0.07996401935815811,-105.92573356628418,0.0003
1455,528190,993.9869,27,-6.0131226,-6.0131226,0.046238504,0.05,0,0.0,True,0.6013122,-0.0018953255,-0.22425846084952356,24,36,354,1,1,26,15.061875,1032.1646,-0.76401,-1.7699999999999843,0.0,-22.357053756713867,0.25350433960556984,0.0799640454351902,-105.58859634399414,0.0003
1456,528723,927.96643,10,-72.03357,-72.03357,0.0971933,0.05,0,0.0,True,7.2033567,-0.014713614,-0.17671936379531414,14,74,1312,0,1,9,53.459652,1011.7096,0.0,-6.559999999999882,0.0,-22.431116104125977,0.17361350590363145,0.07996402680873871,-105.92146492004395,0.0003
1457,529287,1040.3467,27,40.34668,40.34668,2.3140728,0.05,0,0.0,True,-4.034668,-0.0022230104,-0.23035243324935428,14,17,43,1,6,21,213.53885,1174.056,-1.0719147,-0.2150000000000001,0.0,-22.330002784729004,0.07815776392817497,0.07996403239667416,-105.65372276306152,0.0003
1458,529816,986.16925,10,-13.8307495,-13.8307495,0.3867793,0.05,0,0.0,True,1.3830749,-0.00086437014,-0.15967871688306332,3,16,22,0,0,10,0.0,1019.9763,0.0,-0.11000000000000003,0.0,-22.343899726867676,0.3043566597625613,0.0799640454351902,-105.90713119506836,0.0003
1459,530376,1003.0392,21,3.0391846,3.0391846,0.31242257,0.05,0,0.0,True,-0.30391845,-0.0019139433,-0.234213865289796,18,126,178,0,4,17,24.068855,1493.3599,-0.536405,-0.8900000000000007,0.0,-22.358248233795166,0.13252923544496298,0.07996400259435177,-105.9683666229248,0.0003
1460,530618,989.1589,43,-10.8411255,-10.8411255,0.24466155,0.05,0,0.0,True,1.0841125,-0.005800935,-0.33896741909154643,94,22,132,1,13,30,170.23314,1204.9174,-3.2763069,-0.6600000000000005,0.0,-22.43022632598877,0.1313884099945426,0.07996404729783535,-105.55107116699219,0.0003
1461,530777,990.9227,25,-9.0772705,-9.0772705,0.14203799,0.05,0,0.0,True,0.90772706,-0.0053028283,-0.22314787611365325,61,28,0,1,4,21,49.480633,1249.8348,-3.0530853,0.0,0.0,-22.394604682922363,0.11963053233921528,0.07996398955583572,-105.88967514038086,0.0003
1462,531393,987.17114,25,-12.828857,-12.828857,0.2722608,0.05,0,0.0,True,1.2828858,-0.0025512006,-0.294033766234651,615,163,507,1,3,22,58.878746,1139.0948,-0.841061,-2.534999999999968,0.0,-22.348989009857178,0.5750436186790466,0.07996407523751259,-105.36721420288086,0.0003
1463,531908,995.8499747419801,11,-4.150025258019923,-4.150025258019923,0.0,0.05,0,0.0,True,0.4150025258019923,-0.0005880187094815009,-0.2191405630216072,31,85,307,1,0,11,0.0,996.6360576000003,0.0,-1.5349999999999893,0.0,-22.306601524353027,0.1581330350600183,0.07996408641338348,-105.72514915466309,0.0003
1464,532443,983.18207,14,-16.817932,-16.817932,0.05736154,0.05,0,0.0,True,1.6817933,-0.004191896,-0.2099125844240189,59,48,204,1,2,12,121.8326,900.4998,0.0,-1.0200000000000002,0.0,-22.32470703125,0.2962663099169731,0.07996401935815811,-105.66315269470215,0.0003
1465,532965,1006.23645,35,6.23645,6.23645,1.2609091,0.05,0,0.0,True,-0.623645,-0.0047574188,-0.24263166901985642,67,11,0,0,9,26,217.96791,1193.6438,-1.0050049,0.0,0.0,-22.355019569396973,0.04133831150829792,0.07996398955583572,-105.92728614807129,0.0003
1466,533492,664.38873,106,-335.61127,-335.61127,0.0,0.05,0,0.0,True,33.561127,-0.07401034,-0.4635770977005235,391,50,659,0,24,82,787.76904,2368.7476,-68.32611,-3.294999999999952,0.0,-22.329638481140137,0.10646542441099882,0.07996399328112602,-105.7515640258789,0.0003
1467,534016,967.6623,140,-32.337708,-32.337708,2.802812,0.05,0,0.0,True,3.2337706,-0.02125945,-0.6920111960848063,276,0,120,0,33,107,425.92557,3321.8472,-25.829374,-0.6000000000000004,0.0,-22.346408367156982,0.15749003645032644,0.0799640454351902,-105.34382247924805,0.0003
1468,534539,998.1226,44,-1.8773804,-1.8773804,1.4652947,0.05,0,0.0,True,0.18773805,-0.009778328,-0.1985201315103401,132,70,971,0,6,38,69.82641,1899.4406,-7.978909,-4.854999999999919,0.0,-22.39240789413452,0.49466212559491396,0.07996398955583572,-105.79277420043945,0.0003
1469,535079,999.7364,27,-0.26361084,-0.26361084,0.34972164,0.05,0,0.0,True,0.026361082,-0.0050514094,-0.2677383270642451,320,79,676,1,5,22,133.99695,1066.33,-1.4193494,-3.37999999999995,0.0,-22.31883478164673,0.07881045900285244,0.07996397465467453,-105.86915969848633,0.0003
1470,535606,993.9272,37,-6.072815,-6.072815,0.43783903,0.05,0,0.0,True,0.6072815,-0.003967346,-0.29532202281057834,56,32,205,1,7,30,70.38604,1531.3424,-2.7118587,-1.0250000000000001,0.0,-22.429166793823242,0.031743912026286125,0.07996401935815811,-105.85862159729004,0.0003
1471,536127,956.54144,55,-43.458557,-43.458557,0.44909248,0.05,0,0.0,True,4.3458557,-0.011949421,-0.7731950686876196,355,4,214,1,14,41,215.82843,1177.3729,-11.6410475,-1.0699999999999992,0.0,-22.28717565536499,0.08252580184489489,0.07996401935815811,-105.52647590637207,0.0003
1472,536671,1000.89716,17,0.89715576,0.89715576,0.16618559,0.05,0,0.0,True,-0.08971558,-0.0011666729,-0.3190813819999115,46,67,862,1,2,15,17.249151,987.66833,0.0,-4.30999999999993,0.0,-22.356674671173096,0.11245013121515512,0.07996398955583572,-105.80951881408691,0.0003
1473,537186,984.3164,16,-15.683594,-15.683594,0.27256075,0.05,0,0.0,True,1.5683594,-0.0022951132,-0.22150764457984248,42,19,283,1,0,16,0.0,996.29614,0.0,-1.4149999999999918,0.0,-22.342859745025635,0.5178346671164036,0.07996401377022266,-105.68389129638672,0.0003
1474,537690,989.9453,15,-10.0546875,-10.0546875,0.083648,0.05,0,0.0,True,1.0054687,-0.0012608537,-0.18496941156141547,12,34,0,1,3,12,34.877804,1011.315,-0.23819247,0.0,0.0,-22.412524700164795,0.056083290837705135,0.07996401377022266,-105.99643135070801,0.0003
1475,538261,995.9508,25,-4.0491943,-4.0491943,0.10932914,0.05,0,0.0,True,0.40491945,-0.0029070608,-0.3698518175442237,54,26,584,0,5,20,51.22163,1079.7217,-1.1651541,-2.91999999999996,0.0,-22.376275539398193,0.1710511613637209,0.07996401935815811,-105.72130584716797,0.0003
1476,538790,954.15234,151,-45.847656,-45.847656,0.90192544,0.05,0,0.0,True,4.584766,-0.0125442725,-0.8279277357566307,103,28,14,0,48,103,722.93353,3264.2498,-11.880616,-0.06999999999999999,0.0,-22.3126802444458,0.25384107092395425,0.07996402680873871,-105.77768516540527,0.0003
1477,539329,999.6788997987711,8,-0.32110020122888727,-0.32110020122888727,0.041320180447027115,0.05,0,0.0,True,0.03211002012288873,-0.0007541700363701477,-0.14055398565705754,5,95,599,1,0,8,0.0,998.4000000000001,0.0,-2.9949999999999584,0.0,-22.435175895690918,0.04898244747892022,0.07996398396790028,-106.02817153930664,0.0003
1478,539958,951.2147,8,-48.78528,-48.78528,0.0,0.05,0,0.0,True,4.8785276,-0.017020633,-0.12254634998738761,183,64,1369,1,2,6,257.93588,727.25195,0.0,-6.844999999999876,0.0,-22.43460464477539,0.02792861917987466,0.07996397465467453,-105.92106246948242,0.0003
1479,540486,992.9002,26,-7.0997925,-7.0997925,0.12047344,0.05,0,0.0,True,0.70997924,-0.004570586,-0.23336049303412434,31,73,294,1,2,24,33.375454,1055.7792,-3.3461056,-1.4699999999999906,0.0,-22.325444221496582,0.47306036949157715,0.0799640454351902,-105.80710983276367,0.0003
1480,541072,994.8934,27,-5.1066284,-5.1066284,0.13161702,0.05,0,0.0,True,0.51066285,-0.0037036664,-0.18075036771595476,283,67,849,1,8,19,67.2591,1282.1714,-1.2361572,-4.244999999999932,0.0,-22.40619993209839,0.17212670855224133,0.07996397092938423,-105.80997657775879,0.0003
1481,541641,966.357,80,-33.643005,-33.643005,0.01367904,0.05,0,0.0,True,3.3643003,-0.0047066687,-0.4113005928695204,36,94,15,1,13,67,231.6425,2540.8152,-4.380344,-0.075,0.0005291864,-22.398837566375732,0.05193126108497381,0.07996401935815811,-105.89923667907715,0.0003
1482,542168,992.27185,57,-7.7281494,-7.7281494,1.0884216,0.05,0,0.0,True,0.7728149,-0.008798793,-0.42027957752346995,80,25,33,1,14,43,269.49582,1552.3483,-4.6426497,-0.16500000000000006,0.0,-22.31473445892334,0.32794198766350746,0.0799640454351902,-105.87542152404785,0.0003
1483,542789,993.0478,20,-6.9522095,-6.9522095,0.053884387,0.05,0,0.0,True,0.69522095,-0.0020567942,-0.22030064908480274,27,137,576,1,1,19,18.802969,1402.0493,-2.0707731,-2.879999999999961,0.0,-22.39842939376831,0.036921710008755326,0.07996401935815811,-105.92473983764648,0.0003
1484,543344,1001.9893,14,1.9893188,1.9893188,0.10470169,0.05,0,0.0,True,-0.19893187,-0.0038502526,-0.20780759058433787,364,27,1363,0,0,14,0.0,981.76385,0.0,-6.814999999999877,0.0,-22.294427394866943,0.7237708754837513,0.0799640454351902,-105.67084121704102,0.0003
1485,545626,987.8164,7,-12.183594,-12.183594,0.000883716,0.05,0,0.0,True,1.2183594,-0.0027391897,-0.14073570522114773,13,105,9808,1,0,7,0.0,1105.5079,0.0,-49.040000000006636,0.0,-22.33385181427002,0.176108555868268,0.07996400259435177,-105.52837562561035,0.0003
1486,546198,1005.65796,21,5.657959,5.657959,0.85574174,0.05,0,0.0,True,-0.5657959,-0.0038701408,-0.24535652801394472,17,106,634,1,4,17,31.278204,1025.4642,-1.3898667,-3.1699999999999546,0.0,-22.358903884887695,0.14706363063305616,0.0799640454351902,-105.70328521728516,0.0003
1487,546820,964.9667,29,-35.033325,-35.033325,0.043455195,0.05,0,0.0,True,3.5033326,-0.0071730455,-0.37313082636530465,195,71,647,0,7,22,104.98549,1120.2769,-3.9192333,-3.2349999999999532,0.0,-22.303653240203857,0.15029853861778975,0.07996401935815811,-105.74085807800293,0.0003
1488,547338,934.8832,115,-65.11682,-65.11682,0.26534462,0.05,0,0.0,True,6.5116825,-0.017778497,-0.49545088487414124,276,63,120,0,25,90,394.62054,2651.1526,-21.409256,-0.6000000000000004,0.00097468327,-22.419201850891113,0.15734772570431232,0.07996396534144878,-105.97203063964844,0.0003
1489,547845,998.0792247309927,9,-1.920775269007322,-1.920775269007322,0.022998184632035144,0.05,0,0.0,True,0.1920775269007322,-0.0011007889140349613,-0.17938342510755093,25,89,305,0,0,9,0.0,994.1760000000002,0.0,-1.5249999999999895,0.0,-22.32820177078247,0.8325022980570793,0.0799640454351902,-105.64949035644531,0.0003
1490,548367,991.0959,18,-8.904114,-8.904114,0.06740882,0.05,0,0.0,True,0.8904113,-0.0012616058,-0.24352061696350566,19,169,137,1,2,16,14.690704,1007.68787,-0.28685802,-0.6850000000000005,0.0,-22.417762279510498,0.04081955412402749,0.07996400259435177,-105.94302749633789,0.0003
1491,548911,986.62854,26,-13.37146,-13.37146,0.0,0.05,0,0.0,True,1.337146,-0.003982687,-0.33078826065246786,296,56,129,1,3,23,20.629257,1354.3403,-3.8622303,-0.6450000000000005,0.0,-22.378416538238525,0.1012244401499629,0.07996398955583572,-105.91671752929688,0.0003
1492,549457,980.5258,98,-19.474182,-19.474182,0.14395021,0.05,0,0.0,True,1.9685216,-0.01435322,-0.48071370410421826,95,21,268,0,28,70,331.30554,2919.0823,-8.671661,-1.3399999999999934,0.0016939468,-22.401138305664062,0.09561873972415924,0.07996398955583572,-105.96579170227051,0.0003
1493,549657,978.3296,12,-21.67041,-21.67041,0.007075230707867009,0.05,0,0.0,True,2.167041,-0.0028372805,-0.17094930213681353,20,0,19,1,2,10,175.87595,822.25037,0.0,-0.09500000000000001,0.0,-22.362150192260742,0.07304054591804743,0.07996401935815811,-105.58156967163086,0.0003
1494,550199,1009.16565,18,9.165649,9.165649,0.6543352,0.05,0,0.0,True,-0.91656494,-0.0034830973,-0.2242075650681616,416,39,586,0,4,14,70.736465,924.42303,-0.54104066,-2.9299999999999597,0.0,-22.379704475402832,0.04147573374211788,0.07996403053402901,-105.88759422302246,0.0003
1495,550728,1021.51495,31,21.514954,21.514954,1.5152714,0.05,0,0.0,True,-2.1514955,-0.0045223795,-0.3030609344206331,13,25,13,0,11,20,223.84875,1172.825,-2.1600258,-0.06499999999999999,0.0,-22.287424564361572,0.5280888136476278,0.07996401935815811,-105.90747451782227,0.0003
1496,551304,992.4956,29,-7.5043945,-7.5043945,0.5674313,0.05,0,0.0,True,0.75043947,-0.003410766,-0.3036624816291423,92,20,383,0,7,22,93.644356,1111.0089,-1.3260689,-1.9149999999999812,0.0,-22.364824295043945,0.14647224312648177,0.07996398955583572,-106.04999923706055,0.0003
1497,551821,999.75446,15,-0.24554443,-0.24554443,0.1464341,0.05,0,0.0,True,0.024554443,-0.0018384224,-0.3274143594629528,55,75,622,1,1,14,14.302853,980.7947,0.0,-3.109999999999956,0.0,-22.363528728485107,0.03346313675865531,0.07996399328112602,-105.70156478881836,0.0003
1498,552332,996.1995,8,-3.800476,-3.800476,0.017053237,0.05,0,0.0,True,0.3800476,-0.0025306786,-0.1794107349507379,243,73,958,1,0,8,0.0,982.075,0.0,-4.78999999999992,0.0,-22.345947742462158,0.13360233046114445,0.0799640640616417,-105.57052803039551,0.0003
1499,552866,988.0521,10,-11.947876,-11.947876,0.0,0.05,0,0.0,True,1.1947876,-0.00095423905,-0.21234013415873057,156,97,827,0,0,10,0.0,988.5873,0.0,-4.134999999999934,0.0,-22.383851528167725,0.07021974259987473,0.07996401935815811,-105.81435585021973,0.0003
1500,553420,979.89734,17,-20.102661,-20.102661,0.014719097,0.05,0,0.0,True,2.010266,-0.0009727724,-0.20600022189140077,20,155,199,0,1,16,22.088049,1091.9973,0.0,-0.9950000000000008,0.0,-22.285770893096924,0.47917801793664694,0.07996405847370625,-105.38008689880371,0.0003
1501,553947,988.384,7,-11.616028,-11.616028,0.0,0.05,0,0.0,True,1.1616027,-0.014212742,-0.11544961892068382,6,104,449,0,1,6,164.39507,965.57544,0.0,-2.2449999999999743,0.0,-22.321533203125,1.0263822004199028,0.07996395975351334,-106.18906021118164,0.0003
1502,554485,947.54694,36,-52.453064,-52.453064,0.022287546,0.05,0,0.0,True,5.2453065,-0.023189766,-0.18807784177362927,255,59,606,0,8,28,169.78293,1009.10754,-7.3168454,-3.0299999999999576,0.0,-22.293473720550537,0.7050007823854685,0.07996401935815811,-105.70804977416992,0.0003
1503,555094,986.9952,16,-13.004822,-13.004822,0.05543747,0.05,0,0.0,True,1.3004822,-0.0035768352,-0.3809651796989814,112,32,839,0,1,15,6.7043705,985.4739,0.0,-4.194999999999933,0.0,-22.342326641082764,0.08153549674898386,0.07996399700641632,-105.85165405273438,0.0003
1504,555614,1013.71704,70,13.717041,13.717041,1.2983829,0.05,0,0.0,True,-1.3717041,-0.009128111,-0.45188879743218396,140,53,9,1,11,59,85.26228,1665.0569,-4.152113,-0.045,0.0010799317,-22.39223575592041,0.20959268743172288,0.07996397837996483,-106.01845932006836,0.0003
1505,556320,973.48737,22,-26.512634,-26.512634,0.2990232,0.05,0,0.0,True,2.6512635,-0.004501326,-0.29400284876382976,72,55,711,1,3,19,95.29477,1424.3242,-3.06798,-3.5549999999999464,0.0,-22.355806350708008,0.08633485343307257,0.07996399328112602,-105.72334480285645,0.0003
1506,556840,1000.80133,22,0.80133057,0.80133057,0.5727833,0.05,0,0.0,True,-0.08013306,-0.003765471,-0.17383892208337778,37,22,967,1,2,20,60.573757,1005.9083,-0.8981384,-4.834999999999919,0.0,-22.34150505065918,0.2705810759216547,0.07996398955583572,-105.82780456542969,0.0003
1507,557368,991.0207,34,-8.979309,-8.979309,0.48222995,0.05,0,0.0,True,0.8979309,-0.0070856167,-0.40127433732152,127,49,240,1,6,28,58.94932,1090.6016,-3.5310838,-1.1999999999999964,0.0,-22.34322500228882,0.2805035347118974,0.07996398396790028,-106.01419448852539,0.0003
1508,557932,992.63904,17,-7.360962,-7.360962,0.18629853,0.05,0,0.0,True,0.7360962,-0.0022783643,-0.21179575005832346,311,61,424,0,0,17,0.0,979.9647,0.0,-2.119999999999977,0.0,-22.35413646697998,0.14211515989154577,0.07996401935815811,-105.98932266235352,0.0003
1509,558446,993.681,23,-6.3189697,-6.3189697,0.14500688,0.05,0,0.0,True,0.631897,-0.0053142216,-0.257158575805541,61,28,1291,0,4,19,71.18031,1020.35455,-0.6724112,-6.454999999999885,0.0,-22.364925384521484,0.07159324828535318,0.07996398955583572,-106.12465286254883,0.0003
1510,558993,961.41034,114,-38.58966,-38.58966,0.3395102,0.05,0,0.0,True,3.858966,-0.013544958,-0.6251500844955445,77,51,50,0,31,83,306.74985,2407.6338,-14.458498,-0.2500000000000001,0.0,-22.379762649536133,0.03848266554996371,0.07996401935815811,-106.02229690551758,0.0003
1511,559595,998.93933,11,-1.060669,-1.060669,0.063771725,0.05,0,0.0,True,0.1060669,-0.0006749118,-0.15848191002406017,16,52,769,1,3,8,21.887999999999984,991.1343,0.0,-3.8449999999999402,0.0,-22.363120555877686,0.08619850687682629,0.07996399700641632,-106.00913047790527,0.0003
1512,560112,974.58295,29,-25.417053,-25.417053,0.5557598,0.05,0,0.0,True,2.5417054,-0.011970219,-0.4441978862539534,338,33,396,0,5,24,53.50925,1045.1234,-4.664427,-1.9799999999999798,0.0,-22.3259916305542,0.5171139966696501,0.07996402680873871,-105.95440673828125,0.0003
1513,560269,993.94464,18,-6.055359,-6.055359,0.19212666,0.05,0,0.0,True,0.60553586,-0.0051645446,-0.23934281036257737,25,106,51,0,4,14,61.107346,1071.3428,-0.54453766,-0.2550000000000001,0.0,-22.381986618041992,0.25680039916187525,0.07996400259435177,-105.96216583251953,0.0003
1514,562265,994.0413,12,-5.958679,-5.958679,0.08262335,0.05,0,0.0,True,0.59586793,-0.0014716511,-0.22074027433991425,804,101,11852,1,0,12,0.0,982.7491,0.0,-59.260000000011864,0.0,-22.28521966934204,0.16336133424192667,0.0799640454351902,-105.92895698547363,0.0003
1515,562666,998.78754,64,-1.2124634,-1.2124634,1.6130685,0.05,0,0.0,True,0.12124634,-0.010589618,-0.4470810757577417,208,53,332,0,14,50,103.30514,1563.0751,-6.954021,-1.6599999999999866,0.0,-22.326168537139893,0.26726843509823084,0.07996401935815811,-105.92620849609375,0.0003
1516,563285,985.82184,15,-14.178162,-14.178162,0.15056193,0.05,0,0.0,True,1.4178162,-0.0040265685,-0.1367536932975054,11,69,96,0,4,11,75.71256,1014.62,0.0,-0.4800000000000003,0.0,-22.370315551757812,0.6402498409152031,0.07996396534144878,-105.86573219299316,0.0003
1517,563885,1003.02527,44,3.0252686,3.0252686,0.47699293,0.05,0,0.0,True,-0.30252686,-0.0041584605,-0.3544159263748012,341,66,1156,0,8,36,61.611187,1537.8539,-3.956235,-5.779999999999899,0.0,-22.421946048736572,0.10184480156749487,0.07996401935815811,-105.92349815368652,0.0003
1518,564404,992.2285,20,-7.7714844,-7.7714844,0.08904462,0.05,0,0.0,True,0.7771485,-0.003926071,-0.26356242867511653,39,66,569,0,3,17,20.624054,1056.744,-0.8582289,-2.8449999999999616,0.0,-22.374557971954346,0.04014908196404576,0.07996398955583572,-105.9317626953125,0.0003
1519,564930,908.5461,133,-91.45392,-91.45392,2.449826,0.05,0,0.0,True,9.145391,-0.027766844,-0.6885364940264039,226,71,106,0,43,90,1136.7734,4193.3535,-29.432852,-0.5300000000000004,0.0,-22.440288066864014,0.0766496448777616,0.07996398955583572,-105.91945266723633,0.0003
1520,565459,905.8377,62,-94.16229,-94.16229,0.28649238,0.05,0,0.0,True,9.416229,-0.009710323,-0.5140275578200817,139,48,126,0,16,46,340.3683,1958.9828,-9.344845,-0.6300000000000004,0.0,-22.414381504058838,0.032253901939839125,0.07996398955583572,-106.04085922241211,0.0003
1521,566015,985.79034,7,-14.209656,-14.209656,0.6676122,0.05,0,0.0,True,1.4209656,-0.0010490436,-0.15942095696926112,106,40,271,1,0,7,0.0,982.8187,0.0,-1.354999999999993,0.0,-22.3891544342041,0.03378268936648965,0.07996398955583572,-105.79061698913574,0.0003
1522,566336,1003.28217,13,3.2821655,3.2821655,0.24036823,0.05,0,0.0,True,-0.32821655,-0.0014787155,-0.2205323118653984,22,19,395,1,1,12,15.303673,981.60767,0.0,-1.9749999999999799,0.0,-22.374359607696533,0.20309785287827253,0.0799640454351902,-105.65148162841797,0.0003
1523,566851,746.97534,208,-253.02466,-253.02466,0.13138297,0.05,0,0.0,True,25.302467,-0.17404243,-1.0675327966634496,624,98,1501,1,45,163,842.6153,10950.368,-99.70831,-7.504999999999862,0.0,-22.381133556365967,0.10842954367399216,0.07996398396790028,-106.05142211914062,0.0003
1524,567489,1000.4615,12,0.46148682,0.46148682,0.10150885,0.05,0,0.0,True,-0.04614868,-0.00071864255,-0.22608842316577046,26,110,1009,1,0,12,0.0,1082.8917,0.0,-5.044999999999915,0.0,-22.4079008102417,0.25906473863869905,0.07996396534144878,-105.97298049926758,0.0003
1525,568179,999.94446,8,-0.055541992,-0.055541992,0.09324343,0.05,0,0.0,True,0.005554199,-0.0008390172,-0.1940452969074249,423,210,1726,1,1,7,5.5318317,978.4414,0.0,-8.62999999999995,0.0,-22.24625825881958,0.11886606179177761,0.07996398955583572,-105.93684387207031,0.0003
1526,568700,1010.10284,18,10.102844,10.102844,0.74933255,0.05,0,0.0,True,-1.0102844,-0.0023895951,-0.27705020792782314,88,19,179,0,1,17,48.26883,1110.0833,-1.6000941,-0.8950000000000007,0.0,-22.315324306488037,0.3973681489005685,0.07996398955583572,-105.87399864196777,0.0003
1527,569220,987.5979,14,-12.4021,-12.4021,0.11980379,0.05,0,0.0,True,1.2402099,-0.004958177,-0.21325631456165206,307,75,302,1,1,13,24.154198,1205.3828,-3.0010705,-1.5099999999999898,0.0,-22.32679557800293,0.20534298475831747,0.07996403239667416,-105.69164848327637,0.0003
1528,569717,989.0583,38,-10.941711,-10.941711,0.16090086,0.05,0,0.0,True,1.0941712,-0.0044968016,-0.3616842127591372,68,60,401,1,7,31,64.40823,1402.1805,-3.8136916,-2.0049999999999795,0.0,-22.34884023666382,0.4009633706882596,0.07996401935815811,-105.82452964782715,0.0003
1529,570226,1002.2897,16,2.2896729,2.2896729,0.23248485,0.05,0,0.0,True,-0.22896728,-0.001029819,-0.2657623587548734,20,175,416,1,1,15,16.615753,980.615,0.0,-2.079999999999978,0.0,-22.339120388031006,0.058091798797249794,0.07996398955583572,-105.93165969848633,0.0003
1530,570771,996.42316,16,-3.5768433,-3.5768433,0.007309101,0.05,0,0.0,True,0.35768434,-0.0017354505,-0.2897461856113026,95,50,717,0,1,15,7.71794,998.7137,-0.13596372,-3.584999999999946,0.0,-22.43449115753174,0.02746085450053215,0.0799640417098999,-106.0118522644043,0.0003
1531,571322,1007.5185,19,7.5184937,7.5184937,1.1490585,0.05,0,0.0,True,-0.75184935,-0.0049946597,-0.1815820605655008,31,68,288,0,2,17,42.06637,977.277,-0.48030496,-1.4399999999999913,0.0,-22.29884433746338,0.6275276043452322,0.07996398955583572,-106.02401161193848,0.0003
1532,571629,996.60547,18,-3.3945312,-3.3945312,0.11397644,0.05,0,0.0,True,0.33945313,-0.0025178485,-0.28934122545964036,115,22,391,1,2,16,14.507339,993.7004,-0.15991333,-1.9549999999999803,0.0,-22.45865297317505,0.1418101079761982,0.07996398955583572,-106.06598854064941,0.0003
1533,572205,1002.501,11,2.5009766,2.5009766,0.13330539,0.05,0,0.0,True,-0.25009766,-0.0068873637,-0.15060858471648508,16,130,858,0,0,11,0.0,1084.7397,0.0,-4.289999999999931,0.0,-22.36072826385498,0.610415630042553,0.07996395975351334,-105.97237968444824,0.0003
1534,572758,996.7427,15,-3.2573242,-3.2573242,0.020855207,0.05,0,0.0,True,0.3257324,-0.0022024415,-0.30189579094520286,339,181,882,0,1,14,5.1260266,987.99054,-0.3392225,-4.409999999999928,0.0,-22.368534088134766,0.5888875685632229,0.0799640454351902,-105.80878639221191,0.0003
1535,573326,992.791,23,-7.2089844,-7.2089844,0.33515102,0.05,0,0.0,True,0.72089845,-0.008790198,-0.3563925223797558,101,43,414,1,3,20,99.86295,920.09314,-0.81529486,-2.069999999999978,0.0,-22.314679622650146,0.2764606010168791,0.07996398955583572,-105.79155731201172,0.0003
1536,573907,988.8455741390362,16,-11.154425860963784,-11.154425860963784,0.008918904097953031,0.05,0,0.0,True,1.1154425860963784,-0.0017263302044051249,-0.19977162570756762,26,113,1443,0,0,16,0.0,1037.50656,0.0,-7.214999999999868,0.0,-22.371705055236816,0.5459676310420036,0.07996399328112602,-105.83628273010254,0.0003
1537,574441,1004.2846,15,4.284607,4.284607,0.31603536,0.05,0,0.0,True,-0.4284607,-0.0042196596,-0.15493340007960796,359,72,764,1,1,14,85.5349,945.22327,-1.7201174,-3.8199999999999408,0.0,-22.32761526107788,0.07468069670721889,0.07996401935815811,-105.88703155517578,0.0003
1538,574999,945.54584,69,-54.454163,-54.454163,0.1488257,0.05,0,0.0,True,5.4454165,-0.0080087045,-0.4024340275675057,29,73,0,1,19,50,481.19116,2424.8853,-4.6979523,0.0,0.0,-22.34089946746826,0.43194609321653843,0.07996398955583572,-105.95936012268066,0.0003
1539,575511,958.49316,69,-41.506836,-41.506836,2.2598264,0.05,0,0.0,True,4.1506834,-0.016367026,-0.42304170116782197,68,10,328,0,24,45,415.522,2015.4264,-14.046446,-1.639999999999987,0.0,-22.32267427444458,0.16318075824528933,0.07996400259435177,-105.92830085754395,0.0003
1540,576023,915.4258,95,-84.57422,-84.57422,0.2878749,0.05,0,0.0,True,8.457421,-0.021382129,-0.6334181172106929,47,13,23,1,36,59,947.5987,3046.0483,-23.41012,-0.11500000000000003,0.0,-22.409783363342285,0.050157904624938965,0.07996401935815811,-106.03292083740234,0.0003
1541,576568,990.4295,25,-9.570496,-9.570496,0.06011307,0.05,0,0.0,True,0.95704955,-0.0046241446,-0.37376253025568906,190,30,136,1,1,24,6.825513,1166.4257,-2.388929,-0.6800000000000005,0.0,-22.34346055984497,0.6491159591823816,0.07996402680873871,-105.98136901855469,0.0003
1542,577081,1004.2402,14,4.2401733,4.2401733,0.870772,0.05,0,0.0,True,-0.42401734,-0.0017541815,-0.23855030366649924,76,19,69,0,2,12,80.65445,1006.447,-1.0462396,-0.3450000000000002,0.0,-22.41621685028076,0.26113061513751745,0.07996401377022266,-105.96396255493164,0.0003
1543,577550,995.11005,18,-4.8899536,-4.8899536,0.06865841,0.05,0,0.0,True,0.48899534,-0.0042598494,-0.26229975018075563,61,53,203,0,2,16,52.72175,947.71674,0.0,-1.0150000000000003,0.0,-22.40859842300415,0.05658583249896765,0.0799640417098999,-105.99798583984375,0.0003
1544,578098,999.1454,12,-0.85461426,-0.85461426,0.4566142,0.05,0,0.0,True,0.08546142,-0.0014198731,-0.1691356346280793,14,122,899,0,0,12,0.0,1006.49457,0.0,-4.494999999999926,0.0,-22.325613975524902,0.5817047711461782,0.07996403239667416,-105.74495697021484,0.0003
1545,578624,995.87866,11,-4.121338,-4.121338,0.11167499,0.05,0,0.0,True,0.4121338,-0.00276679,-0.2540685499459505,462,76,786,1,1,10,21.374914,958.8636,0.0,-3.9299999999999384,0.0,-22.395328521728516,0.30441315472126007,0.07996400259435177,-106.0576114654541,0.0003
1546,580486,978.09265,18,-21.907349,-21.907349,0.0128245745,0.05,0,0.0,True,2.1907349,-0.0029852916,-0.2338492141512914,22,70,9193,0,2,16,21.927217,1020.1,0.0,-45.96500000000506,0.0,-22.41331195831299,0.16850831406190991,0.07996401935815811,-105.84443855285645,0.0003
1547,580974,945.3691,49,-54.63092,-54.63092,0.030397777,0.05,0,0.0,True,5.463092,-0.011217021,-0.29844020074206906,26,9,120,1,15,34,497.3836,1100.6285,-5.8871,-0.6000000000000004,0.0,-22.354102611541748,0.16935385670512915,0.07996401935815811,-105.85948944091797,0.0003
1548,581505,1004.2442,15,4.2442017,4.2442017,0.37448496,0.05,0,0.0,True,-0.42442018,-0.0046306187,-0.3152429596822032,92,24,550,0,0,15,0.0,996.1385,0.0,-2.7499999999999636,0.0,-22.379483222961426,0.04092036699876189,0.07996403239667416,-105.6888370513916,0.0003
1549,582078,1001.1457,11,1.1456909,1.1456909,0.062949836,0.05,0,0.0,True,-0.11456909,-0.007276213,-0.1302218535542488,18,130,874,0,0,11,0.0,995.8773,0.0,-4.369999999999929,0.0,-22.44121551513672,0.06559139396995306,0.07996403053402901,-106.04809951782227,0.0003
1550,582624,957.2277,17,-42.772278,-42.772278,0.4752375,0.05,0,0.0,True,4.277228,-0.002928574,-0.1705444279313087,7,23,25,0,6,11,134.77556,1287.0605,-0.51566714,-0.12500000000000003,0.0,-22.38369655609131,0.03804934537038207,0.07996403239667416,-105.86800003051758,0.0003
1551,583157,999.9164,31,-0.083618164,-0.083618164,0.1863223,0.05,0,0.0,True,0.008361816,-0.0036328966,-0.3012350359192083,53,41,893,0,2,29,15.291294,1147.9515,-3.6237266,-4.464999999999927,0.0,-22.456398487091064,0.09319510636851192,0.07996400818228722,-106.02674293518066,0.0003
1552,583757,1002.866,14,2.8660278,2.8660278,0.373632,0.05,0,0.0,True,-0.2866028,-0.0013574637,-0.20069969727026987,31,63,870,1,0,14,0.0,1098.642,0.0,-4.3499999999999295,0.0,-22.376687049865723,0.07137446012347937,0.0799640454351902,-105.73379135131836,0.0003
1553,584194,993.3884,30,-6.6115723,-6.6115723,0.34898674,0.05,0,0.0,True,0.6611572,-0.011192781,-0.3389220395947995,167,9,473,1,6,24,128.29039,1236.411,-6.3873205,-2.364999999999972,0.0,-22.33991241455078,0.24954986572265625,0.07996397092938423,-105.99168014526367,0.0003
1554,584697,999.8586,14,-0.14141846,-0.14141846,0.13130002,0.05,0,0.0,True,0.0141418455,-0.0012047597,-0.2451022838951167,42,64,712,1,1,13,18.508661,989.0071,0.0,-3.5599999999999463,0.0,-22.353498935699463,0.45815382339060307,0.0799640417098999,-105.73303985595703,0.0003
1555,585232,863.9297,26,-136.07031,-136.07031,0.01795283,0.05,0,0.0,True,13.607031,-0.021061568,-0.26148862794041644,100,62,1435,0,8,18,223.8398,883.7729,-2.9918666,-7.174999999999869,0.0,-22.439061641693115,0.059187631122767925,0.07996398955583572,-106.05170249938965,0.0003
1556,585780,1001.05945,25,1.0594482,1.0594482,0.45739588,0.05,0,0.0,True,-0.10594482,-0.0065165805,-0.40743414650704024,394,78,564,0,4,21,34.780144,1129.6636,-3.2990713,-2.819999999999962,0.0,-22.359900951385498,0.913912670686841,0.07996401935815811,-105.89546394348145,0.0003
1557,586226,828.94934,79,-171.05066,-171.05066,1.5299861,0.05,0,0.0,True,17.105064,-0.11654474,-0.4311421463881854,320,89,298,0,23,56,373.61264,2272.9087,-39.34125,-1.4899999999999902,0.0,-22.34882640838623,0.32415284495800734,0.07996401377022266,-106.15582275390625,0.0003
1558,586772,1002.833,45,2.8330078,2.8330078,1.0699685,0.05,0,0.0,True,-0.2833008,-0.0037296289,-0.3904413376003506,160,88,287,1,8,37,58.684856,1534.0969,-2.8475094,-1.4349999999999914,0.0,-22.4006667137146,0.08220092812553048,0.07996398955583572,-106.12749099731445,0.0003
1559,587315,998.1262066827678,8,-1.8737933172321846,-1.8737933172321846,0.061130692424066074,0.05,0,0.0,True,0.18737933172321847,-0.0015952744399995895,-0.19316047070242132,154,147,702,1,0,8,0.0,991.4879999999999,0.0,-3.5099999999999474,0.0,-22.38532257080078,0.051941209472715855,0.07996403239667416,-105.7306900024414,0.0003
1560,587924,966.9891,23,-33.010925,-33.010925,0.039971687,0.05,0,0.0,True,3.3010926,-0.0063006612,-0.24486806988716134,84,73,1141,1,2,21,33.984802,1007.88885,-0.8750987,-5.704999999999901,0.0,-22.39518642425537,0.3855899702757597,0.07996401377022266,-106.03477668762207,0.0003
1561,588481,1002.7088,21,2.7088013,2.7088013,0.25208533,0.05,0,0.0,True,-0.27088013,-0.001233379,-0.21299453482031816,14,64,229,0,1,20,14.497131,1081.3164,-0.5275937,-1.1449999999999976,0.0,-22.368189334869385,0.057440928183496,0.07996398955583572,-106.02721977233887,0.0003
1562,588950,987.8861,15,-12.113892,-12.113892,0.01843304,0.05,0,0.0,True,1.2113892,-0.003736856,-0.3075198870574881,297,54,200,0,2,13,28.10313,955.2592,0.0,-1.0000000000000007,0.0,-22.34033203125,0.27691972395405173,0.07996401377022266,-106.07882118225098,0.0003
1563,589480,971.80005,40,-28.199951,-28.199951,0.2878778,0.05,0,0.0,True,2.8199952,-0.0041878535,-0.2843095530569554,42,37,607,1,5,35,64.66201,1502.206,-4.158919,-3.0349999999999575,0.0,-22.352890014648438,0.08867239207029343,0.07996398955583572,-106.03184509277344,0.0003
1564,589993,991.3546,26,-8.645386,-8.645386,0.03813729,0.05,0,0.0,True,0.86453855,-0.0038661151,-0.30045476245733277,419,101,673,1,2,24,22.92162,1022.763,-0.68138146,-3.3649999999999505,0.0,-22.402552127838135,0.4764547464437783,0.07996398955583572,-106.16594123840332,0.0003
1565,590515,998.7825,23,-1.2175293,-1.2175293,0.31147534,0.05,0,0.0,True,0.12175293,-0.0035134293,-0.2855418640776126,20,82,91,1,4,19,47.943882,1095.821,-1.5097318,-0.4550000000000003,0.0,-22.25462579727173,0.1934710405766964,0.07996401935815811,-105.93239402770996,0.0003
1566,591198,986.12036,20,-13.879639,-13.879639,0.34855464,0.05,0,0.0,True,1.3879639,-0.002600498,-0.2787872402369975,260,101,299,0,0,20,0.0,983.51105,0.0,-1.4949999999999901,0.0,-22.285874843597412,0.1398739106953144,0.07996401935815811,-105.807861328125,0.0003
1567,591690,1007.6696,14,7.6696167,7.6696167,0.6798951,0.05,0,0.0,True,-0.76696163,-0.0016460029,-0.2689804749190807,133,31,95,0,0,14,0.0,981.0804,0.0,-0.4750000000000003,0.0,-22.397005558013916,0.3713693078607321,0.07996401935815811,-106.04016304016113,0.0003
1568,592218,977.2301,68,-22.769897,-22.769897,0.1717163,0.05,0,0.0,True,2.27699,-0.009356935,-0.3205848915129899,145,95,116,1,14,54,149.01471,2263.8755,-7.484898,-0.5800000000000004,0.0,-22.441270351409912,0.039640174712985754,0.07996398955583572,-106.01872253417969,0.0003
1569,592743,965.6614,76,-34.338623,-34.338623,0.18741637,0.05,0,0.0,True,3.4338622,-0.009210281,-0.632678149193525,102,8,328,0,28,48,611.0684,1342.5692,-8.374444,-1.639999999999987,0.0,-22.366831302642822,0.24964110180735588,0.07996401935815811,-105.9881820678711,0.0003
1570,500583,1001.12506,12,1.125061,1.125061,0.059214827,0.05,0,0.0,True,-0.11250611,-0.0012899772,-0.22241861665805485,101,86,565,0,0,12,0.0,989.52625,0.0,-2.824999999999962,0.0,-22.33795928955078,0.3611697256565094,0.07996403239667416,-105.77377128601074,0.0003
1571,501093,978.1175,17,-21.882507,-21.882507,0.48552895,0.05,0,0.0,True,2.1882508,-0.0038422006,-0.1823513227345846,14,16,88,1,4,13,119.72046,1090.4276,-0.6422783,-0.4400000000000003,0.0,-22.40203094482422,0.1079683918505907,0.07996394671499729,-105.87992477416992,0.0003
1572,501615,1010.7393,69,10.739319,10.739319,3.6100757,0.05,0,0.0,True,-1.0739319,-0.007008041,-0.5580364977315331,143,31,645,0,19,50,300.43295,1578.9872,-6.261521,-3.2249999999999535,0.0,-22.354593753814697,0.45275337994098663,0.07996401935815811,-106.00042343139648,0.0003
1573,501692,949.0729,9,-50.927124,-50.927124,0.06106085362333614,0.05,0,0.0,True,5.0927124,-0.0037526276,-0.08817595347617055,2,10,0,0,2,7,480.0,524.5792,0.0,0.0,0.0,-22.342820644378662,0.17909745359793305,0.07996402308344841,-105.67852401733398,0.0003
1574,502279,996.14557,35,-3.8544312,-3.8544312,0.74184394,0.05,0,0.0,True,0.38544312,-0.0044573923,-0.3412376557290554,37,35,121,1,4,31,47.481297,1171.0016,-2.9919212,-0.6050000000000004,0.0,-22.331364154815674,0.6865130765363574,0.07996396534144878,-105.72063064575195,0.0003
1575,502836,997.5503,53,-2.449707,-2.449707,0.7591355,0.05,0,0.0,True,0.24497071,-0.0033999537,-0.3981639960251884,59,67,213,0,12,41,201.29137,1508.3402,-3.373394,-1.0649999999999993,0.0,-22.277358055114746,0.5281855342909694,0.07996411807835102,-105.66671371459961,0.0003
1576,503452,994.4631,60,-5.5369263,-5.5369263,0.0,0.05,0,0.0,True,0.55369264,-0.006783477,-0.6304369510130516,133,25,262,0,17,43,204.26796,1593.2604,-5.537045,-1.309999999999994,0.0,-22.391535758972168,0.025443583261221647,0.07996401377022266,-105.98333358764648,0.0003
1577,504008,980.53937,40,-19.460632,-19.460632,0.10968387,0.05,0,0.0,True,1.9460632,-0.0046739574,-0.2411522004388637,211,72,85,1,7,33,191.93404,1660.4421,-3.044234,-0.42500000000000027,0.0,-22.436095714569092,0.02078437153249979,0.07996401377022266,-105.83622932434082,0.0003
1578,504579,1007.4567,14,7.456726,7.456726,0.66395485,0.05,0,0.0,True,-0.7456726,-0.0032967902,-0.15891305828125776,24,86,353,0,1,13,42.188515,992.9687,0.0,-1.7649999999999844,0.0,-22.34428834915161,0.1356979114934802,0.07996398955583572,-106.04448318481445,0.0003
1579,505136,1025.4283,19,25.428345,25.428345,1.4727978,0.05,0,0.0,True,-2.5428345,-0.0021296984,-0.23509520086023067,39,53,216,0,4,15,115.80404,972.7088,-0.6005642,-1.079999999999999,0.0,-22.349545001983643,0.2614992279559374,0.07996402308344841,-105.6775951385498,0.0003
1580,505700,969.33545,22,-30.66455,-30.66455,0.21642028,0.05,0,0.0,True,3.0664551,-0.019947711,-0.20563049164905303,353,58,512,1,4,18,111.10641,1289.9795,-7.70824,-2.5599999999999676,0.0,-22.40206003189087,0.1971803419291973,0.07996401377022266,-106.03069686889648,0.0003
1581,506250,1000.0863285394302,7,0.08632853943015562,0.08632853943015562,0.004543607338426491,0.05,0,0.0,True,-0.008632853943015563,-0.001421696808699525,-0.144099940546179,144,89,1998,0,0,7,0.0,988.8000000000002,0.0,-9.990000000000162,0.0,-22.350286960601807,0.08194717997685075,0.07996402308344841,-105.70683860778809,0.0003
1582,506759,1020.6378,8,20.637817,20.637817,1.0861995,0.05,0,0.0,True,-2.0637817,-0.00087499066,-0.15453495129942893,8,176,1243,0,1,7,81.900734,972.0849,0.0,-6.21499999999989,0.0,-22.40210771560669,0.07519559562206268,0.07996401935815811,-105.8076171875,0.0003
1583,507276,935.6856,43,-64.31439,-64.31439,0.35874486,0.05,0,0.0,True,6.4314394,-0.018496864,-0.29760720956674863,78,85,159,0,12,31,254.9639,1469.381,-7.800075,-0.7950000000000006,0.0,-22.35704755783081,0.2057830081321299,0.07996400259435177,-105.76153755187988,0.0003
1584,507866,1007.6996,16,7.699585,7.699585,0.7730979,0.05,0,0.0,True,-0.7699585,-0.0025877354,-0.25023885671056656,57,25,306,0,1,15,12.49774,985.41925,0.0,-1.5299999999999894,0.0,-22.369545459747314,0.2147766575217247,0.07996397465467453,-105.92304992675781,0.0003
1585,508413,999.2744,21,-0.72558594,-0.72558594,0.0,0.05,0,0.0,True,0.07255859,-0.0047383797,-0.3456885554522878,34,28,526,0,4,17,21.543587,992.16956,-0.72561634,-2.629999999999966,0.0,-22.352722644805908,0.4468846917152405,0.07996395975351334,-105.9837875366211,0.0003
1586,508938,967.3225,8,-32.67749,-32.67749,0.008919793,0.05,0,0.0,True,3.267749,-0.004815544,-0.13238968044519422,261,121,1250,1,0,8,0.0,983.1173,0.0,-6.249999999999889,0.0,-22.397682189941406,0.25124644255265594,0.07996397465467453,-106.00618743896484,0.0003
1587,509466,991.5606,15,-8.439392,-8.439392,0.07548381,0.05,0,0.0,True,0.8439392,-0.000813191,-0.29040117274855587,39,56,449,1,1,14,6.673048,1017.0845,0.0,-2.2449999999999743,0.0,-22.392196655273438,0.05479893274605274,0.07996401935815811,-105.81346702575684,0.0003
1588,509977,972.3051,20,-27.694885,-27.694885,0.32422802,0.05,0,0.0,True,2.7694886,-0.0022379262,-0.27849047876894467,95,55,22,0,6,14,151.27505,1078.8494,-1.3503975,-0.11000000000000003,0.0,-22.415475368499756,0.127954070456326,0.07996398955583572,-105.59064292907715,0.0003
1589,510476,992.03894,15,-7.9610596,-7.9610596,0.3124264,0.05,0,0.0,True,0.796106,-0.0017546677,-0.25425458222627634,30,35,683,1,0,15,0.0,996.14734,0.0,-3.4149999999999494,0.0,-22.355453491210938,0.03702471079304814,0.07996403053402901,-105.92041015625,0.0003
1590,510999,1003.3259,15,3.3259277,3.3259277,0.17504801,0.05,0,0.0,True,-0.3325928,-0.00057137694,-0.24233121730517795,71,98,39,0,2,13,69.297005,923.4995,0.0,-0.1950000000000001,0.0,-22.414359092712402,0.044977474957704544,0.07996400259435177,-105.87887382507324,0.0003
1591,513096,992.15826,12,-7.841736,-7.841736,0.0099352235,0.05,0,0.0,True,0.7841736,-0.0026602445,-0.21740124980467557,707,128,8752,1,0,12,0.0,982.10583,0.0,-43.760000000003934,0.0,-22.413405895233154,0.055197485722601414,0.07996402680873871,-105.90771675109863,0.0003
1592,513612,957.63934,32,-42.360657,-42.360657,0.19805746,0.05,0,0.0,True,4.2360654,-0.0036206574,-0.2914687392115593,127,10,57,0,9,23,324.85144,928.7004,-2.257465,-0.28500000000000014,0.0,-22.44704580307007,0.0787892509251833,0.07996401935815811,-106.07347106933594,0.0003
1593,514125,992.52155,18,-7.4784546,-7.4784546,0.45034072,0.05,0,0.0,True,0.7478455,-0.0023702586,-0.23128467716276646,42,12,294,0,4,14,80.8815,1058.6107,-1.2553248,-1.4699999999999906,0.0,-22.406983852386475,0.08288994105532765,0.07996399328112602,-105.83401870727539,0.0003
1594,514315,968.6843,87,-31.315674,-31.315674,0.25481045,0.05,0,0.0,True,3.1315672,-0.0061353063,-0.482165964370036,42,11,0,1,30,57,517.5048,1884.9854,-5.2507577,0.0,0.0,-22.357856273651123,0.0541868070140481,0.07996411807835102,-105.59357070922852,0.0003
1595,514854,986.0740693147899,11,-13.925930685210119,-13.925930685210119,0.024842559981244385,0.05,0,0.0,True,1.392593068521012,-0.0014040287092449211,-0.12110183666990369,7,67,149,1,0,11,0.0,1027.2,0.0,-0.7450000000000006,0.0,-22.386159896850586,0.05623022234067321,0.07996402867138386,-105.36195373535156,0.0003
1596,515392,973.61914,12,-26.38086,-26.38086,0.024880214,0.05,0,0.0,True,2.6380858,-0.0027067163,-0.18192615807056434,28,69,34,1,3,9,274.2177,782.8262,-0.47212592,-0.17000000000000007,0.0,-22.40723943710327,0.07801015488803387,0.0799640417098999,-106.05049705505371,0.0003
1597,515802,991.68744,21,-8.312561,-8.312561,0.07115205,0.05,0,0.0,True,0.83125603,-0.0020271451,-0.23851985298097123,15,36,0,1,3,18,25.447372,1334.6718,-1.2706105,0.0,0.0,-22.420689582824707,0.04290165286511183,0.07996403053402901,-105.97440719604492,0.0003
1598,516332,998.5181,30,-1.4818726,-1.4818726,0.30408725,0.05,0,0.0,True,0.14818725,-0.00253687,-0.19524889439222126,111,72,645,0,3,27,57.242764,1038.2952,-0.9399826,-3.2249999999999535,0.0,-22.382519721984863,0.0907763815484941,0.07996402308344841,-105.52333641052246,0.0003
1599,516838,1017.0255,17,17.025513,17.025513,0.91091406,0.05,0,0.0,True,-1.7025514,-0.0015588729,-0.36175562629625274,124,30,305,0,1,16,19.219543,988.9192,-0.28186506,-1.5249999999999895,0.0,-22.387291431427002,0.10745704011060297,0.07996398396790028,-106.13177871704102,0.0003
1600,517379,1000.8353,16,0.83532715,0.83532715,0.25103107,0.05,0,0.0,True,-0.08353271,-0.0015943134,-0.21221766516566273,21,32,495,0,2,14,16.665527,998.61115,0.0,-2.4749999999999694,0.0,-22.417295932769775,0.07592557743191719,0.07996399328112602,-105.95648956298828,0.0003
1601,517896,1006.2773,24,6.2772827,6.2772827,0.85292715,0.05,0,0.0,True,-0.6277283,-0.010114072,-0.28965838964579776,52,92,18,0,8,16,335.58914,1043.7697,-3.468068,-0.09000000000000001,0.0,-22.339258670806885,0.045828165486454964,0.0799640454351902,-105.59158134460449,0.0003
1602,518639,991.05566,34,-8.944336,-8.944336,0.42223284,0.05,0,0.0,True,0.8944336,-0.012329219,-0.23473686006760627,131,94,851,0,2,32,24.964848,1442.4343,-14.750006,-4.2549999999999315,0.0,-22.35077428817749,0.08276478806510568,0.0799640454351902,-105.78399276733398,0.0003
1603,519233,984.4278,9,-15.572205,-15.572205,0.04018654353208728,0.05,0,0.0,True,1.5572205,-0.0008471222,-0.2031633336911719,155,112,0,1,2,7,89.4969,893.1379199999999,0.0,0.0,0.0,-22.305373191833496,0.07549864752218127,0.07996407523751259,-105.75406074523926,0.0003
1604,519771,995.86597,32,-4.134033,-4.134033,0.3830663,0.05,0,0.0,True,0.41340333,-0.0045894184,-0.19592406749725347,221,136,343,1,8,24,92.56676,1100.813,-1.5939705,-1.7149999999999854,0.0,-22.318665981292725,0.7634221641346812,0.07996403053402901,-105.95059394836426,0.0003
1605,520325,977.6532,40,-22.346802,-22.346802,0.19796568,0.05,0,0.0,True,2.2346802,-0.008390624,-0.4004019727320179,91,26,215,0,10,30,295.74188,1647.5665,-8.003187,-1.074999999999999,0.0,-22.34334373474121,0.7643253579735756,0.07996401935815811,-105.95473861694336,0.0003
1606,520843,992.29877,19,-7.701233,-7.701233,0.112856574,0.05,0,0.0,True,0.7701233,-0.0021179346,-0.2822438229620458,41,55,945,1,2,17,23.395607,991.1049,-0.120248675,-4.7249999999999215,0.0,-22.3207106590271,0.3464590394869447,0.07996399328112602,-105.44836044311523,0.0003
1607,521403,991.6739,9,-8.326111,-8.326111,0.13481204,0.05,0,0.0,True,0.832611,-0.004050427,-0.20118819899857043,230,77,665,0,0,9,0.0,986.7974,0.0,-3.3249999999999513,0.0,-22.403553009033203,0.07993630925193429,0.07996398955583572,-105.8898754119873,0.0003
1608,521926,992.217,16,-7.78302,-7.78302,0.20842808,0.05,0,0.0,True,0.778302,-0.004681533,-0.24706951216606973,33,34,1377,1,2,14,11.499354,1019.08716,0.0,-6.884999999999875,0.0,-22.38930034637451,0.03721572691574693,0.07996401935815811,-105.90775680541992,0.0003
1609,522438,985.53094,9,-14.469055,-14.469055,0.0,0.05,0,0.0,True,1.4469055,-0.0012632593,-0.2527561520293342,41,39,35,0,0,9,0.0,989.97095,0.0,-0.17500000000000007,0.0,-22.3936710357666,0.21227760519832373,0.07996397092938423,-105.79327964782715,0.0003
1610,522951,955.8903,43,-44.10968,-44.10968,0.8968593,0.05,0,0.0,True,4.410968,-0.006143986,-0.292056639902017,36,24,0,1,15,28,362.63385,2310.118,-5.0645137,0.0,0.0,-22.365272521972656,0.44813072681427,0.07996398955583572,-105.94044494628906,0.0003
1611,523499,998.0332,31,-1.9667969,-1.9667969,0.48726028,0.05,0,0.0,True,0.19667968,-0.0035080963,-0.2710911235307675,44,116,126,1,5,26,38.11755,1288.2338,-2.5770411,-0.6300000000000004,0.0,-22.387982845306396,0.20381054189056158,0.07996401935815811,-105.96325492858887,0.0003
1612,524014,978.7362,28,-21.263794,-21.263794,0.15671194,0.05,0,0.0,True,2.1263793,-0.0016256458,-0.3335727662004061,29,50,47,0,4,24,141.17744,1076.7135,-1.1870482,-0.23500000000000013,0.0,-22.360288619995117,0.27120749093592167,0.07996401935815811,-105.84367561340332,0.0003
1613,524372,921.48535,40,-78.51465,-78.51465,0.45148927,0.05,0,0.0,True,7.851465,-0.022319287,-0.31450635322512105,117,92,0,0,7,33,96.20098,1425.9039,-22.470665,0.0,0.0,-22.382519721984863,0.3410613229498267,0.07996395975351334,-106.02912330627441,0.0003
1614,524889,988.61383,10,-11.386169,-11.386169,0.0,0.05,0,0.0,True,1.1386169,-0.0008196521,-0.17079094087614183,210,159,798,0,1,9,30.180887,954.18445,0.0,-3.989999999999937,0.0,-22.327781200408936,0.04856148408725858,0.07996398955583572,-105.96277618408203,0.0003
1615,525484,994.48615,22,-5.513855,-5.513855,0.20833264,0.05,0,0.0,True,0.55138546,-0.0026002158,-0.21276316524632888,44,37,718,1,1,21,27.474361,1126.6241,-1.0428888,-3.5899999999999457,0.0,-22.38407611846924,0.4976907968521118,0.07996401935815811,-105.78836631774902,0.0003
1616,525976,1013.07245,19,13.072449,13.072449,0.9311559,0.05,0,0.0,True,-1.3072449,-0.0026249848,-0.2853608733953913,94,33,91,0,3,16,32.288864,1037.4293,-0.6222848,-0.4550000000000003,0.0,-22.40214490890503,0.024698575492948294,0.07996397837996483,-105.9755916595459,0.0003
1617,526512,1003.4075,15,3.4074707,3.4074707,0.2647641,0.05,0,0.0,True,-0.34074706,-0.0050514275,-0.22967862264390224,157,97,472,0,1,14,17.705612,972.31464,0.0,-2.359999999999972,0.0,-22.3347110748291,0.2992567550390959,0.07996403053402901,-105.97242164611816,0.0003
1618,527261,1008.5788,14,8.578796,8.578796,1.0458335,0.05,0,0.0,True,-0.8578796,-0.0012654609,-0.19713208704019922,5,53,0,1,1,13,7.295999999999994,1185.036,-0.34742857142857114,0.0,0.0,-22.425196647644043,0.03615721547976136,0.07996398955583572,-105.69801330566406,0.0003
1619,527800,986.30884,26,-13.691162,-13.691162,1.2289709,0.05,0,0.0,True,1.3691162,-0.009519243,-0.2679608210362168,491,114,638,0,4,22,72.20195,1083.3741,-7.6294475,-3.189999999999954,0.0,-22.388339042663574,0.34612855687737465,0.07996400818228722,-105.81044578552246,0.0003
1620,528355,986.5956,44,-13.404419,-13.404419,0.21794955,0.05,0,0.0,True,1.3404418,-0.0044272738,-0.33602060802280903,92,37,881,1,14,30,191.39493,1507.028,-2.8264725,-4.404999999999928,0.0,-22.419063568115234,0.028146076016128063,0.07996398955583572,-106.09440994262695,0.0003
1621,529010,984.788676063828,8,-15.211323936171993,-15.211323936171993,0.07334457117709788,0.05,0,0.0,True,1.5211323936171992,-0.0014418670480469816,-0.16235634435396837,9,46,109,1,0,8,0.0,1228.7999999999997,0.0,-0.5450000000000004,0.0,-22.397156715393066,0.056755063124001026,0.07996400818228722,-106.00939178466797,0.0003
1622,529566,999.7482229885139,6,-0.25177701148606957,-0.25177701148606957,0.1291965375245755,0.05,0,0.0,True,0.02517770114860696,-0.0007368904574468659,-0.14766971268544585,162,40,261,1,0,6,0.0,979.1999999999998,0.0,-1.3049999999999942,0.0,-22.44697618484497,0.04081168817356229,0.07996398955583572,-106.05719566345215,0.0003
1623,530110,997.74097,27,-2.2590332,-2.2590332,0.35390085,0.05,0,0.0,True,0.22590333,-0.0021397716,-0.2563547246903181,22,89,350,1,3,24,41.51587,1144.9541,-1.2279646,-1.7499999999999847,0.0,-22.446065425872803,0.23748096358031034,0.07996400259435177,-105.71652603149414,0.0003
1624,530654,998.1179,9,-1.8820801,-1.8820801,0.033954285,0.05,0,0.0,True,0.18820801,-0.0009911829,-0.23314478826211768,64,74,858,1,0,9,0.0,992.10657,0.0,-4.289999999999931,0.0,-22.369791507720947,0.23689820524305105,0.07996398955583572,-105.49942398071289,0.0003
1625,531163,969.6651,32,-30.3349,-30.3349,0.65335417,0.05,0,0.0,True,3.03349,-0.008228055,-0.37378653915563953,88,20,108,0,5,27,34.219116,1192.327,-4.2984653,-0.5400000000000004,0.0,-22.455831050872803,0.029993955045938492,0.07996403053402901,-106.03790855407715,0.0003
1626,531693,975.2043,14,-24.795715,-24.795715,0.75177366,0.05,0,0.0,True,2.4795716,-0.003108675,-0.2292925485223532,20,22,12,0,2,12,78.75786,912.61066,0.0,-0.05999999999999999,0.0,-22.318512439727783,0.10191206354647875,0.07996401190757751,-105.47536277770996,0.0003
1627,532210,999.0806,35,-0.91937256,-0.91937256,0.2938079,0.05,0,0.0,True,0.09193725,-0.004070865,-0.4101803954705692,121,77,621,1,7,28,43.143974,1086.6401,-2.6571443,-3.104999999999956,0.0,-22.430384159088135,0.0875206496566534,0.07996398955583572,-105.88163757324219,0.0003
1628,532762,1003.233,19,3.2329712,3.2329712,0.3241836,0.05,0,0.0,True,-0.32329714,-0.004666416,-0.2444485772401094,91,72,644,0,1,18,5.4134216,999.08026,-0.20223159,-3.2199999999999536,0.0,-22.377443313598633,0.06600002478808165,0.07996396534144878,-105.99626159667969,0.0003
1629,533299,992.9029,14,-7.097107,-7.097107,0.0152498055,0.05,0,0.0,True,0.7097107,-0.001211812,-0.25444311838336825,135,202,496,0,1,13,27.916937,962.9635,0.0,-2.4799999999999693,0.0,-22.359914779663086,0.6603825837373734,0.0799640417098999,-106.07256698608398,0.0003
1630,533863,988.30786,26,-11.692139,-11.692139,0.8122961,0.05,0,0.0,True,1.1692139,-0.005820738,-0.17633530989289287,30,28,8,1,3,23,186.87495,1378.7648,-1.174335,-0.04,0.0,-22.304838180541992,0.10452619753777981,0.0799640454351902,-105.82983016967773,0.0003
1631,534392,998.3003231387909,7,-1.6996768612091273,-1.6996768612091273,0.11246128803288681,0.05,0,0.0,True,0.16996768612091273,-0.0012946771529354975,-0.1991560094154004,95,29,295,1,0,7,0.0,984.1920000000002,0.0,-1.4749999999999905,0.0,-22.34030294418335,0.08591869566589594,0.07996403053402901,-105.86266708374023,0.0003
1632,535005,1004.5388,14,4.5388184,4.5388184,0.46256548,0.05,0,0.0,True,-0.45388183,-0.0015617242,-0.21526094261770656,111,35,548,1,2,12,41.125828,952.4734,0.0,-2.739999999999964,0.0,-22.423203468322754,0.058889455161988735,0.07996396534144878,-105.87061500549316,0.0003
1633,535519,974.23535,42,-25.764648,-25.764648,0.11323608,0.05,0,0.0,True,2.576465,-0.008047367,-0.45267787002761495,201,12,123,1,11,31,117.17495,1089.0172,-1.5019518,-0.6150000000000004,0.0,-22.36505651473999,0.06815972924232483,0.0799640454351902,-105.71817207336426,0.0003
1634,536035,998.42883,48,-1.571167,-1.571167,0.56832767,0.05,0,0.0,True,0.1571167,-0.0040654214,-0.3841217597570706,149,79,61,1,10,38,209.28477,1523.4348,-3.742282,-0.30500000000000016,0.0,-22.361236572265625,0.5594467171467841,0.07996398955583572,-105.83299827575684,0.0003
1635,536571,978.1375,16,-21.862488,-21.862488,0.15107845,0.05,0,0.0,True,2.1862488,-0.0027179737,-0.197600658302623,29,50,1045,0,1,15,14.384738,1010.7158,0.0,-5.224999999999911,0.0,-22.31947374343872,0.08030348550528288,0.07996400259435177,-105.56047058105469,0.0003
1636,537128,1001.82184,18,1.8218384,1.8218384,0.7838397,0.05,0,0.0,True,-0.18218385,-0.011649344,-0.19926578627993607,333,188,966,1,2,16,108.78111,943.45984,-3.1586454,-4.829999999999919,0.0,-22.40506076812744,0.1365165039896965,0.07996401935815811,-105.98262023925781,0.0003
1637,537646,1040.0815,12,40.081543,40.081543,2.3459065,0.05,0,0.0,True,-4.0081544,-0.002710532,-0.15927239177165062,10,79,108,1,3,9,320.67218,689.8428,0.0,-0.5400000000000004,0.0,-22.37098217010498,0.03674144484102726,0.07996401935815811,-105.63958358764648,0.0003
1638,538158,954.56836,51,-45.43164,-45.43164,0.1261601,0.05,0,0.0,True,4.543164,-0.018920843,-0.45017901875684685,159,77,211,0,17,34,454.20996,2246.894,-14.180223,-1.0549999999999995,0.0,-22.37297248840332,0.042783370707184076,0.07996398955583572,-105.8634204864502,0.0003
1639,538726,993.1786,23,-6.821411,-6.821411,0.11972446,0.05,0,0.0,True,0.6821411,-0.0057309307,-0.3861058265827776,49,44,405,1,4,19,31.206528,1023.836,-1.6867388,-2.024999999999979,0.0,-22.2801456451416,0.1615262608975172,0.07996402308344841,-105.34622192382812,0.0003
1640,539316,994.6996,23,-5.300415,-5.300415,0.17217869,0.05,0,0.0,True,0.5300415,-0.00299828,-0.3212462072074414,250,102,304,1,3,20,27.20477,1151.6906,-1.3534678,-1.5199999999999896,0.0,-22.384928226470947,0.38915824238210917,0.07996403053402901,-106.09754753112793,0.0003
1641,539819,993.8084,21,-6.1915894,-6.1915894,0.32755312,0.05,0,0.0,True,0.6191589,-0.006039674,-0.3624284706752626,122,18,787,0,1,20,7.346402,1075.2192,-0.8617659,-3.9349999999999383,0.0,-22.36895990371704,0.25773707777261734,0.0799640454351902,-105.86583137512207,0.0003
1642,540344,998.5024,14,-1.4976196,-1.4976196,0.0069812736,0.05,0,0.0,True,0.14976196,-0.0017037108,-0.22462859645745495,20,94,784,0,0,14,0.0,995.6778,0.0,-3.9199999999999386,0.0,-22.39153003692627,0.10106877610087395,0.0799640454351902,-105.95030784606934,0.0003
1643,540933,993.5383,25,-6.46167,-6.46167,0.21512009,0.05,0,0.0,True,0.646167,-0.004109908,-0.2600219762503583,54,29,138,1,5,20,54.664505,1045.8108,-0.526164,-0.6900000000000005,0.0,-22.280890941619873,0.1612461321055889,0.07996400818228722,-105.74933052062988,0.0003
1644,541455,935.4709,21,-64.52911,-64.52911,0.061118692,0.05,0,0.0,True,6.4529114,-0.021484956,-0.2347269006473264,11,74,839,1,7,14,118.53628,999.4556,-11.756668,-4.194999999999933,0.0,-22.420832633972168,0.05120944231748581,0.07996403053402901,-105.98016738891602,0.0003
1645,541970,1001.94995,7,1.9499512,1.9499512,0.13647032,0.05,0,0.0,True,-0.19499512,-0.0003119234,-0.16190781280398378,146,140,416,1,0,7,0.0,988.2317,0.0,-2.079999999999978,0.0,-22.42112922668457,0.07263249345123768,0.07996398955583572,-105.96985626220703,0.0003
1646,542499,986.60406,28,-13.395935,-13.395935,0.028455673,0.05,0,0.0,True,1.3395935,-0.008747873,-0.27712964251637456,43,112,282,1,2,26,101.05575,1079.2932,-3.7606418,-1.409999999999992,0.0,-22.387306213378906,0.09440895635634661,0.07996398955583572,-105.87667083740234,0.0003
1647,543008,997.99603,20,-2.0039673,-2.0039673,0.12213465,0.05,0,0.0,True,0.20039673,-0.0022405828,-0.21742321696911643,44,72,185,0,5,15,36.41946,1011.5322,-0.47802618,-0.9250000000000007,0.0,-22.371612548828125,0.08961862791329622,0.07996399700641632,-105.83313751220703,0.0003
1648,543556,995.4542,8,-4.5457764,-4.5457764,0.0,0.05,0,0.0,True,0.45457762,-0.0018501894,-0.2120223596866137,378,72,562,0,0,8,0.0,983.55457,0.0,-2.8099999999999623,0.0,-22.346489906311035,0.30264801159501076,0.07996398955583572,-105.92209053039551,0.0003
1649,544175,990.7927707441969,9,-9.2072292558031,-9.2072292558031,0.028856167051463526,0.05,0,0.0,True,0.92072292558031,-0.0014506947489204395,-0.1605169217868601,10,81,529,1,1,8,9.6,998.4000000000001,0.0,-2.644999999999966,0.0,-22.37462615966797,0.13510278891772032,0.0799640417098999,-106.01531791687012,0.0003
1650,544686,980.1304,47,-19.869629,-19.869629,0.0089340145,0.05,0,0.0,True,1.9869629,-0.006335253,-0.4475072430819274,125,37,124,1,12,35,385.9186,1971.4355,-10.302269,-0.6200000000000004,0.0,-22.3902587890625,0.20637180842459202,0.07996396906673908,-105.80456733703613,0.0003
1651,545202,988.6492,17,-11.35083,-11.35083,0.063810565,0.05,0,0.0,True,1.135083,-0.0017533158,-0.2800401978194714,206,47,309,1,0,17,0.0,980.4081,0.0,-1.544999999999989,0.0,-22.4366135597229,0.06371075054630637,0.0799640454351902,-105.7469596862793,0.0003
1652,545746,999.17664,15,-0.82336426,-0.82336426,0.12524332,0.05,0,0.0,True,0.082336426,-0.0011069324,-0.2636627008352489,418,75,839,0,0,15,0.0,981.9238,0.0,-4.194999999999933,0.0,-22.383591651916504,0.0593124027363956,0.07996403612196445,-105.7920093536377,0.0003
1653,546268,950.5936,62,-49.406372,-49.406372,0.9927182,0.05,0,0.0,True,4.940637,-0.010103087,-0.51927694439888,63,10,0,0,24,38,453.98898,2368.736,-6.8589783,0.0,0.0,-22.373509883880615,0.07274177949875593,0.07996399328112602,-105.9188461303711,0.0003
1654,546791,999.4433612191925,12,-0.5566387808074751,-0.5566387808074751,0.037947244087241795,0.05,0,0.0,True,0.05566387808074751,-0.0009598048922390527,-0.14718945310171813,17,92,151,1,0,12,0.0,1011.9168000000001,0.0,-0.7550000000000006,0.0,-22.383509159088135,0.04087259108200669,0.07996401935815811,-105.92521858215332,0.0003
1655,547307,969.4754,19,-30.524597,-30.524597,0.25481936,0.05,0,0.0,True,3.0524597,-0.0046045757,-0.18008513607538648,25,64,275,1,4,15,189.56235,1274.077,-0.8493048,-1.3749999999999927,0.0,-22.357513427734375,0.09399326704442501,0.07996398955583572,-105.9083366394043,0.0003
1656,547990,1005.8666,14,5.866577,5.866577,0.43631774,0.05,0,0.0,True,-0.5866577,-0.0024392786,-0.23530490374773008,280,93,319,0,1,13,12.516952,972.34827,0.0,-1.594999999999988,0.0,-22.38603162765503,0.5161369945853949,0.0799640454351902,-105.83627319335938,0.0003
1657,548549,1014.57263,23,14.572632,14.572632,0.94623864,0.05,0,0.0,True,-1.4572631,-0.042291142,-0.17000335343996684,93,166,352,0,3,20,296.35376,785.9183,-3.4059138,-1.7599999999999845,0.0,-22.336618423461914,0.7547305505722761,0.07996405102312565,-105.60988426208496,0.0003
1658,549106,1020.902,15,20.901978,20.901978,1.1116115,0.05,0,0.0,True,-2.0901978,-0.0022282577,-0.20284231359890342,110,80,305,0,4,11,76.32543,942.4731,-0.080455475,-1.5249999999999895,0.0,-22.316425800323486,0.09889260400086641,0.07996398955583572,-105.95989227294922,0.0003
1659,549578,966.2657,22,-33.734314,-33.734314,0.07824411,0.05,0,0.0,True,3.3734314,-0.0028122542,-0.24440889746835043,30,71,171,1,3,19,103.805016,1285.9103,-1.6587286,-0.8550000000000006,0.0,-22.361886501312256,0.06807834934443235,0.07996401935815811,-105.67366027832031,0.0003
1660,550218,954.00116,86,-45.99884,-45.99884,0.3244681,0.05,0,0.0,True,4.599884,-0.023189895,-0.740192807933089,104,3,406,0,27,59,460.13766,2011.7776,-30.992136,-2.029999999999979,0.0,-22.322221755981445,0.915771484375,0.07996400259435177,-106.01471710205078,0.0003
1661,550622,983.00836,22,-16.991638,-16.991638,0.069536015,0.05,0,0.0,True,1.6991638,-0.0022680638,-0.2316809856891632,228,91,234,1,4,18,20.972902,1187.6575,-0.98734814,-1.169999999999997,0.0,-22.37343692779541,0.1002692966721952,0.07996398396790028,-105.74408531188965,0.0003
1662,551194,962.3396,49,-37.6604,-37.6604,0.029903457,0.05,0,0.0,True,3.76604,-0.0046706162,-0.37051231145858765,77,13,136,1,14,35,181.99583,1269.9166,-2.582093,-0.6800000000000005,0.0,-22.364086151123047,0.1438232925720513,0.07996401935815811,-105.88224411010742,0.0003
1663,551757,989.2812,39,-10.718811,-10.718811,0.39129966,0.05,0,0.0,True,1.0718812,-0.007215937,-0.389647108465433,252,130,859,0,6,33,62.326515,1963.2526,-7.8669925,-4.294999999999931,0.0,-22.37047529220581,0.17249429505318403,0.07996401935815811,-105.65099716186523,0.0003
1664,552280,988.59674,19,-11.403259,-11.403259,0.020092718,0.05,0,0.0,True,1.1403259,-0.0040851785,-0.27589040688018845,334,39,1402,1,0,19,0.0,983.01416,0.0,-7.009999999999873,0.0,-22.40243673324585,0.052781460573896766,0.0799640603363514,-106.16636657714844,0.0003
1665,552852,987.2498,15,-12.750183,-12.750183,0.0,0.05,0,0.0,True,1.2750183,-0.0014089945,-0.2127853144753572,47,138,1211,1,0,15,0.0,998.44904,0.0,-6.054999999999893,0.0,-22.28531312942505,0.17829631175845861,0.0799640454351902,-105.76232719421387,0.0003
1666,553367,998.2091,11,-1.7908936,-1.7908936,0.018237319,0.05,0,0.0,True,0.17908935,-0.0009612672,-0.18896404571831227,105,63,1755,1,0,11,0.0,991.7537,0.0,-8.774999999999972,0.0,-22.293734073638916,0.29716193210333586,0.07996401935815811,-105.45103073120117,0.0003
1667,553602,994.8725,26,-5.1275024,-5.1275024,0.25725856,0.05,0,0.0,True,0.51275027,-0.002317136,-0.27295958384871466,127,66,268,1,6,20,130.75197,1146.0328,-1.8679574,-1.3399999999999934,0.0,-22.358524322509766,0.6972060701809824,0.07996398955583572,-105.94212341308594,0.0003
1668,554150,993.1559,13,-6.844116,-6.844116,0.03576227,0.05,0,0.0,True,0.68441164,-0.0012168196,-0.25820290580391886,252,128,235,1,2,11,58.112225,921.6898,0.0,-1.174999999999997,0.0,-22.363789081573486,0.07610280625522137,0.07996401935815811,-105.76457405090332,0.0003
1669,554653,1028.5154,30,28.51538,28.51538,1.6259471,0.05,0,0.0,True,-2.8515382,-0.002131094,-0.5117487345315973,169,16,216,0,3,27,33.053642,1055.7892,-1.4481204,-1.079999999999999,0.0,-22.43475866317749,0.1417535562068224,0.07996401935815811,-105.73740577697754,0.0003
1670,554935,993.12195,15,-6.8780518,-6.8780518,0.1866685,0.05,0,0.0,True,0.6878052,-0.0029552926,-0.2150713093848487,29,57,125,1,0,15,0.0,1036.3876,0.0,-0.6250000000000004,0.0,-22.362671852111816,0.4120464692823589,0.0799640454351902,-105.7935676574707,0.0003
1671,555137,995.5422,7,-4.4578247,-4.4578247,0.08819488,0.05,0,0.0,True,0.44578248,-0.0012058888,-0.13294558578994997,11,38,5,1,0,7,0.0,1027.3075,0.0,-0.025,0.0,-22.396464824676514,0.1428954340517521,0.07996398955583572,-105.9676570892334,0.0003
1672,555667,997.5402548170151,14,-2.459745182984875,-2.459745182984875,0.15927859817458068,0.05,0,0.0,True,0.24597451829848752,-0.0007755512267797955,-0.21472178963013688,18,33,0,1,1,13,9.784320000000006,1008.1535999999996,0.0,0.0,0.0,-22.32909059524536,0.37196794291958213,0.07996403053402901,-105.81216049194336,0.0003
1673,556261,993.8178431326586,5,-6.182156867341405,-6.182156867341405,0.008681173202078871,0.05,0,0.0,True,0.6182156867341405,-0.0009690715089704178,-0.1134737133111486,7,80,536,1,0,5,0.0,1200.0,0.0,-2.679999999999965,0.0,-22.30343198776245,0.08621195843443274,0.07996398955583572,-105.76553535461426,0.0003
1674,556880,999.13605,8,-0.86395264,-0.86395264,0.25995034,0.05,0,0.0,True,0.08639526,-0.0012479032,-0.17785564976654825,157,89,499,1,0,8,0.0,987.6508,0.0,-2.494999999999969,0.0,-22.32011079788208,0.15681349951773882,0.0799640454351902,-105.83694458007812,0.0003
1675,557410,1003.4787618417296,8,3.478761841729579,3.478761841729579,0.47150468679821145,0.05,0,0.0,True,-0.34787618417295785,-0.0012515113233783073,-0.16274496668933344,9,63,292,1,0,8,0.0,1056.0000000000002,0.0,-1.4599999999999909,0.0,-22.41758155822754,0.07655033748596907,0.07996403053402901,-105.77704811096191,0.0003
1676,557996,985.8962,73,-14.103821,-14.103821,0.64513654,0.05,0,0.0,True,1.410382,-0.008851457,-0.5890275696383326,55,39,464,0,16,57,181.62653,1761.6182,-8.6286,-2.3199999999999728,0.0,-22.410953521728516,0.49046336067840457,0.07996401377022266,-105.81479263305664,0.0003
1677,558565,1003.38855,16,3.3885498,3.3885498,0.8632944,0.05,0,0.0,True,-0.338855,-0.003520961,-0.268232326024695,104,13,93,0,2,14,65.37777,1077.6724,-1.5313681,-0.4650000000000003,0.0,-22.36286973953247,0.1578577570617199,0.0799640417098999,-105.73971366882324,0.0003
1678,559075,985.8716,16,-14.128418,-14.128418,0.06751073,0.05,0,0.0,True,1.4128418,-0.00320402,-0.3057231736891167,72,53,225,0,3,13,48.884636,942.50195,0.0,-1.124999999999998,0.0,-22.329105377197266,0.24623109959065914,0.07996398955583572,-106.05171585083008,0.0003
1679,559615,991.6184,28,-8.381592,-8.381592,0.07128305,0.05,0,0.0,True,0.8381592,-0.002918934,-0.2672444629955017,37,75,724,1,2,26,30.434185,1062.5316,-1.5207682,-3.619999999999945,0.0,-22.352689266204834,0.41114529594779015,0.0799640454351902,-105.87532424926758,0.0003
1680,560140,994.94324,6,-5.0567627,-5.0567627,0.060819127,0.05,0,0.0,True,0.50567627,-0.0006731332,-0.11347371228039269,2,17,0,1,0,6,0.0,1257.1172,0.0,0.0,0.0,-22.276745796203613,0.10336004942655563,0.07996401935815811,-105.73844528198242,0.0003
1681,560663,1004.979,36,4.979004,4.979004,0.8541648,0.05,0,0.0,True,-0.49790037,-0.004744663,-0.28917307054365493,29,5,36,0,8,28,166.8174,1474.4043,-3.1657739,-0.18000000000000008,0.0,-22.391719341278076,0.269128511659801,0.07996399700641632,-105.63825988769531,0.0003
1682,561201,996.8646,17,-3.135376,-3.135376,0.4772542,0.05,0,0.0,True,0.3135376,-0.0026443403,-0.20920443724997834,135,31,390,1,2,15,45.974434,1241.5911,-0.89156204,-1.9499999999999804,0.0,-22.306340217590332,0.0948746856302023,0.07996401935815811,-105.63031959533691,0.0003
1683,561731,992.0007,22,-7.9993286,-7.9993286,0.22185484,0.05,0,0.0,True,0.7999329,-0.0033587648,-0.23013169568329517,61,47,976,1,3,19,17.787832,1022.4883,-0.64169616,-4.879999999999918,0.0,-22.405585289001465,0.37017621705308557,0.07996398955583572,-106.17157936096191,0.0003
1684,562277,993.1443838562698,17,-6.855616143730231,-6.855616143730231,0.07737371653246146,0.05,0,0.0,True,0.6855616143730231,-0.003822967423694886,-0.1333985905701192,53,149,569,1,4,13,35.35542857142853,1025.0880000000002,-1.1946400347372967,-2.8449999999999616,0.0,-22.354761123657227,0.30153245478868484,0.07996399328112602,-105.66948509216309,0.0003
1685,562812,1024.5731,18,24.57312,24.57312,1.7210889,0.05,0,0.0,True,-2.4573119,-0.0030430448,-0.23671159807592973,185,105,83,1,3,15,36.006676,1080.4626,-0.8387847,-0.41500000000000026,0.0,-22.357693195343018,0.056729529052972794,0.07996403239667416,-105.47731018066406,0.0003
1686,563366,978.7991,178,-21.200928,-21.200928,1.3841505,0.05,0,0.0,True,2.1200926,-0.021990122,-0.8324638186404295,249,29,113,1,44,134,725.2406,4605.442,-28.080048,-0.5650000000000004,1.5469338e-08,-22.33865785598755,0.15653388760983944,0.07996402308344841,-105.2970199584961,0.0003
1687,563888,970.38873,46,-29.611267,-29.611267,0.32992908,0.05,0,0.0,True,2.9611268,-0.008618561,-0.48433794283337256,217,0,301,0,10,36,79.465385,1269.7478,-6.9075527,-1.50499999999999,0.0,-22.351169109344482,0.7661413252353668,0.07996399700641632,-105.82283782958984,0.0003
1688,564151,979.44476,31,-20.555237,-20.555237,0.055578016,0.05,0,0.0,True,2.0555236,-0.0070870463,-0.29276929131504076,67,28,354,1,7,24,91.18368,1353.8529,-3.771437,-1.7699999999999843,0.0,-22.345499515533447,0.27035815455019474,0.07996406964957714,-105.45127487182617,0.0003
1689,564821,1044.2979,20,44.29785,44.29785,2.3510346,0.05,0,0.0,True,-4.4297853,-0.002217739,-0.2897935167926377,32,88,655,0,0,20,0.0,1011.61707,0.0,-3.2749999999999524,0.0,-22.373767375946045,0.11081941053271294,0.07996398955583572,-105.9656982421875,0.0003
1690,565319,1001.09,6,1.0900269,1.0900269,0.45481583,0.05,0,0.0,True,-0.10900268,-0.0009793333,-0.11347371399402621,2,11,8,0,0,6,0.0,1343.0828,0.0,-0.04,0.0,-22.332468509674072,0.30033134296536446,0.07996405847370625,-105.55917739868164,0.0003
1691,565841,984.10156,51,-15.8984375,-15.8984375,0.16894199,0.05,0,0.0,True,1.5898439,-0.00416449,-0.32546667718033834,34,54,119,0,15,36,349.3667,1735.4022,-3.8062415,-0.5950000000000004,0.0,-22.368382453918457,0.1073151919990778,0.0799640454351902,-105.83023071289062,0.0003
1692,566409,992.411,12,-7.5889893,-7.5889893,0.0013644279,0.05,0,0.0,True,0.7588989,-0.0007286833,-0.18648090541362763,43,135,342,1,0,12,0.0,992.7718,0.0,-1.7099999999999855,0.0,-22.38776206970215,0.09172332240268588,0.07996396534144878,-105.9821548461914,0.0003
1693,567026,1005.6778360783412,7,5.677836078341215,5.677836078341215,0.3714593923620786,0.05,0,0.0,True,-0.5677836078341216,-0.0012071803545205275,-0.16039306153380575,165,58,470,1,1,6,67.2,921.6000000000001,0.0,-2.349999999999972,0.0,-22.405234336853027,0.12715530302375555,0.07996398955583572,-105.72246742248535,0.0003
1694,567542,936.1532,19,-63.8468,-63.8468,0.0151102515,0.05,0,0.0,True,6.3846803,-0.008959502,-0.19682009436190126,44,63,1462,1,2,17,223.3583,794.5965,0.0,-7.309999999999866,0.0,-22.295795440673828,0.08855588361620903,0.07996400259435177,-106.05339050292969,0.0003
1695,568085,980.712,13,-19.288025,-19.288025,0.10560704,0.05,0,0.0,True,1.9288026,-0.0073167738,-0.24949405880194309,141,58,539,0,1,12,19.64587,970.16205,0.0,-2.6949999999999648,0.0,-22.28138828277588,0.503616071306169,0.07996401935815811,-105.8312759399414,0.0003
1696,568816,992.7676,8,-7.232422,-7.232422,0.20429271,0.05,0,0.0,True,0.7232422,-0.013539072,-0.16203466661274435,289,112,1576,0,2,6,25.451897,962.1573,0.0,-7.879999999999854,0.0,-22.37381076812744,0.44213558081537485,0.0799640603363514,-105.32446670532227,0.0003
1697,569350,994.4498,16,-5.550171,-5.550171,0.33550954,0.05,0,0.0,True,0.55501705,-0.008483824,-0.2757440577426383,289,54,187,0,2,14,20.505459,985.84705,-2.8040333,-0.9350000000000007,0.0,-22.358733654022217,0.20248203352093697,0.07996400259435177,-105.6524429321289,0.0003
1698,569875,995.5469099175817,8,-4.453090082418271,-4.453090082418271,0.02674145508069551,0.05,0,0.0,True,0.44530900824182706,-0.0027930180211438527,-0.12043150045826102,5,86,323,0,0,8,0.0,998.4000000000001,0.0,-1.6149999999999876,0.0,-22.35028076171875,0.0913280313834548,0.07996398955583572,-105.84278297424316,0.0003
1699,570400,997.4399,13,-2.5601196,-2.5601196,0.22145188,0.05,0,0.0,True,0.25601196,-0.0012632161,-0.17297291383955654,49,55,356,0,0,13,0.0,997.48553,0.0,-1.779999999999984,0.0,-22.322265625,0.2615942507982254,0.0799640454351902,-105.76794052124023,0.0003
1700,570943,839.20984,17,-160.79016,-160.79016,0.4282294,0.05,0,0.0,True,16.079016,-0.01732496,-0.20385776311159134,16,61,527,0,3,14,179.67783,859.39825,-1.2315686,-2.634999999999966,0.0,-22.317345142364502,0.34808165207505226,0.07996398955583572,-105.97430801391602,0.0003
1701,571495,998.4665,17,-1.5335083,-1.5335083,0.020835687289146674,0.05,0,0.0,True,0.15335083,-0.0008700222,-0.21249625434425257,32,77,535,0,1,16,7.180711,1012.7084,0.0,-2.674999999999965,0.0,-22.380281925201416,0.5660458048805594,0.07996405474841595,-105.64678192138672,0.0003
1702,572136,1000.0,14,0.0,0.0,0.0,0.05,0,0.0,True,0.0,-0.002691519,-0.22047601379454138,374,70,769,1,0,14,0.0,980.87976,0.0,-3.8449999999999402,0.0,-22.37245273590088,0.08775248005986214,0.07996398955583572,-106.010498046875,0.0003
1703,572688,1007.47424,23,7.474243,7.474243,0.39338273,0.05,0,0.0,True,-0.7474243,-0.0028489353,-0.25985144063830373,66,49,582,0,0,23,0.0,992.77716,0.0,-2.90999999999996,0.0,-22.344621181488037,0.22065146826207638,0.07996400818228722,-105.82621574401855,0.0003
1704,573201,957.3239,41,-42.676086,-42.676086,0.8486929,0.05,0,0.0,True,4.2676086,-0.0075741378,-0.3675298172439315,86,23,18,0,6,35,69.40673,1328.2961,-3.355757,-0.09000000000000001,0.0,-22.3063063621521,0.29731933027505875,0.0799640454351902,-105.79905128479004,0.0003
1705,573739,985.7428,14,-14.257202,-14.257202,0.34346038,0.05,0,0.0,True,1.4257202,-0.00448583,-0.21501696173155713,149,90,610,1,0,14,0.0,990.0514,0.0,-3.049999999999957,0.0,-22.388032913208008,0.12269724160432816,0.07996401935815811,-105.94341850280762,0.0003
1706,574353,984.80835,9,-15.19165,-15.19165,0.0,0.05,0,0.0,True,1.519165,-0.0024865037,-0.14520016171038144,4,80,787,0,1,8,15.230875,982.2307,0.0,-3.9349999999999383,0.0,-22.30839729309082,0.7843642299994826,0.07996401935815811,-105.81027412414551,0.0003
1707,574907,1010.4429,16,10.442871,10.442871,0.54962385,0.05,0,0.0,True,-1.0442871,-0.023841895,-0.24275873505514753,260,29,562,0,5,11,466.37317,517.0137,0.0,-2.8099999999999623,0.0,-22.383310317993164,0.06255366886034608,0.07996398396790028,-106.1368293762207,0.0003
1708,575438,1023.0103,29,23.010315,23.010315,1.5911717,0.05,0,0.0,True,-2.3010316,-0.029500935,-0.3617843397172754,327,66,599,0,8,21,87.63288,1267.7909,-6.2463365,-2.9949999999999584,0.0,-22.43568229675293,0.044453663751482964,0.07996398955583572,-105.9962100982666,0.0003
1709,575957,1024.8198,23,24.819824,24.819824,1.3565077,0.05,0,0.0,True,-2.4819825,-0.0039460203,-0.3225086882662856,211,51,630,0,2,21,34.976765,1031.2114,-0.9539108,-3.149999999999955,0.0,-22.308432579040527,0.31540300603955984,0.07996401935815811,-105.92066764831543,0.0003
1710,576495,1012.34424,78,12.344238,12.344238,1.8879304,0.05,0,0.0,True,-1.2344239,-0.009439684,-0.5741896312869966,89,56,250,1,22,56,361.35376,2400.3406,-11.021167,-1.2499999999999953,0.0,-22.269571781158447,0.13420010171830654,0.07996399328112602,-105.76068496704102,0.0003
1711,577045,983.8565,31,-16.143494,-16.143494,0.1067725,0.05,0,0.0,True,1.6143494,-0.019684747,-0.2532024360957879,87,119,523,0,3,28,25.530167,1417.051,-5.844057,-2.6149999999999665,0.0,-22.24239683151245,0.5534961372613907,0.07996403239667416,-105.51104164123535,0.0003
1712,577585,979.58685,12,-20.413147,-20.413147,0.09825645,0.05,0,0.0,True,2.0413148,-0.002743417,-0.2047620101816923,289,110,516,1,1,11,29.490305,954.6881,0.0,-2.579999999999967,0.0,-22.421369075775146,0.10245584137737751,0.0799640454351902,-105.78757095336914,0.0003
1713,578154,996.2628,9,-3.7371826,-3.7371826,0.13383295,0.05,0,0.0,True,0.37371826,-0.0007842275,-0.1989112095842113,120,94,17,1,0,9,0.0,980.59216,0.0,-0.085,0.0,-22.32490110397339,0.13381135277450085,0.07996398955583572,-105.9473648071289,0.0003
1714,578669,1001.17163,16,1.1716309,1.1716309,0.18823127,0.05,0,0.0,True,-0.11716308,-0.0020381485,-0.23363383673131474,367,122,135,0,1,15,65.006195,1005.2898,-1.3225355,-0.6750000000000005,0.0,-22.29969072341919,0.15249670203775167,0.07996405474841595,-105.76673126220703,0.0003
1715,579288,1001.66846,23,1.668457,1.668457,0.48381996,0.05,0,0.0,True,-0.16684571,-0.002478172,-0.28713080182671563,37,50,194,1,6,17,59.797024,979.1364,-0.33682796,-0.9700000000000008,0.0,-22.30736207962036,0.1452038176357746,0.07996403239667416,-105.36832237243652,0.0003
1716,579824,997.573,24,-2.427002,-2.427002,0.6463671,0.05,0,0.0,True,0.24270019,-0.00883921,-0.28474361394533926,45,76,568,0,3,21,21.416683,1296.6361,-3.7356942,-2.8399999999999617,0.0,-22.33933115005493,0.14774340763688087,0.07996405102312565,-105.65338516235352,0.0003
1717,580365,1014.49243,26,14.492432,14.492432,1.3704611,0.05,0,0.0,True,-1.4492432,-0.0035900269,-0.3253046048432588,13,54,121,1,5,21,70.883385,1232.6826,-3.4878438,-0.6050000000000004,0.0,-22.350682258605957,0.5745998863130808,0.0799640417098999,-105.96358489990234,0.0003
1718,580871,892.0753,78,-107.92468,-107.92468,0.06398668,0.05,0,0.0,True,10.792468,-0.012046928,-0.5794732267330519,53,8,0,1,28,50,659.56665,2573.0828,-14.245406,0.0,0.0,-22.372079372406006,0.45975342160090804,0.07996398955583572,-105.96142959594727,0.0003
1719,581375,988.1818,12,-11.818176,-11.818176,0.14715855,0.05,0,0.0,True,1.1818177,-0.004690937,-0.17257472090423115,37,75,2249,1,0,12,0.0,999.9505,0.0,-11.245000000000358,0.0,-22.425987243652344,0.053082266822457314,0.07996398955583572,-105.88592720031738,0.0003
1720,581895,1003.4556,16,3.4556274,3.4556274,0.6644045,0.05,0,0.0,True,-0.34556276,-0.002169478,-0.37364245622203573,117,61,12,1,0,16,0.0,986.8271,0.0,-0.05999999999999999,0.0,-22.359262943267822,0.12110411887988448,0.07996401935815811,-105.68100357055664,0.0003
1721,582449,1010.58954,15,10.589539,10.589539,0.5573451,0.05,0,0.0,True,-1.0589538,-0.020403497,-0.23493027458751503,267,32,581,0,3,12,393.29526,589.55096,0.0,-2.9049999999999603,0.0,-22.387192726135254,0.15222240751609206,0.07996398955583572,-105.99322891235352,0.0003
1722,583019,988.14905,20,-11.850952,-11.850952,0.0,0.05,0,0.0,True,1.1850952,-0.0017714129,-0.1900686789304018,19,86,851,1,2,18,74.39888,922.5773,0.0,-4.2549999999999315,0.0,-22.346562385559082,0.3753582676872611,0.07996401935815811,-105.68228912353516,0.0003
1723,583570,1001.2734,14,1.2733765,1.2733765,0.067019776,0.05,0,0.0,True,-0.12733765,-0.001382197,-0.2628337718217611,157,87,860,0,0,14,0.0,990.6785,0.0,-4.2999999999999305,0.0,-22.418845176696777,0.040498949121683836,0.07996401935815811,-105.94477844238281,0.0003
1724,584171,990.6056,31,-9.394409,-9.394409,0.47449982,0.05,0,0.0,True,0.9394409,-0.003444715,-0.3255158039182424,25,16,51,1,6,25,139.21667,1264.5387,-2.5990567,-0.2550000000000001,0.0,-22.33671474456787,0.09089875500649214,0.07996403612196445,-105.49194526672363,0.0003
1725,584738,884.97754,51,-115.02246,-115.02246,1.1890751,0.05,0,0.0,True,11.502246,-0.018119544,-0.6631902219473125,385,32,428,0,12,39,440.59442,2267.433,-27.69342,-2.1399999999999766,0.0,-22.380964756011963,0.12036946509033442,0.07996405474841595,-105.2485294342041,0.0003
1726,585262,943.19824,68,-56.801758,-56.801758,1.7455385,0.05,0,0.0,True,5.680176,-0.012737348,-0.4550442529189593,149,1,107,0,19,49,296.70508,1520.9187,-7.148914,-0.5350000000000004,0.0,-22.38339376449585,0.06199231091886759,0.07996401935815811,-105.89445686340332,0.0003
1727,585770,1003.06274,5,3.0627441,3.0627441,0.18869826,0.05,0,0.0,True,-0.3062744,-0.00059728115,-0.11447875111062618,9,35,29,1,0,5,0.0,1001.98926,0.0,-0.14500000000000005,0.0,-22.410979747772217,0.04584673955105245,0.07996398955583572,-105.824462890625,0.0003
1728,586360,1006.2923,19,6.2922974,6.2922974,1.0908033,0.05,0,0.0,True,-0.6292297,-0.0031261276,-0.3575573811461056,52,12,115,0,3,16,20.165527,1106.7238,-1.4295129,-0.5750000000000004,0.0,-22.31136178970337,0.15060893632471561,0.07996401935815811,-105.6134090423584,0.0003
1729,586894,1009.02795,17,9.027954,9.027954,0.51556164,0.05,0,0.0,True,-0.90279543,-0.0035946595,-0.30781440660357473,422,89,747,0,3,14,42.335335,1005.09607,-0.76768374,-3.7349999999999426,0.0,-22.34409999847412,0.43900299444794655,0.07996398955583572,-106.00398826599121,0.0003
1730,587417,979.4791,70,-20.520874,-20.520874,0.4168443,0.05,0,0.0,True,2.0520873,-0.0077592903,-0.4397881566733122,310,39,266,0,15,55,179.15692,1690.7784,-8.792357,-1.3299999999999936,0.0,-22.41643238067627,0.05180810671299696,0.07996400259435177,-106.02921295166016,0.0003
1731,587948,999.404,9,-0.5960083,-0.5960083,0.03033992065746454,0.05,0,0.0,True,0.059600834,-0.0012926434,-0.163317128500167,11,111,1715,1,0,9,0.0,1039.3799,0.0,-8.57499999999994,0.0,-22.415409564971924,0.155159093439579,0.07996398955583572,-106.07258605957031,0.0003
1732,588481,971.3905,52,-28.609497,-28.609497,0.35849354,0.05,0,0.0,True,2.8609498,-0.0063310727,-0.49990369886159886,53,70,261,1,17,35,303.77167,1517.5237,-4.642919,-1.3049999999999942,0.0,-22.330004692077637,0.41378348879516125,0.07996403239667416,-105.8747673034668,0.0003
1733,589079,972.3719,15,-27.628113,-27.628113,0.05048524,0.05,0,0.0,True,2.7628112,-0.004071772,-0.24534980264718761,436,66,1107,1,0,15,0.0,979.85675,0.0,-5.534999999999904,0.0,-22.36252450942993,0.23739610658958554,0.07996398955583572,-105.88134765625,0.0003
1734,589626,1012.57733,29,12.577332,12.577332,1.5264211,0.05,0,0.0,True,-1.2577331,-0.0075666565,-0.5352017430332577,179,26,232,0,3,26,28.429916,1081.0569,-2.904401,-1.1599999999999973,0.0,-22.367775917053223,0.18651926796883345,0.07996398955583572,-106.01147270202637,0.0003
1735,590202,994.3072,21,-5.69281,-5.69281,0.3612769,0.05,0,0.0,True,0.56928104,-0.0011623726,-0.2921076701515743,23,85,128,1,3,18,49.867226,1148.7959,-0.72422934,-0.6400000000000005,0.0,-22.357114791870117,0.03736418765038252,0.07996401935815811,-105.79751586914062,0.0003
1736,590791,989.89856,12,-10.10144,-10.10144,0.037783343,0.05,0,0.0,True,1.010144,-0.001063077,-0.20391826820685696,38,174,1430,0,0,12,0.0,1070.7299,0.0,-7.14999999999987,0.0,-22.399577140808105,0.1592527744360268,0.07996402680873871,-105.90431785583496,0.0003
1737,591346,998.4886,10,-1.5114136,-1.5114136,0.07183865,0.05,0,0.0,True,0.15114136,-0.00076930923,-0.22326640877441473,48,30,203,1,1,9,39.317444,953.1005,0.0,-1.0150000000000003,0.0,-22.373997688293457,0.15622144006192684,0.07996401935815811,-105.85512924194336,0.0003
1738,591533,986.1567,30,-13.843323,-13.843323,0.024310755,0.05,0,0.0,True,1.3843323,-0.0039699334,-0.232590337590756,39,11,290,1,2,28,98.101204,1138.3958,-5.9201474,-1.449999999999991,0.0,-22.296751976013184,0.3103458322584629,0.07996401935815811,-106.01303672790527,0.0003
1739,592051,986.88275,26,-13.117249,-13.117249,0.073944,0.05,0,0.0,True,1.3117248,-0.008190122,-0.3360845789479445,69,17,301,1,8,18,199.13614,1118.5447,-6.586017,-1.50499999999999,0.0,-22.32336950302124,0.09870361164212227,0.07996400259435177,-105.68903160095215,0.0003
1740,592606,1000.4629,15,0.46289062,0.46289062,0.11356999,0.05,0,0.0,True,-0.046289064,-0.003268456,-0.28012408190611093,19,46,510,0,0,15,0.0,995.84094,0.0,-2.549999999999968,0.0,-22.39345407485962,0.05665300600230694,0.07996403053402901,-106.03948402404785,0.0003
1741,593141,994.80383,16,-5.196167,-5.196167,0.055905968,0.05,0,0.0,True,0.5196167,-0.0015403694,-0.2859447397343938,59,101,170,1,0,16,0.0,1029.0939,0.0,-0.8500000000000006,0.0,-22.40171194076538,0.2268106136471033,0.07996401935815811,-105.76992797851562,0.0003
1742,593653,977.98395,16,-22.016052,-22.016052,0.047835488,0.05,0,0.0,True,2.2016053,-0.0013066771,-0.18125699053785888,7,54,25,1,3,13,18.968987,983.16406,0.0,-0.12500000000000003,0.0,-22.290266036987305,0.1283653825521469,0.07996398955583572,-105.82707023620605,0.0003
1743,594189,1013.62976,20,13.629761,13.629761,0.7706927,0.05,0,0.0,True,-1.3629761,-0.004908271,-0.30696295229079706,28,57,142,0,0,20,0.0,1005.1615,0.0,-0.7100000000000005,0.0,-22.3674259185791,0.3870816342532635,0.07996401377022266,-105.92247009277344,0.0003
1744,594691,965.37354,12,-34.626465,-34.626465,0.0007357313,0.05,0,0.0,True,3.4626465,-0.0025750466,-0.2448209304706801,49,260,96,1,0,12,0.0,994.566,0.0,-0.4800000000000003,0.0,-22.40487813949585,0.08662468008697033,0.07996401935815811,-105.80399131774902,0.0003
1745,595202,991.1749,15,-8.825073,-8.825073,0.09246591,0.05,0,0.0,True,0.8825073,-0.0037221676,-0.20403018645942214,16,105,131,1,1,14,47.351807,1101.9756,-2.0410292,-0.6550000000000005,0.0,-22.39862585067749,0.42663130443543196,0.07996401935815811,-105.93531608581543,0.0003
1746,595383,946.55566,19,-53.444336,-53.444336,0.7599566,0.05,0,0.0,True,5.344434,-0.0025929683,-0.2741223191755444,31,73,35,0,0,19,0.0,1037.6682,0.0,-0.17500000000000007,0.0,-22.389801502227783,0.06753462692722678,0.07996400259435177,-106.01190185546875,0.0003
1747,595914,994.4542,15,-5.5457764,-5.5457764,0.100989446,0.05,0,0.0,True,0.55457765,-0.0018405528,-0.15648329235613348,10,47,386,1,0,15,0.0,1061.7601,0.0,-1.9299999999999808,0.0,-22.445268630981445,0.0480227735824883,0.07996400818228722,-105.96980094909668,0.0003
1748,596448,998.1488888674869,9,-1.851111132513097,-1.851111132513097,0.2052554950238583,0.05,0,0.0,True,0.1851111132513097,-0.000613051382018541,-0.2581737133103554,187,133,249,0,0,9,0.0,990.8692992,0.0,-1.2449999999999954,0.0,-22.367728233337402,0.19081554654985666,0.07996399700641632,-105.84472465515137,0.0003
1749,596941,919.12,12,-80.880005,-80.880005,0.078910924,0.05,0,0.0,True,8.088,-0.013342405,-0.15995124496519567,11,133,2028,0,0,12,0.0,1155.0956,0.0,-10.140000000000185,0.0,-22.38100242614746,0.23922556824982166,0.07996408641338348,-105.82065963745117,0.0003
1750,598636,968.1469,16,-31.853088,-31.853088,0.05533105,0.05,0,0.0,True,3.1853087,-0.0026157685,-0.2567745522346424,536,28,2801,1,2,14,61.83746,943.9554,-0.070442446,-14.00500000000079,0.0,-22.314557552337646,0.7076708693057299,0.07996399328112602,-105.81216621398926,0.0003
